serie,fecha,valor
IPC_MENSUAL,2016-01-31,4.1
IPC_MENSUAL,2016-02-29,2.7
IPC_MENSUAL,2016-03-31,3.0
IPC_MENSUAL,2016-04-30,3.4
IPC_MENSUAL,2016-05-31,4.2
IPC_MENSUAL,2016-06-30,3.1
IPC_MENSUAL,2016-07-31,2.0
IPC_MENSUAL,2016-08-31,0.2
IPC_MENSUAL,2016-09-30,1.1
IPC_MENSUAL,2016-10-31,2.4
IPC_MENSUAL,2016-11-30,1.6
IPC_MENSUAL,2016-12-31,1.2
IPC_MENSUAL,2017-01-31,1.3
IPC_MENSUAL,2017-02-28,2.5
IPC_MENSUAL,2017-03-31,2.4
IPC_MENSUAL,2017-04-30,2.6
IPC_MENSUAL,2017-05-31,1.3
IPC_MENSUAL,2017-06-30,1.2
IPC_MENSUAL,2017-07-31,1.7
IPC_MENSUAL,2017-08-31,1.4
IPC_MENSUAL,2017-09-30,1.9
IPC_MENSUAL,2017-10-31,1.5
IPC_MENSUAL,2017-11-30,1.4
IPC_MENSUAL,2017-12-31,3.1
IPC_MENSUAL,2018-01-31,1.8
IPC_MENSUAL,2018-02-28,2.4
IPC_MENSUAL,2018-03-31,2.3
IPC_MENSUAL,2018-04-30,2.7
IPC_MENSUAL,2018-05-31,2.1
IPC_MENSUAL,2018-06-30,3.7
IPC_MENSUAL,2018-07-31,3.1
IPC_MENSUAL,2018-08-31,3.9
IPC_MENSUAL,2018-09-30,6.5
IPC_MENSUAL,2018-10-31,5.4
IPC_MENSUAL,2018-11-30,3.2
IPC_MENSUAL,2018-12-31,2.6
IPC_MENSUAL,2019-01-31,2.9
IPC_MENSUAL,2019-02-28,3.8
IPC_MENSUAL,2019-03-31,4.7
IPC_MENSUAL,2019-04-30,3.4
IPC_MENSUAL,2019-05-31,3.1
IPC_MENSUAL,2019-06-30,2.7
IPC_MENSUAL,2019-07-31,2.2
IPC_MENSUAL,2019-08-31,4.0
IPC_MENSUAL,2019-09-30,5.9
IPC_MENSUAL,2019-10-31,3.3
IPC_MENSUAL,2019-11-30,4.3
IPC_MENSUAL,2019-12-31,3.7
IPC_MENSUAL,2020-01-31,2.3
IPC_MENSUAL,2020-02-29,2.0
IPC_MENSUAL,2020-03-31,3.3
IPC_MENSUAL,2020-04-30,1.5
IPC_MENSUAL,2020-05-31,1.5
IPC_MENSUAL,2020-06-30,2.2
IPC_MENSUAL,2020-07-31,1.9
IPC_MENSUAL,2020-08-31,2.7
IPC_MENSUAL,2020-09-30,2.8
IPC_MENSUAL,2020-10-31,3.8
IPC_MENSUAL,2020-11-30,3.2
IPC_MENSUAL,2020-12-31,4.0
IPC_MENSUAL,2021-01-31,4.0
IPC_MENSUAL,2021-02-28,3.6
IPC_MENSUAL,2021-03-31,4.8
IPC_MENSUAL,2021-04-30,4.1
IPC_MENSUAL,2021-05-31,3.3
IPC_MENSUAL,2021-06-30,3.2
IPC_MENSUAL,2021-07-31,3.0
IPC_MENSUAL,2021-08-31,2.5
IPC_MENSUAL,2021-09-30,3.5
IPC_MENSUAL,2021-10-31,3.5
IPC_MENSUAL,2021-11-30,2.5
IPC_MENSUAL,2021-12-31,3.8
IPC_MENSUAL,2022-01-31,3.9
IPC_MENSUAL,2022-02-28,4.7
IPC_MENSUAL,2022-03-31,6.7
IPC_MENSUAL,2022-04-30,6.0
IPC_MENSUAL,2022-05-31,5.1
IPC_MENSUAL,2022-06-30,5.3
IPC_MENSUAL,2022-07-31,7.4
IPC_MENSUAL,2022-08-31,7.0
IPC_MENSUAL,2022-09-30,6.2
IPC_MENSUAL,2022-10-31,6.3
IPC_MENSUAL,2022-11-30,4.9
IPC_MENSUAL,2022-12-31,5.1
IPC_MENSUAL,2023-01-31,6.0
IPC_MENSUAL,2023-02-28,6.6
IPC_MENSUAL,2023-03-31,7.7
IPC_MENSUAL,2023-04-30,8.4
IPC_MENSUAL,2023-05-31,7.8
IPC_MENSUAL,2023-06-30,6.0
IPC_MENSUAL,2023-07-31,6.3
IPC_MENSUAL,2023-08-31,12.4
IPC_MENSUAL,2023-09-30,12.7
IPC_MENSUAL,2023-10-31,8.3
IPC_MENSUAL,2023-11-30,12.8
IPC_MENSUAL,2023-12-31,25.5
IPC_MENSUAL,2024-01-31,20.6
IPC_MENSUAL,2024-02-29,13.2
IPC_MENSUAL,2024-03-31,11.0
IPC_MENSUAL,2024-04-30,8.8
IPC_MENSUAL,2024-05-31,4.2
IPC_MENSUAL,2024-06-30,4.6
IPC_MENSUAL,2024-07-31,4.0
IPC_MENSUAL,2024-08-31,4.2
IPC_MENSUAL,2024-09-30,3.5
IPC_MENSUAL,2024-10-31,2.7
IPC_MENSUAL,2024-11-30,2.4
IPC_MENSUAL,2024-12-31,2.7
IPC_MENSUAL,2025-01-31,2.2
IPC_MENSUAL,2025-02-28,2.4
IPC_MENSUAL,2025-03-31,3.7
IPC_MENSUAL,2025-04-30,2.8
IPC_MENSUAL,2025-05-31,1.5
IPC_MENSUAL,2025-06-30,1.6
IPC_MENSUAL,2025-07-31,1.9
IPC_MENSUAL,2025-08-31,1.9
IPC_MENSUAL,2025-09-30,2.1
IPC_MENSUAL,2025-10-31,2.3
IPC_MENSUAL,2025-11-30,2.5
IPC_MENSUAL,2025-12-31,2.8
IPC_MENSUAL,2026-01-31,2.9
IPC_MENSUAL,2026-02-28,2.9
IPC_MENSUAL,2026-03-31,3.4
IPC_MENSUAL,2026-04-30,2.6
IPC_MENSUAL,2026-05-31,2.1
IPC_MENSUAL,2026-06-30,1.9
IPC_MENSUAL,2026-07-31,2.1
IPC_MENSUAL,2026-08-31,1.7
IPC_INTERANUAL,2016-01-31,22.0
IPC_INTERANUAL,2016-02-29,24.2
IPC_INTERANUAL,2016-03-31,26.2
IPC_INTERANUAL,2016-04-30,29.0
IPC_INTERANUAL,2016-05-31,33.1
IPC_INTERANUAL,2016-06-30,35.8
IPC_INTERANUAL,2016-07-31,36.8
IPC_INTERANUAL,2016-08-31,35.5
IPC_INTERANUAL,2016-09-30,35.5
IPC_INTERANUAL,2016-10-31,37.1
IPC_INTERANUAL,2016-11-30,36.7
IPC_INTERANUAL,2016-12-31,33.1
IPC_INTERANUAL,2017-01-31,29.9
IPC_INTERANUAL,2017-02-28,29.1
IPC_INTERANUAL,2017-03-31,28.3
IPC_INTERANUAL,2017-04-30,27.4
IPC_INTERANUAL,2017-05-31,24.0
IPC_INTERANUAL,2017-06-30,21.8
IPC_INTERANUAL,2017-07-31,21.4
IPC_INTERANUAL,2017-08-31,22.8
IPC_INTERANUAL,2017-09-30,23.8
IPC_INTERANUAL,2017-10-31,22.7
IPC_INTERANUAL,2017-11-30,22.4
IPC_INTERANUAL,2017-12-31,24.8
IPC_INTERANUAL,2018-01-31,25.0
IPC_INTERANUAL,2018-02-28,25.4
IPC_INTERANUAL,2018-03-31,25.4
IPC_INTERANUAL,2018-04-30,25.5
IPC_INTERANUAL,2018-05-31,26.3
IPC_INTERANUAL,2018-06-30,29.5
IPC_INTERANUAL,2018-07-31,31.2
IPC_INTERANUAL,2018-08-31,34.4
IPC_INTERANUAL,2018-09-30,40.5
IPC_INTERANUAL,2018-10-31,45.9
IPC_INTERANUAL,2018-11-30,48.5
IPC_INTERANUAL,2018-12-31,47.6
IPC_INTERANUAL,2019-01-31,49.3
IPC_INTERANUAL,2019-02-28,51.3
IPC_INTERANUAL,2019-03-31,54.7
IPC_INTERANUAL,2019-04-30,55.8
IPC_INTERANUAL,2019-05-31,57.3
IPC_INTERANUAL,2019-06-30,55.8
IPC_INTERANUAL,2019-07-31,54.4
IPC_INTERANUAL,2019-08-31,54.5
IPC_INTERANUAL,2019-09-30,53.5
IPC_INTERANUAL,2019-10-31,50.5
IPC_INTERANUAL,2019-11-30,52.1
IPC_INTERANUAL,2019-12-31,53.8
IPC_INTERANUAL,2020-01-31,52.9
IPC_INTERANUAL,2020-02-29,50.3
IPC_INTERANUAL,2020-03-31,48.4
IPC_INTERANUAL,2020-04-30,45.6
IPC_INTERANUAL,2020-05-31,43.4
IPC_INTERANUAL,2020-06-30,42.8
IPC_INTERANUAL,2020-07-31,42.4
IPC_INTERANUAL,2020-08-31,40.7
IPC_INTERANUAL,2020-09-30,36.6
IPC_INTERANUAL,2020-10-31,37.2
IPC_INTERANUAL,2020-11-30,35.8
IPC_INTERANUAL,2020-12-31,36.1
IPC_INTERANUAL,2021-01-31,38.5
IPC_INTERANUAL,2021-02-28,40.7
IPC_INTERANUAL,2021-03-31,42.6
IPC_INTERANUAL,2021-04-30,46.3
IPC_INTERANUAL,2021-05-31,48.8
IPC_INTERANUAL,2021-06-30,50.2
IPC_INTERANUAL,2021-07-31,51.8
IPC_INTERANUAL,2021-08-31,51.4
IPC_INTERANUAL,2021-09-30,52.5
IPC_INTERANUAL,2021-10-31,52.1
IPC_INTERANUAL,2021-11-30,51.2
IPC_INTERANUAL,2021-12-31,50.9
IPC_INTERANUAL,2022-01-31,50.7
IPC_INTERANUAL,2022-02-28,52.3
IPC_INTERANUAL,2022-03-31,55.1
IPC_INTERANUAL,2022-04-30,58.0
IPC_INTERANUAL,2022-05-31,60.7
IPC_INTERANUAL,2022-06-30,64.0
IPC_INTERANUAL,2022-07-31,71.0
IPC_INTERANUAL,2022-08-31,78.5
IPC_INTERANUAL,2022-09-30,83.0
IPC_INTERANUAL,2022-10-31,88.0
IPC_INTERANUAL,2022-11-30,92.4
IPC_INTERANUAL,2022-12-31,94.8
IPC_INTERANUAL,2023-01-31,98.8
IPC_INTERANUAL,2023-02-28,102.5
IPC_INTERANUAL,2023-03-31,104.3
IPC_INTERANUAL,2023-04-30,108.8
IPC_INTERANUAL,2023-05-31,114.2
IPC_INTERANUAL,2023-06-30,115.6
IPC_INTERANUAL,2023-07-31,113.4
IPC_INTERANUAL,2023-08-31,124.4
IPC_INTERANUAL,2023-09-30,138.3
IPC_INTERANUAL,2023-10-31,142.7
IPC_INTERANUAL,2023-11-30,160.9
IPC_INTERANUAL,2023-12-31,211.4
IPC_INTERANUAL,2024-01-31,254.2
IPC_INTERANUAL,2024-02-29,276.2
IPC_INTERANUAL,2024-03-31,287.9
IPC_INTERANUAL,2024-04-30,289.4
IPC_INTERANUAL,2024-05-31,276.4
IPC_INTERANUAL,2024-06-30,271.5
IPC_INTERANUAL,2024-07-31,263.4
IPC_INTERANUAL,2024-08-31,236.7
IPC_INTERANUAL,2024-09-30,209.0
IPC_INTERANUAL,2024-10-31,193.0
IPC_INTERANUAL,2024-11-30,166.0
IPC_INTERANUAL,2024-12-31,117.8
IPC_INTERANUAL,2025-01-31,84.5
IPC_INTERANUAL,2025-02-28,66.9
IPC_INTERANUAL,2025-03-31,55.9
IPC_INTERANUAL,2025-04-30,47.3
IPC_INTERANUAL,2025-05-31,43.5
IPC_INTERANUAL,2025-06-30,39.4
IPC_INTERANUAL,2025-07-31,36.6
IPC_INTERANUAL,2025-08-31,33.6
IPC_INTERANUAL,2025-09-30,31.8
IPC_INTERANUAL,2025-10-31,31.3
IPC_INTERANUAL,2025-11-30,31.4
IPC_INTERANUAL,2025-12-31,31.5
IPC_INTERANUAL,2026-01-31,32.4
IPC_INTERANUAL,2026-02-28,33.1
IPC_INTERANUAL,2026-03-31,32.6
IPC_INTERANUAL,2026-04-30,32.4
IPC_INTERANUAL,2026-05-31,33.2
IPC_INTERANUAL,2026-06-30,33.5
IPC_INTERANUAL,2026-07-31,33.8
IPC_INTERANUAL,2026-08-31,33.5
TC_MAYORISTA,2016-01-04,13.0692
TC_MAYORISTA,2016-01-05,13.455
TC_MAYORISTA,2016-01-06,13.835
TC_MAYORISTA,2016-01-07,13.9413
TC_MAYORISTA,2016-01-08,13.865
TC_MAYORISTA,2016-01-11,13.8725
TC_MAYORISTA,2016-01-12,13.5833
TC_MAYORISTA,2016-01-13,13.56
TC_MAYORISTA,2016-01-14,13.46
TC_MAYORISTA,2016-01-15,13.4367
TC_MAYORISTA,2016-01-18,13.5117
TC_MAYORISTA,2016-01-19,13.4867
TC_MAYORISTA,2016-01-20,13.4467
TC_MAYORISTA,2016-01-21,13.5533
TC_MAYORISTA,2016-01-22,13.715
TC_MAYORISTA,2016-01-25,13.7832
TC_MAYORISTA,2016-01-26,13.8378
TC_MAYORISTA,2016-01-27,13.8912
TC_MAYORISTA,2016-01-28,13.8892
TC_MAYORISTA,2016-01-29,13.904
TC_MAYORISTA,2016-02-01,14.0883
TC_MAYORISTA,2016-02-02,14.1367
TC_MAYORISTA,2016-02-03,14.1433
TC_MAYORISTA,2016-02-04,14.1862
TC_MAYORISTA,2016-02-05,14.3142
TC_MAYORISTA,2016-02-10,14.4717
TC_MAYORISTA,2016-02-11,14.5592
TC_MAYORISTA,2016-02-12,14.7298
TC_MAYORISTA,2016-02-15,14.7733
TC_MAYORISTA,2016-02-16,14.8498
TC_MAYORISTA,2016-02-17,14.9142
TC_MAYORISTA,2016-02-18,15.0333
TC_MAYORISTA,2016-02-19,15.0283
TC_MAYORISTA,2016-02-22,15.09
TC_MAYORISTA,2016-02-23,15.42
TC_MAYORISTA,2016-02-24,15.3483
TC_MAYORISTA,2016-02-25,15.3708
TC_MAYORISTA,2016-02-26,15.435
TC_MAYORISTA,2016-02-29,15.5842
TC_MAYORISTA,2016-03-01,15.9192
TC_MAYORISTA,2016-03-02,15.6852
TC_MAYORISTA,2016-03-03,15.445
TC_MAYORISTA,2016-03-04,15.195
TC_MAYORISTA,2016-03-07,15.3442
TC_MAYORISTA,2016-03-08,15.4392
TC_MAYORISTA,2016-03-09,15.3633
TC_MAYORISTA,2016-03-10,15.3403
TC_MAYORISTA,2016-03-11,15.1183
TC_MAYORISTA,2016-03-14,14.8017
TC_MAYORISTA,2016-03-15,14.6083
TC_MAYORISTA,2016-03-16,14.5093
TC_MAYORISTA,2016-03-17,14.6273
TC_MAYORISTA,2016-03-18,14.8217
TC_MAYORISTA,2016-03-21,14.5808
TC_MAYORISTA,2016-03-22,14.2458
TC_MAYORISTA,2016-03-23,14.426
TC_MAYORISTA,2016-03-28,14.6383
TC_MAYORISTA,2016-03-29,14.884
TC_MAYORISTA,2016-03-30,14.6167
TC_MAYORISTA,2016-03-31,14.5817
TC_MAYORISTA,2016-04-01,14.7033
TC_MAYORISTA,2016-04-04,14.7792
TC_MAYORISTA,2016-04-05,14.6817
TC_MAYORISTA,2016-04-06,14.6913
TC_MAYORISTA,2016-04-07,14.525
TC_MAYORISTA,2016-04-08,14.43
TC_MAYORISTA,2016-04-11,14.51
TC_MAYORISTA,2016-04-12,14.54
TC_MAYORISTA,2016-04-13,14.4242
TC_MAYORISTA,2016-04-14,14.3683
TC_MAYORISTA,2016-04-15,14.295
TC_MAYORISTA,2016-04-18,14.14
TC_MAYORISTA,2016-04-19,14.1418
TC_MAYORISTA,2016-04-20,14.2425
TC_MAYORISTA,2016-04-21,14.36
TC_MAYORISTA,2016-04-22,14.4558
TC_MAYORISTA,2016-04-25,14.3308
TC_MAYORISTA,2016-04-26,14.3122
TC_MAYORISTA,2016-04-27,14.2408
TC_MAYORISTA,2016-04-28,14.1702
TC_MAYORISTA,2016-04-29,14.2582
TC_MAYORISTA,2016-05-02,14.2617
TC_MAYORISTA,2016-05-03,14.2098
TC_MAYORISTA,2016-05-04,14.2133
TC_MAYORISTA,2016-05-05,14.2535
TC_MAYORISTA,2016-05-06,14.2355
TC_MAYORISTA,2016-05-09,14.2242
TC_MAYORISTA,2016-05-10,14.2312
TC_MAYORISTA,2016-05-11,14.222
TC_MAYORISTA,2016-05-12,14.1987
TC_MAYORISTA,2016-05-13,14.1622
TC_MAYORISTA,2016-05-16,14.1498
TC_MAYORISTA,2016-05-17,14.1318
TC_MAYORISTA,2016-05-18,14.1108
TC_MAYORISTA,2016-05-19,14.1222
TC_MAYORISTA,2016-05-20,14.0803
TC_MAYORISTA,2016-05-23,14.0117
TC_MAYORISTA,2016-05-24,14.0233
TC_MAYORISTA,2016-05-26,14.0875
TC_MAYORISTA,2016-05-27,13.9867
TC_MAYORISTA,2016-05-30,13.9633
TC_MAYORISTA,2016-05-31,14.0127
TC_MAYORISTA,2016-06-01,13.9537
TC_MAYORISTA,2016-06-02,13.9343
TC_MAYORISTA,2016-06-03,13.8783
TC_MAYORISTA,2016-06-06,13.7773
TC_MAYORISTA,2016-06-07,13.8042
TC_MAYORISTA,2016-06-08,13.835
TC_MAYORISTA,2016-06-09,13.8498
TC_MAYORISTA,2016-06-10,13.8197
TC_MAYORISTA,2016-06-13,13.7983
TC_MAYORISTA,2016-06-14,13.7725
TC_MAYORISTA,2016-06-15,13.7568
TC_MAYORISTA,2016-06-16,13.7935
TC_MAYORISTA,2016-06-21,13.8783
TC_MAYORISTA,2016-06-22,14.0253
TC_MAYORISTA,2016-06-23,14.1908
TC_MAYORISTA,2016-06-24,14.8365
TC_MAYORISTA,2016-06-27,15.0302
TC_MAYORISTA,2016-06-28,15.0563
TC_MAYORISTA,2016-06-29,14.9042
TC_MAYORISTA,2016-06-30,14.92
TC_MAYORISTA,2016-07-01,15.119
TC_MAYORISTA,2016-07-04,15.0675
TC_MAYORISTA,2016-07-05,15.0187
TC_MAYORISTA,2016-07-06,14.755
TC_MAYORISTA,2016-07-07,14.6925
TC_MAYORISTA,2016-07-11,14.71
TC_MAYORISTA,2016-07-12,14.5992
TC_MAYORISTA,2016-07-13,14.5718
TC_MAYORISTA,2016-07-14,14.6203
TC_MAYORISTA,2016-07-15,14.8583
TC_MAYORISTA,2016-07-18,15.0557
TC_MAYORISTA,2016-07-19,15.1933
TC_MAYORISTA,2016-07-20,14.9967
TC_MAYORISTA,2016-07-21,15.0425
TC_MAYORISTA,2016-07-22,14.9517
TC_MAYORISTA,2016-07-25,14.9267
TC_MAYORISTA,2016-07-26,14.9583
TC_MAYORISTA,2016-07-27,14.9783
TC_MAYORISTA,2016-07-28,15.0275
TC_MAYORISTA,2016-07-29,15.0447
TC_MAYORISTA,2016-08-01,14.9858
TC_MAYORISTA,2016-08-02,14.8542
TC_MAYORISTA,2016-08-03,14.8675
TC_MAYORISTA,2016-08-04,14.8812
TC_MAYORISTA,2016-08-05,14.8483
TC_MAYORISTA,2016-08-08,14.7908
TC_MAYORISTA,2016-08-09,14.7675
TC_MAYORISTA,2016-08-10,14.7472
TC_MAYORISTA,2016-08-11,14.6583
TC_MAYORISTA,2016-08-12,14.6525
TC_MAYORISTA,2016-08-16,14.6702
TC_MAYORISTA,2016-08-17,14.6975
TC_MAYORISTA,2016-08-18,14.8525
TC_MAYORISTA,2016-08-19,14.9425
TC_MAYORISTA,2016-08-22,14.8995
TC_MAYORISTA,2016-08-23,14.8325
TC_MAYORISTA,2016-08-24,14.8747
TC_MAYORISTA,2016-08-25,14.8837
TC_MAYORISTA,2016-08-26,14.929
TC_MAYORISTA,2016-08-29,15.0608
TC_MAYORISTA,2016-08-30,15.0988
TC_MAYORISTA,2016-08-31,14.9008
TC_MAYORISTA,2016-09-01,14.8843
TC_MAYORISTA,2016-09-02,14.9
TC_MAYORISTA,2016-09-05,14.995
TC_MAYORISTA,2016-09-06,15.0067
TC_MAYORISTA,2016-09-07,15.025
TC_MAYORISTA,2016-09-08,15.0665
TC_MAYORISTA,2016-09-09,15.0577
TC_MAYORISTA,2016-09-12,14.9887
TC_MAYORISTA,2016-09-13,14.9125
TC_MAYORISTA,2016-09-14,15.0275
TC_MAYORISTA,2016-09-15,15.0402
TC_MAYORISTA,2016-09-16,15.0892
TC_MAYORISTA,2016-09-19,15.1508
TC_MAYORISTA,2016-09-20,15.1617
TC_MAYORISTA,2016-09-21,15.1365
TC_MAYORISTA,2016-09-22,15.1682
TC_MAYORISTA,2016-09-23,15.1607
TC_MAYORISTA,2016-09-26,15.2067
TC_MAYORISTA,2016-09-27,15.2677
TC_MAYORISTA,2016-09-28,15.305
TC_MAYORISTA,2016-09-29,15.4023
TC_MAYORISTA,2016-09-30,15.2633
TC_MAYORISTA,2016-10-03,15.225
TC_MAYORISTA,2016-10-04,15.18
TC_MAYORISTA,2016-10-05,15.1825
TC_MAYORISTA,2016-10-06,15.2232
TC_MAYORISTA,2016-10-07,15.2092
TC_MAYORISTA,2016-10-11,15.1862
TC_MAYORISTA,2016-10-12,15.1522
TC_MAYORISTA,2016-10-13,15.1152
TC_MAYORISTA,2016-10-14,15.1217
TC_MAYORISTA,2016-10-17,15.21
TC_MAYORISTA,2016-10-18,15.2015
TC_MAYORISTA,2016-10-19,15.2065
TC_MAYORISTA,2016-10-20,15.1817
TC_MAYORISTA,2016-10-21,15.1503
TC_MAYORISTA,2016-10-24,15.1183
TC_MAYORISTA,2016-10-25,15.1922
TC_MAYORISTA,2016-10-26,15.2242
TC_MAYORISTA,2016-10-27,15.1797
TC_MAYORISTA,2016-10-28,15.1858
TC_MAYORISTA,2016-10-31,15.1745
TC_MAYORISTA,2016-11-01,15.1252
TC_MAYORISTA,2016-11-02,15.0842
TC_MAYORISTA,2016-11-03,15.125
TC_MAYORISTA,2016-11-04,15.0745
TC_MAYORISTA,2016-11-07,15.0367
TC_MAYORISTA,2016-11-08,15.0393
TC_MAYORISTA,2016-11-09,15.02
TC_MAYORISTA,2016-11-10,15.0183
TC_MAYORISTA,2016-11-11,15.2217
TC_MAYORISTA,2016-11-14,15.5308
TC_MAYORISTA,2016-11-15,15.5417
TC_MAYORISTA,2016-11-16,15.55
TC_MAYORISTA,2016-11-17,15.4735
TC_MAYORISTA,2016-11-18,15.4817
TC_MAYORISTA,2016-11-21,15.399
TC_MAYORISTA,2016-11-22,15.406
TC_MAYORISTA,2016-11-23,15.531
TC_MAYORISTA,2016-11-24,15.53
TC_MAYORISTA,2016-11-25,15.535
TC_MAYORISTA,2016-11-29,15.5702
TC_MAYORISTA,2016-11-30,15.8442
TC_MAYORISTA,2016-12-01,15.874
TC_MAYORISTA,2016-12-02,15.877
TC_MAYORISTA,2016-12-05,15.9397
TC_MAYORISTA,2016-12-06,15.8683
TC_MAYORISTA,2016-12-07,15.958
TC_MAYORISTA,2016-12-12,16.0392
TC_MAYORISTA,2016-12-13,16.0183
TC_MAYORISTA,2016-12-14,15.9133
TC_MAYORISTA,2016-12-15,15.9992
TC_MAYORISTA,2016-12-16,15.9523
TC_MAYORISTA,2016-12-19,15.8567
TC_MAYORISTA,2016-12-20,15.8273
TC_MAYORISTA,2016-12-21,15.8648
TC_MAYORISTA,2016-12-22,15.7733
TC_MAYORISTA,2016-12-23,15.5993
TC_MAYORISTA,2016-12-26,15.5525
TC_MAYORISTA,2016-12-27,15.5225
TC_MAYORISTA,2016-12-28,15.5725
TC_MAYORISTA,2016-12-29,15.7333
TC_MAYORISTA,2016-12-30,15.8502
TC_MAYORISTA,2017-01-02,15.9192
TC_MAYORISTA,2017-01-03,15.8955
TC_MAYORISTA,2017-01-04,16.0533
TC_MAYORISTA,2017-01-05,15.9942
TC_MAYORISTA,2017-01-06,15.8535
TC_MAYORISTA,2017-01-09,15.8083
TC_MAYORISTA,2017-01-10,15.8677
TC_MAYORISTA,2017-01-11,15.8575
TC_MAYORISTA,2017-01-12,15.8208
TC_MAYORISTA,2017-01-13,15.843
TC_MAYORISTA,2017-01-16,15.8695
TC_MAYORISTA,2017-01-17,15.8827
TC_MAYORISTA,2017-01-18,15.9517
TC_MAYORISTA,2017-01-19,15.9783
TC_MAYORISTA,2017-01-20,15.8567
TC_MAYORISTA,2017-01-23,15.9218
TC_MAYORISTA,2017-01-24,15.9558
TC_MAYORISTA,2017-01-25,15.9312
TC_MAYORISTA,2017-01-26,15.9448
TC_MAYORISTA,2017-01-27,15.8908
TC_MAYORISTA,2017-01-30,15.935
TC_MAYORISTA,2017-01-31,15.9117
TC_MAYORISTA,2017-02-01,15.835
TC_MAYORISTA,2017-02-02,15.7235
TC_MAYORISTA,2017-02-03,15.6542
TC_MAYORISTA,2017-02-06,15.6175
TC_MAYORISTA,2017-02-07,15.7212
TC_MAYORISTA,2017-02-08,15.685
TC_MAYORISTA,2017-02-09,15.6325
TC_MAYORISTA,2017-02-10,15.5483
TC_MAYORISTA,2017-02-13,15.5262
TC_MAYORISTA,2017-02-14,15.4845
TC_MAYORISTA,2017-02-15,15.4587
TC_MAYORISTA,2017-02-16,15.3675
TC_MAYORISTA,2017-02-17,15.575
TC_MAYORISTA,2017-02-20,15.715
TC_MAYORISTA,2017-02-21,15.6642
TC_MAYORISTA,2017-02-22,15.5358
TC_MAYORISTA,2017-02-23,15.5698
TC_MAYORISTA,2017-02-24,15.455
TC_MAYORISTA,2017-03-01,15.477
TC_MAYORISTA,2017-03-02,15.3875
TC_MAYORISTA,2017-03-03,15.45
TC_MAYORISTA,2017-03-06,15.4375
TC_MAYORISTA,2017-03-07,15.5008
TC_MAYORISTA,2017-03-08,15.5933
TC_MAYORISTA,2017-03-09,15.625
TC_MAYORISTA,2017-03-10,15.4767
TC_MAYORISTA,2017-03-13,15.5163
TC_MAYORISTA,2017-03-14,15.5358
TC_MAYORISTA,2017-03-15,15.5467
TC_MAYORISTA,2017-03-16,15.5283
TC_MAYORISTA,2017-03-17,15.5342
TC_MAYORISTA,2017-03-20,15.6687
TC_MAYORISTA,2017-03-21,15.6353
TC_MAYORISTA,2017-03-22,15.5815
TC_MAYORISTA,2017-03-23,15.626
TC_MAYORISTA,2017-03-27,15.6075
TC_MAYORISTA,2017-03-28,15.5433
TC_MAYORISTA,2017-03-29,15.4678
TC_MAYORISTA,2017-03-30,15.3998
TC_MAYORISTA,2017-03-31,15.3818
TC_MAYORISTA,2017-04-03,15.4175
TC_MAYORISTA,2017-04-04,15.379
TC_MAYORISTA,2017-04-05,15.352
TC_MAYORISTA,2017-04-06,15.4075
TC_MAYORISTA,2017-04-07,15.3745
TC_MAYORISTA,2017-04-10,15.3293
TC_MAYORISTA,2017-04-11,15.2393
TC_MAYORISTA,2017-04-12,15.1742
TC_MAYORISTA,2017-04-17,15.2098
TC_MAYORISTA,2017-04-18,15.2255
TC_MAYORISTA,2017-04-19,15.4167
TC_MAYORISTA,2017-04-20,15.4042
TC_MAYORISTA,2017-04-21,15.393
TC_MAYORISTA,2017-04-24,15.4192
TC_MAYORISTA,2017-04-25,15.4142
TC_MAYORISTA,2017-04-26,15.4432
TC_MAYORISTA,2017-04-27,15.4532
TC_MAYORISTA,2017-04-28,15.4268
TC_MAYORISTA,2017-05-02,15.3258
TC_MAYORISTA,2017-05-03,15.2687
TC_MAYORISTA,2017-05-04,15.3722
TC_MAYORISTA,2017-05-05,15.335
TC_MAYORISTA,2017-05-08,15.3908
TC_MAYORISTA,2017-05-09,15.5467
TC_MAYORISTA,2017-05-10,15.5347
TC_MAYORISTA,2017-05-11,15.4575
TC_MAYORISTA,2017-05-12,15.4127
TC_MAYORISTA,2017-05-15,15.4848
TC_MAYORISTA,2017-05-16,15.5928
TC_MAYORISTA,2017-05-17,15.6248
TC_MAYORISTA,2017-05-18,15.9108
TC_MAYORISTA,2017-05-19,15.8858
TC_MAYORISTA,2017-05-22,16.07
TC_MAYORISTA,2017-05-23,16.0967
TC_MAYORISTA,2017-05-24,16.0975
TC_MAYORISTA,2017-05-26,16.0383
TC_MAYORISTA,2017-05-29,16.0075
TC_MAYORISTA,2017-05-30,16.0658
TC_MAYORISTA,2017-05-31,16.142
TC_MAYORISTA,2017-06-01,16.0577
TC_MAYORISTA,2017-06-02,16.0313
TC_MAYORISTA,2017-06-05,16.031
TC_MAYORISTA,2017-06-06,16.0075
TC_MAYORISTA,2017-06-07,16.0055
TC_MAYORISTA,2017-06-08,15.9892
TC_MAYORISTA,2017-06-09,15.9
TC_MAYORISTA,2017-06-12,15.9317
TC_MAYORISTA,2017-06-13,15.892
TC_MAYORISTA,2017-06-14,15.851
TC_MAYORISTA,2017-06-15,15.9243
TC_MAYORISTA,2017-06-16,16.0097
TC_MAYORISTA,2017-06-19,16.0662
TC_MAYORISTA,2017-06-21,16.3575
TC_MAYORISTA,2017-06-22,16.1875
TC_MAYORISTA,2017-06-23,16.13
TC_MAYORISTA,2017-06-26,16.2388
TC_MAYORISTA,2017-06-27,16.39
TC_MAYORISTA,2017-06-28,16.369
TC_MAYORISTA,2017-06-29,16.481
TC_MAYORISTA,2017-06-30,16.5985
TC_MAYORISTA,2017-07-03,16.6817
TC_MAYORISTA,2017-07-04,16.8733
TC_MAYORISTA,2017-07-05,17.0018
TC_MAYORISTA,2017-07-06,17.1483
TC_MAYORISTA,2017-07-07,16.9743
TC_MAYORISTA,2017-07-10,16.99
TC_MAYORISTA,2017-07-11,16.993
TC_MAYORISTA,2017-07-12,16.9717
TC_MAYORISTA,2017-07-13,16.9517
TC_MAYORISTA,2017-07-14,16.8697
TC_MAYORISTA,2017-07-17,16.8758
TC_MAYORISTA,2017-07-18,17.0267
TC_MAYORISTA,2017-07-19,17.3117
TC_MAYORISTA,2017-07-20,17.1258
TC_MAYORISTA,2017-07-21,17.3383
TC_MAYORISTA,2017-07-24,17.5367
TC_MAYORISTA,2017-07-25,17.4092
TC_MAYORISTA,2017-07-26,17.4743
TC_MAYORISTA,2017-07-27,17.5617
TC_MAYORISTA,2017-07-28,17.7642
TC_MAYORISTA,2017-07-31,17.67
TC_MAYORISTA,2017-08-01,17.6135
TC_MAYORISTA,2017-08-02,17.5648
TC_MAYORISTA,2017-08-03,17.6408
TC_MAYORISTA,2017-08-04,17.6517
TC_MAYORISTA,2017-08-07,17.7017
TC_MAYORISTA,2017-08-08,17.7128
TC_MAYORISTA,2017-08-09,17.7833
TC_MAYORISTA,2017-08-10,17.7298
TC_MAYORISTA,2017-08-11,17.712
TC_MAYORISTA,2017-08-14,17.1533
TC_MAYORISTA,2017-08-15,17.0583
TC_MAYORISTA,2017-08-16,17.1117
TC_MAYORISTA,2017-08-17,17.2665
TC_MAYORISTA,2017-08-18,17.2822
TC_MAYORISTA,2017-08-22,17.2287
TC_MAYORISTA,2017-08-23,17.2248
TC_MAYORISTA,2017-08-24,17.1767
TC_MAYORISTA,2017-08-25,17.2223
TC_MAYORISTA,2017-08-28,17.2155
TC_MAYORISTA,2017-08-29,17.308
TC_MAYORISTA,2017-08-30,17.4403
TC_MAYORISTA,2017-08-31,17.365
TC_MAYORISTA,2017-09-01,17.2367
TC_MAYORISTA,2017-09-04,17.2425
TC_MAYORISTA,2017-09-05,17.2583
TC_MAYORISTA,2017-09-06,17.2183
TC_MAYORISTA,2017-09-07,17.2165
TC_MAYORISTA,2017-09-08,17.2083
TC_MAYORISTA,2017-09-11,17.2012
TC_MAYORISTA,2017-09-12,17.1125
TC_MAYORISTA,2017-09-13,17.0583
TC_MAYORISTA,2017-09-14,17.0123
TC_MAYORISTA,2017-09-15,16.972
TC_MAYORISTA,2017-09-18,17.0558
TC_MAYORISTA,2017-09-19,17.1983
TC_MAYORISTA,2017-09-20,17.1483
TC_MAYORISTA,2017-09-21,17.2755
TC_MAYORISTA,2017-09-22,17.3
TC_MAYORISTA,2017-09-25,17.4087
TC_MAYORISTA,2017-09-26,17.6108
TC_MAYORISTA,2017-09-27,17.567
TC_MAYORISTA,2017-09-28,17.5562
TC_MAYORISTA,2017-09-29,17.3183
TC_MAYORISTA,2017-10-02,17.3475
TC_MAYORISTA,2017-10-03,17.4283
TC_MAYORISTA,2017-10-04,17.3623
TC_MAYORISTA,2017-10-05,17.342
TC_MAYORISTA,2017-10-06,17.5117
TC_MAYORISTA,2017-10-09,17.47
TC_MAYORISTA,2017-10-10,17.4425
TC_MAYORISTA,2017-10-11,17.4312
TC_MAYORISTA,2017-10-12,17.4342
TC_MAYORISTA,2017-10-13,17.361
TC_MAYORISTA,2017-10-17,17.3793
TC_MAYORISTA,2017-10-18,17.325
TC_MAYORISTA,2017-10-19,17.4025
TC_MAYORISTA,2017-10-20,17.471
TC_MAYORISTA,2017-10-23,17.3217
TC_MAYORISTA,2017-10-24,17.495
TC_MAYORISTA,2017-10-25,17.4458
TC_MAYORISTA,2017-10-26,17.5308
TC_MAYORISTA,2017-10-27,17.6775
TC_MAYORISTA,2017-10-30,17.6578
TC_MAYORISTA,2017-10-31,17.6713
TC_MAYORISTA,2017-11-01,17.6492
TC_MAYORISTA,2017-11-02,17.5733
TC_MAYORISTA,2017-11-03,17.5642
TC_MAYORISTA,2017-11-07,17.6703
TC_MAYORISTA,2017-11-08,17.5575
TC_MAYORISTA,2017-11-09,17.537
TC_MAYORISTA,2017-11-10,17.5158
TC_MAYORISTA,2017-11-13,17.5367
TC_MAYORISTA,2017-11-14,17.4898
TC_MAYORISTA,2017-11-15,17.5325
TC_MAYORISTA,2017-11-16,17.4942
TC_MAYORISTA,2017-11-17,17.4867
TC_MAYORISTA,2017-11-21,17.5102
TC_MAYORISTA,2017-11-22,17.4672
TC_MAYORISTA,2017-11-23,17.4232
TC_MAYORISTA,2017-11-24,17.3715
TC_MAYORISTA,2017-11-27,17.3338
TC_MAYORISTA,2017-11-28,17.3307
TC_MAYORISTA,2017-11-29,17.4217
TC_MAYORISTA,2017-11-30,17.3845
TC_MAYORISTA,2017-12-01,17.26
TC_MAYORISTA,2017-12-04,17.2608
TC_MAYORISTA,2017-12-05,17.3513
TC_MAYORISTA,2017-12-06,17.2862
TC_MAYORISTA,2017-12-07,17.3058
TC_MAYORISTA,2017-12-11,17.2697
TC_MAYORISTA,2017-12-12,17.2635
TC_MAYORISTA,2017-12-13,17.315
TC_MAYORISTA,2017-12-14,17.3567
TC_MAYORISTA,2017-12-15,17.5517
TC_MAYORISTA,2017-12-18,17.5642
TC_MAYORISTA,2017-12-19,17.5658
TC_MAYORISTA,2017-12-20,17.7808
TC_MAYORISTA,2017-12-21,17.87
TC_MAYORISTA,2017-12-22,18.0108
TC_MAYORISTA,2017-12-26,18.2495
TC_MAYORISTA,2017-12-27,18.435
TC_MAYORISTA,2017-12-28,18.83
TC_MAYORISTA,2017-12-29,18.7742
TC_MAYORISTA,2018-01-02,18.55
TC_MAYORISTA,2018-01-03,18.4158
TC_MAYORISTA,2018-01-04,18.605
TC_MAYORISTA,2018-01-05,18.8608
TC_MAYORISTA,2018-01-08,19.0725
TC_MAYORISTA,2018-01-09,19.0458
TC_MAYORISTA,2018-01-10,18.7217
TC_MAYORISTA,2018-01-11,18.6517
TC_MAYORISTA,2018-01-12,18.715
TC_MAYORISTA,2018-01-15,18.7208
TC_MAYORISTA,2018-01-16,18.8258
TC_MAYORISTA,2018-01-17,18.8917
TC_MAYORISTA,2018-01-18,18.8525
TC_MAYORISTA,2018-01-19,18.9625
TC_MAYORISTA,2018-01-22,19.07
TC_MAYORISTA,2018-01-23,19.3167
TC_MAYORISTA,2018-01-24,19.5258
TC_MAYORISTA,2018-01-25,19.4933
TC_MAYORISTA,2018-01-26,19.5217
TC_MAYORISTA,2018-01-29,19.5717
TC_MAYORISTA,2018-01-30,19.5955
TC_MAYORISTA,2018-01-31,19.6525
TC_MAYORISTA,2018-02-01,19.47
TC_MAYORISTA,2018-02-02,19.5
TC_MAYORISTA,2018-02-05,19.5335
TC_MAYORISTA,2018-02-06,19.69
TC_MAYORISTA,2018-02-07,19.6242
TC_MAYORISTA,2018-02-08,19.8408
TC_MAYORISTA,2018-02-09,20.1258
TC_MAYORISTA,2018-02-14,20.025
TC_MAYORISTA,2018-02-15,19.7367
TC_MAYORISTA,2018-02-16,19.6667
TC_MAYORISTA,2018-02-19,19.8375
TC_MAYORISTA,2018-02-20,19.9375
TC_MAYORISTA,2018-02-21,19.9208
TC_MAYORISTA,2018-02-22,19.9407
TC_MAYORISTA,2018-02-23,19.9683
TC_MAYORISTA,2018-02-26,20.0442
TC_MAYORISTA,2018-02-27,20.16
TC_MAYORISTA,2018-02-28,20.115
TC_MAYORISTA,2018-03-01,20.162
TC_MAYORISTA,2018-03-02,20.2308
TC_MAYORISTA,2018-03-05,20.2942
TC_MAYORISTA,2018-03-06,20.1982
TC_MAYORISTA,2018-03-07,20.3492
TC_MAYORISTA,2018-03-08,20.3875
TC_MAYORISTA,2018-03-09,20.2725
TC_MAYORISTA,2018-03-12,20.2192
TC_MAYORISTA,2018-03-13,20.1887
TC_MAYORISTA,2018-03-14,20.1927
TC_MAYORISTA,2018-03-15,20.2665
TC_MAYORISTA,2018-03-16,20.2918
TC_MAYORISTA,2018-03-19,20.2525
TC_MAYORISTA,2018-03-20,20.239
TC_MAYORISTA,2018-03-21,20.2805
TC_MAYORISTA,2018-03-22,20.2465
TC_MAYORISTA,2018-03-23,20.2142
TC_MAYORISTA,2018-03-26,20.1642
TC_MAYORISTA,2018-03-27,20.1625
TC_MAYORISTA,2018-03-28,20.1433
TC_MAYORISTA,2018-04-03,20.1648
TC_MAYORISTA,2018-04-04,20.198
TC_MAYORISTA,2018-04-05,20.1842
TC_MAYORISTA,2018-04-06,20.2125
TC_MAYORISTA,2018-04-09,20.1937
TC_MAYORISTA,2018-04-10,20.1908
TC_MAYORISTA,2018-04-11,20.1598
TC_MAYORISTA,2018-04-12,20.1693
TC_MAYORISTA,2018-04-13,20.2077
TC_MAYORISTA,2018-04-16,20.2163
TC_MAYORISTA,2018-04-17,20.181
TC_MAYORISTA,2018-04-18,20.145
TC_MAYORISTA,2018-04-19,20.1557
TC_MAYORISTA,2018-04-20,20.1862
TC_MAYORISTA,2018-04-23,20.2455
TC_MAYORISTA,2018-04-24,20.2533
TC_MAYORISTA,2018-04-25,20.2595
TC_MAYORISTA,2018-04-26,20.4475
TC_MAYORISTA,2018-04-27,20.6917
TC_MAYORISTA,2018-05-02,20.9658
TC_MAYORISTA,2018-05-03,21.7492
TC_MAYORISTA,2018-05-04,21.6958
TC_MAYORISTA,2018-05-07,21.825
TC_MAYORISTA,2018-05-08,22.7633
TC_MAYORISTA,2018-05-09,22.5683
TC_MAYORISTA,2018-05-10,22.6305
TC_MAYORISTA,2018-05-11,23.2333
TC_MAYORISTA,2018-05-14,24.7683
TC_MAYORISTA,2018-05-15,24.7997
TC_MAYORISTA,2018-05-16,24.0367
TC_MAYORISTA,2018-05-17,24.3292
TC_MAYORISTA,2018-05-18,24.6033
TC_MAYORISTA,2018-05-21,24.2692
TC_MAYORISTA,2018-05-22,24.3617
TC_MAYORISTA,2018-05-23,24.4352
TC_MAYORISTA,2018-05-24,24.5567
TC_MAYORISTA,2018-05-28,24.7
TC_MAYORISTA,2018-05-29,24.9
TC_MAYORISTA,2018-05-30,24.905
TC_MAYORISTA,2018-05-31,24.9475
TC_MAYORISTA,2018-06-01,24.9625
TC_MAYORISTA,2018-06-04,24.9592
TC_MAYORISTA,2018-06-05,24.9653
TC_MAYORISTA,2018-06-06,24.9195
TC_MAYORISTA,2018-06-07,24.9703
TC_MAYORISTA,2018-06-08,25.4733
TC_MAYORISTA,2018-06-11,25.4292
TC_MAYORISTA,2018-06-12,25.8617
TC_MAYORISTA,2018-06-13,25.7283
TC_MAYORISTA,2018-06-14,27.0617
TC_MAYORISTA,2018-06-15,27.8767
TC_MAYORISTA,2018-06-18,27.8967
TC_MAYORISTA,2018-06-19,27.7133
TC_MAYORISTA,2018-06-21,27.5533
TC_MAYORISTA,2018-06-22,27.2042
TC_MAYORISTA,2018-06-25,27.0167
TC_MAYORISTA,2018-06-26,27.1217
TC_MAYORISTA,2018-06-27,27.2967
TC_MAYORISTA,2018-06-28,27.8117
TC_MAYORISTA,2018-06-29,28.8617
TC_MAYORISTA,2018-07-02,28.7217
TC_MAYORISTA,2018-07-03,27.9417
TC_MAYORISTA,2018-07-04,28.0317
TC_MAYORISTA,2018-07-05,28.1675
TC_MAYORISTA,2018-07-06,28.08
TC_MAYORISTA,2018-07-10,27.5633
TC_MAYORISTA,2018-07-11,27.4592
TC_MAYORISTA,2018-07-12,27.1467
TC_MAYORISTA,2018-07-13,27.2467
TC_MAYORISTA,2018-07-16,27.2958
TC_MAYORISTA,2018-07-17,27.4883
TC_MAYORISTA,2018-07-18,27.6417
TC_MAYORISTA,2018-07-19,27.735
TC_MAYORISTA,2018-07-20,27.65
TC_MAYORISTA,2018-07-23,27.6283
TC_MAYORISTA,2018-07-24,27.4892
TC_MAYORISTA,2018-07-25,27.3592
TC_MAYORISTA,2018-07-26,27.44
TC_MAYORISTA,2018-07-27,27.3517
TC_MAYORISTA,2018-07-30,27.3392
TC_MAYORISTA,2018-07-31,27.3425
TC_MAYORISTA,2018-08-01,27.5117
TC_MAYORISTA,2018-08-02,27.6008
TC_MAYORISTA,2018-08-03,27.3817
TC_MAYORISTA,2018-08-06,27.3733
TC_MAYORISTA,2018-08-07,27.2717
TC_MAYORISTA,2018-08-08,27.5233
TC_MAYORISTA,2018-08-09,27.97
TC_MAYORISTA,2018-08-10,29.2
TC_MAYORISTA,2018-08-13,30.0083
TC_MAYORISTA,2018-08-14,29.415
TC_MAYORISTA,2018-08-15,30.005
TC_MAYORISTA,2018-08-16,29.81
TC_MAYORISTA,2018-08-17,29.7942
TC_MAYORISTA,2018-08-21,29.9667
TC_MAYORISTA,2018-08-22,30.195
TC_MAYORISTA,2018-08-23,30.2017
TC_MAYORISTA,2018-08-24,30.5683
TC_MAYORISTA,2018-08-27,30.9158
TC_MAYORISTA,2018-08-28,31.3517
TC_MAYORISTA,2018-08-29,31.9417
TC_MAYORISTA,2018-08-30,39.6083
TC_MAYORISTA,2018-08-31,37.125
TC_MAYORISTA,2018-09-03,38.0333
TC_MAYORISTA,2018-09-04,39.225
TC_MAYORISTA,2018-09-05,38.8117
TC_MAYORISTA,2018-09-06,37.6917
TC_MAYORISTA,2018-09-07,36.985
TC_MAYORISTA,2018-09-10,37.39
TC_MAYORISTA,2018-09-11,37.9158
TC_MAYORISTA,2018-09-12,37.8733
TC_MAYORISTA,2018-09-13,38.7117
TC_MAYORISTA,2018-09-14,39.7083
TC_MAYORISTA,2018-09-17,39.5792
TC_MAYORISTA,2018-09-18,39.7317
TC_MAYORISTA,2018-09-19,39.46
TC_MAYORISTA,2018-09-20,38.3117
TC_MAYORISTA,2018-09-21,37.575
TC_MAYORISTA,2018-09-24,37.3
TC_MAYORISTA,2018-09-25,38.4
TC_MAYORISTA,2018-09-26,38.69
TC_MAYORISTA,2018-09-27,39.51
TC_MAYORISTA,2018-09-28,40.8967
TC_MAYORISTA,2018-10-01,40.3417
TC_MAYORISTA,2018-10-02,38.1633
TC_MAYORISTA,2018-10-03,37.6083
TC_MAYORISTA,2018-10-04,38.5183
TC_MAYORISTA,2018-10-05,38.0167
TC_MAYORISTA,2018-10-08,37.545
TC_MAYORISTA,2018-10-09,37.2467
TC_MAYORISTA,2018-10-10,37.2933
TC_MAYORISTA,2018-10-11,36.9183
TC_MAYORISTA,2018-10-12,36.2383
TC_MAYORISTA,2018-10-16,36.3583
TC_MAYORISTA,2018-10-17,36.3033
TC_MAYORISTA,2018-10-18,36.4133
TC_MAYORISTA,2018-10-19,36.5533
TC_MAYORISTA,2018-10-22,36.4167
TC_MAYORISTA,2018-10-23,36.7733
TC_MAYORISTA,2018-10-24,36.5417
TC_MAYORISTA,2018-10-25,36.7883
TC_MAYORISTA,2018-10-26,36.785
TC_MAYORISTA,2018-10-29,36.7933
TC_MAYORISTA,2018-10-30,36.8317
TC_MAYORISTA,2018-10-31,36.1967
TC_MAYORISTA,2018-11-01,35.7433
TC_MAYORISTA,2018-11-02,35.59
TC_MAYORISTA,2018-11-05,35.5475
TC_MAYORISTA,2018-11-07,35.7617
TC_MAYORISTA,2018-11-08,35.6092
TC_MAYORISTA,2018-11-09,35.4883
TC_MAYORISTA,2018-11-12,35.505
TC_MAYORISTA,2018-11-13,35.885
TC_MAYORISTA,2018-11-14,36.1233
TC_MAYORISTA,2018-11-15,36.065
TC_MAYORISTA,2018-11-16,35.9767
TC_MAYORISTA,2018-11-20,36.2583
TC_MAYORISTA,2018-11-21,36.2733
TC_MAYORISTA,2018-11-22,36.425
TC_MAYORISTA,2018-11-23,36.8867
TC_MAYORISTA,2018-11-26,38.155
TC_MAYORISTA,2018-11-27,38.875
TC_MAYORISTA,2018-11-28,38.5317
TC_MAYORISTA,2018-11-29,38.0217
TC_MAYORISTA,2018-12-03,36.89
TC_MAYORISTA,2018-12-04,37.0617
TC_MAYORISTA,2018-12-05,37.9383
TC_MAYORISTA,2018-12-06,37.8567
TC_MAYORISTA,2018-12-07,37.3583
TC_MAYORISTA,2018-12-10,37.7017
TC_MAYORISTA,2018-12-11,37.6483
TC_MAYORISTA,2018-12-12,37.6367
TC_MAYORISTA,2018-12-13,37.8033
TC_MAYORISTA,2018-12-14,38.165
TC_MAYORISTA,2018-12-17,38.3217
TC_MAYORISTA,2018-12-18,38.2133
TC_MAYORISTA,2018-12-19,38.3017
TC_MAYORISTA,2018-12-20,38.07
TC_MAYORISTA,2018-12-21,38.0783
TC_MAYORISTA,2018-12-26,38.51
TC_MAYORISTA,2018-12-27,38.57
TC_MAYORISTA,2018-12-28,37.8083
TC_MAYORISTA,2019-01-02,37.9333
TC_MAYORISTA,2019-01-03,37.5517
TC_MAYORISTA,2019-01-04,37.39
TC_MAYORISTA,2019-01-07,37.3583
TC_MAYORISTA,2019-01-08,37.3742
TC_MAYORISTA,2019-01-09,37.4708
TC_MAYORISTA,2019-01-10,37.3092
TC_MAYORISTA,2019-01-11,37.1033
TC_MAYORISTA,2019-01-14,37.095
TC_MAYORISTA,2019-01-15,37.135
TC_MAYORISTA,2019-01-16,37.3567
TC_MAYORISTA,2019-01-17,37.7383
TC_MAYORISTA,2019-01-18,37.62
TC_MAYORISTA,2019-01-21,37.705
TC_MAYORISTA,2019-01-22,37.59
TC_MAYORISTA,2019-01-23,37.56
TC_MAYORISTA,2019-01-24,37.5592
TC_MAYORISTA,2019-01-25,37.1433
TC_MAYORISTA,2019-01-28,37.0933
TC_MAYORISTA,2019-01-29,37.225
TC_MAYORISTA,2019-01-30,37.605
TC_MAYORISTA,2019-01-31,37.035
TC_MAYORISTA,2019-02-01,37.2367
TC_MAYORISTA,2019-02-04,37.24
TC_MAYORISTA,2019-02-05,37.1967
TC_MAYORISTA,2019-02-06,37.4283
TC_MAYORISTA,2019-02-07,37.895
TC_MAYORISTA,2019-02-08,37.8617
TC_MAYORISTA,2019-02-11,38.32
TC_MAYORISTA,2019-02-12,37.8167
TC_MAYORISTA,2019-02-13,38.1467
TC_MAYORISTA,2019-02-14,38.3717
TC_MAYORISTA,2019-02-15,38.325
TC_MAYORISTA,2019-02-18,38.765
TC_MAYORISTA,2019-02-19,38.9158
TC_MAYORISTA,2019-02-20,40.04
TC_MAYORISTA,2019-02-21,39.6633
TC_MAYORISTA,2019-02-22,39.2517
TC_MAYORISTA,2019-02-25,38.96
TC_MAYORISTA,2019-02-26,38.9917
TC_MAYORISTA,2019-02-27,38.7467
TC_MAYORISTA,2019-02-28,38.9983
TC_MAYORISTA,2019-03-01,39.445
TC_MAYORISTA,2019-03-06,40.4817
TC_MAYORISTA,2019-03-07,41.225
TC_MAYORISTA,2019-03-08,41.3
TC_MAYORISTA,2019-03-11,40.8717
TC_MAYORISTA,2019-03-12,41.3483
TC_MAYORISTA,2019-03-13,41.6467
TC_MAYORISTA,2019-03-14,40.98
TC_MAYORISTA,2019-03-15,39.9417
TC_MAYORISTA,2019-03-18,39.7133
TC_MAYORISTA,2019-03-19,40.325
TC_MAYORISTA,2019-03-20,41.0817
TC_MAYORISTA,2019-03-21,40.7417
TC_MAYORISTA,2019-03-22,42.01
TC_MAYORISTA,2019-03-25,41.785
TC_MAYORISTA,2019-03-26,42.3467
TC_MAYORISTA,2019-03-27,43.6983
TC_MAYORISTA,2019-03-28,43.59
TC_MAYORISTA,2019-03-29,43.3533
TC_MAYORISTA,2019-04-01,42.8233
TC_MAYORISTA,2019-04-03,42.6533
TC_MAYORISTA,2019-04-04,43.2467
TC_MAYORISTA,2019-04-05,43.6933
TC_MAYORISTA,2019-04-08,43.8
TC_MAYORISTA,2019-04-09,43.74
TC_MAYORISTA,2019-04-10,43.0417
TC_MAYORISTA,2019-04-11,42.9117
TC_MAYORISTA,2019-04-12,42.33
TC_MAYORISTA,2019-04-15,41.5617
TC_MAYORISTA,2019-04-16,42.1133
TC_MAYORISTA,2019-04-17,41.7833
TC_MAYORISTA,2019-04-22,42.6917
TC_MAYORISTA,2019-04-23,42.38
TC_MAYORISTA,2019-04-24,43.4783
TC_MAYORISTA,2019-04-25,45.6333
TC_MAYORISTA,2019-04-26,44.8767
TC_MAYORISTA,2019-04-29,44.6733
TC_MAYORISTA,2019-04-30,44.01
TC_MAYORISTA,2019-05-02,44.7483
TC_MAYORISTA,2019-05-03,44.4233
TC_MAYORISTA,2019-05-06,44.8967
TC_MAYORISTA,2019-05-07,44.895
TC_MAYORISTA,2019-05-08,45.0383
TC_MAYORISTA,2019-05-09,45.5667
TC_MAYORISTA,2019-05-10,44.9817
TC_MAYORISTA,2019-05-13,45.4133
TC_MAYORISTA,2019-05-14,44.985
TC_MAYORISTA,2019-05-15,45.1533
TC_MAYORISTA,2019-05-16,44.8583
TC_MAYORISTA,2019-05-17,45.0183
TC_MAYORISTA,2019-05-20,45.3242
TC_MAYORISTA,2019-05-21,44.82
TC_MAYORISTA,2019-05-22,44.715
TC_MAYORISTA,2019-05-23,45.15
TC_MAYORISTA,2019-05-24,44.96
TC_MAYORISTA,2019-05-27,44.9783
TC_MAYORISTA,2019-05-28,44.7867
TC_MAYORISTA,2019-05-29,44.5033
TC_MAYORISTA,2019-05-30,44.445
TC_MAYORISTA,2019-05-31,44.87
TC_MAYORISTA,2019-06-03,44.8733
TC_MAYORISTA,2019-06-04,44.7567
TC_MAYORISTA,2019-06-05,44.8033
TC_MAYORISTA,2019-06-06,44.98
TC_MAYORISTA,2019-06-07,44.8833
TC_MAYORISTA,2019-06-10,44.97
TC_MAYORISTA,2019-06-11,44.7417
TC_MAYORISTA,2019-06-12,43.7483
TC_MAYORISTA,2019-06-13,43.585
TC_MAYORISTA,2019-06-14,43.87
TC_MAYORISTA,2019-06-18,43.6567
TC_MAYORISTA,2019-06-19,43.4517
TC_MAYORISTA,2019-06-21,42.915
TC_MAYORISTA,2019-06-24,42.665
TC_MAYORISTA,2019-06-25,42.305
TC_MAYORISTA,2019-06-26,42.7117
TC_MAYORISTA,2019-06-27,42.8433
TC_MAYORISTA,2019-06-28,42.4483
TC_MAYORISTA,2019-07-01,42.135
TC_MAYORISTA,2019-07-02,42.465
TC_MAYORISTA,2019-07-03,42.09
TC_MAYORISTA,2019-07-04,41.7583
TC_MAYORISTA,2019-07-05,41.98
TC_MAYORISTA,2019-07-10,41.8808
TC_MAYORISTA,2019-07-11,41.755
TC_MAYORISTA,2019-07-12,41.6583
TC_MAYORISTA,2019-07-15,41.8617
TC_MAYORISTA,2019-07-16,42.6333
TC_MAYORISTA,2019-07-17,42.52
TC_MAYORISTA,2019-07-18,42.345
TC_MAYORISTA,2019-07-19,42.4467
TC_MAYORISTA,2019-07-22,42.4783
TC_MAYORISTA,2019-07-23,42.6283
TC_MAYORISTA,2019-07-24,42.8083
TC_MAYORISTA,2019-07-25,43.245
TC_MAYORISTA,2019-07-26,43.2167
TC_MAYORISTA,2019-07-29,43.755
TC_MAYORISTA,2019-07-30,43.8817
TC_MAYORISTA,2019-07-31,43.8692
TC_MAYORISTA,2019-08-01,44.3233
TC_MAYORISTA,2019-08-02,44.7042
TC_MAYORISTA,2019-08-05,45.4383
TC_MAYORISTA,2019-08-06,45.3517
TC_MAYORISTA,2019-08-07,45.69
TC_MAYORISTA,2019-08-08,45.4117
TC_MAYORISTA,2019-08-09,45.4033
TC_MAYORISTA,2019-08-12,55.75
TC_MAYORISTA,2019-08-13,56.3167
TC_MAYORISTA,2019-08-14,58.835
TC_MAYORISTA,2019-08-15,56.6333
TC_MAYORISTA,2019-08-16,56.435
TC_MAYORISTA,2019-08-20,55.3633
TC_MAYORISTA,2019-08-21,54.915
TC_MAYORISTA,2019-08-22,55.0308
TC_MAYORISTA,2019-08-23,55.2683
TC_MAYORISTA,2019-08-26,55.335
TC_MAYORISTA,2019-08-27,55.7133
TC_MAYORISTA,2019-08-28,58.075
TC_MAYORISTA,2019-08-29,58.2
TC_MAYORISTA,2019-08-30,59.075
TC_MAYORISTA,2019-09-02,57.0917
TC_MAYORISTA,2019-09-03,55.7833
TC_MAYORISTA,2019-09-04,55.935
TC_MAYORISTA,2019-09-05,56.0042
TC_MAYORISTA,2019-09-06,55.9083
TC_MAYORISTA,2019-09-09,55.9433
TC_MAYORISTA,2019-09-10,56.0683
TC_MAYORISTA,2019-09-11,56.105
TC_MAYORISTA,2019-09-12,56.18
TC_MAYORISTA,2019-09-13,56.1525
TC_MAYORISTA,2019-09-16,56.2517
TC_MAYORISTA,2019-09-17,56.4508
TC_MAYORISTA,2019-09-18,56.5025
TC_MAYORISTA,2019-09-19,56.6067
TC_MAYORISTA,2019-09-20,56.6183
TC_MAYORISTA,2019-09-23,56.9282
TC_MAYORISTA,2019-09-24,56.9367
TC_MAYORISTA,2019-09-25,57.0075
TC_MAYORISTA,2019-09-26,57.18
TC_MAYORISTA,2019-09-27,57.3175
TC_MAYORISTA,2019-09-30,57.5583
TC_MAYORISTA,2019-10-01,57.6967
TC_MAYORISTA,2019-10-02,57.8883
TC_MAYORISTA,2019-10-03,57.7625
TC_MAYORISTA,2019-10-04,57.7133
TC_MAYORISTA,2019-10-07,57.8725
TC_MAYORISTA,2019-10-08,57.8375
TC_MAYORISTA,2019-10-09,57.9575
TC_MAYORISTA,2019-10-10,57.9828
TC_MAYORISTA,2019-10-11,58.05
TC_MAYORISTA,2019-10-15,58.235
TC_MAYORISTA,2019-10-16,58.3333
TC_MAYORISTA,2019-10-17,58.3142
TC_MAYORISTA,2019-10-18,58.3447
TC_MAYORISTA,2019-10-21,58.5217
TC_MAYORISTA,2019-10-22,58.6533
TC_MAYORISTA,2019-10-23,58.9367
TC_MAYORISTA,2019-10-24,59.3417
TC_MAYORISTA,2019-10-25,60.0033
TC_MAYORISTA,2019-10-28,59.4667
TC_MAYORISTA,2019-10-29,59.4567
TC_MAYORISTA,2019-10-30,59.5833
TC_MAYORISTA,2019-10-31,59.7267
TC_MAYORISTA,2019-11-01,59.7583
TC_MAYORISTA,2019-11-04,59.7617
TC_MAYORISTA,2019-11-05,59.6817
TC_MAYORISTA,2019-11-07,59.5977
TC_MAYORISTA,2019-11-08,59.5442
TC_MAYORISTA,2019-11-11,59.7467
TC_MAYORISTA,2019-11-12,59.7452
TC_MAYORISTA,2019-11-13,59.7442
TC_MAYORISTA,2019-11-14,59.7258
TC_MAYORISTA,2019-11-15,59.685
TC_MAYORISTA,2019-11-19,59.7125
TC_MAYORISTA,2019-11-20,59.723
TC_MAYORISTA,2019-11-21,59.75
TC_MAYORISTA,2019-11-22,59.7942
TC_MAYORISTA,2019-11-25,59.745
TC_MAYORISTA,2019-11-26,59.7167
TC_MAYORISTA,2019-11-27,59.8783
TC_MAYORISTA,2019-11-28,59.85
TC_MAYORISTA,2019-11-29,59.8633
TC_MAYORISTA,2019-12-02,59.9517
TC_MAYORISTA,2019-12-03,59.9383
TC_MAYORISTA,2019-12-04,59.9058
TC_MAYORISTA,2019-12-05,59.9442
TC_MAYORISTA,2019-12-06,59.9575
TC_MAYORISTA,2019-12-09,59.9512
TC_MAYORISTA,2019-12-10,59.9608
TC_MAYORISTA,2019-12-11,59.8342
TC_MAYORISTA,2019-12-12,59.8322
TC_MAYORISTA,2019-12-13,59.817
TC_MAYORISTA,2019-12-16,59.8417
TC_MAYORISTA,2019-12-17,59.8227
TC_MAYORISTA,2019-12-18,59.8212
TC_MAYORISTA,2019-12-19,59.8172
TC_MAYORISTA,2019-12-20,59.8185
TC_MAYORISTA,2019-12-23,59.8633
TC_MAYORISTA,2019-12-26,59.9175
TC_MAYORISTA,2019-12-27,59.8908
TC_MAYORISTA,2019-12-30,59.895
TC_MAYORISTA,2020-01-02,59.8518
TC_MAYORISTA,2020-01-03,59.8335
TC_MAYORISTA,2020-01-06,59.819
TC_MAYORISTA,2020-01-07,59.8195
TC_MAYORISTA,2020-01-08,59.8177
TC_MAYORISTA,2020-01-09,59.8152
TC_MAYORISTA,2020-01-10,59.8163
TC_MAYORISTA,2020-01-13,59.88
TC_MAYORISTA,2020-01-14,60.0367
TC_MAYORISTA,2020-01-15,60.0075
TC_MAYORISTA,2020-01-16,59.995
TC_MAYORISTA,2020-01-17,60.0113
TC_MAYORISTA,2020-01-20,60.0333
TC_MAYORISTA,2020-01-21,60.0592
TC_MAYORISTA,2020-01-22,60.1148
TC_MAYORISTA,2020-01-23,60.0908
TC_MAYORISTA,2020-01-24,60.1025
TC_MAYORISTA,2020-01-27,60.1408
TC_MAYORISTA,2020-01-28,60.1808
TC_MAYORISTA,2020-01-29,60.2367
TC_MAYORISTA,2020-01-30,60.2475
TC_MAYORISTA,2020-01-31,60.3312
TC_MAYORISTA,2020-02-03,60.4325
TC_MAYORISTA,2020-02-04,60.579
TC_MAYORISTA,2020-02-05,60.5763
TC_MAYORISTA,2020-02-06,60.6732
TC_MAYORISTA,2020-02-07,60.7745
TC_MAYORISTA,2020-02-10,60.9688
TC_MAYORISTA,2020-02-11,61.112
TC_MAYORISTA,2020-02-12,61.2297
TC_MAYORISTA,2020-02-13,61.3808
TC_MAYORISTA,2020-02-14,61.4522
TC_MAYORISTA,2020-02-17,61.655
TC_MAYORISTA,2020-02-18,61.6645
TC_MAYORISTA,2020-02-19,61.7233
TC_MAYORISTA,2020-02-20,61.785
TC_MAYORISTA,2020-02-21,61.8348
TC_MAYORISTA,2020-02-26,62.0842
TC_MAYORISTA,2020-02-27,62.1375
TC_MAYORISTA,2020-02-28,62.208
TC_MAYORISTA,2020-03-02,62.2503
TC_MAYORISTA,2020-03-03,62.3002
TC_MAYORISTA,2020-03-04,62.3577
TC_MAYORISTA,2020-03-05,62.418
TC_MAYORISTA,2020-03-06,62.4793
TC_MAYORISTA,2020-03-09,62.5298
TC_MAYORISTA,2020-03-10,62.5898
TC_MAYORISTA,2020-03-11,62.6697
TC_MAYORISTA,2020-03-12,62.8182
TC_MAYORISTA,2020-03-13,62.8992
TC_MAYORISTA,2020-03-16,63.0398
TC_MAYORISTA,2020-03-17,63.175
TC_MAYORISTA,2020-03-18,63.33
TC_MAYORISTA,2020-03-19,63.5497
TC_MAYORISTA,2020-03-20,63.7688
TC_MAYORISTA,2020-03-25,64.0473
TC_MAYORISTA,2020-03-26,64.2295
TC_MAYORISTA,2020-03-27,64.4095
TC_MAYORISTA,2020-03-30,64.4697
TC_MAYORISTA,2020-04-01,64.5295
TC_MAYORISTA,2020-04-02,64.7165
TC_MAYORISTA,2020-04-03,64.9065
TC_MAYORISTA,2020-04-06,64.988
TC_MAYORISTA,2020-04-07,65.0695
TC_MAYORISTA,2020-04-08,65.1595
TC_MAYORISTA,2020-04-13,65.3795
TC_MAYORISTA,2020-04-14,65.498
TC_MAYORISTA,2020-04-15,65.6195
TC_MAYORISTA,2020-04-16,65.7395
TC_MAYORISTA,2020-04-17,65.8595
TC_MAYORISTA,2020-04-20,65.9778
TC_MAYORISTA,2020-04-21,66.0895
TC_MAYORISTA,2020-04-22,66.225
TC_MAYORISTA,2020-04-23,66.3167
TC_MAYORISTA,2020-04-24,66.425
TC_MAYORISTA,2020-04-27,66.525
TC_MAYORISTA,2020-04-28,66.635
TC_MAYORISTA,2020-04-29,66.745
TC_MAYORISTA,2020-04-30,66.835
TC_MAYORISTA,2020-05-04,66.925
TC_MAYORISTA,2020-05-05,67.005
TC_MAYORISTA,2020-05-06,67.095
TC_MAYORISTA,2020-05-07,67.185
TC_MAYORISTA,2020-05-08,67.275
TC_MAYORISTA,2020-05-11,67.365
TC_MAYORISTA,2020-05-12,67.455
TC_MAYORISTA,2020-05-13,67.545
TC_MAYORISTA,2020-05-14,67.635
TC_MAYORISTA,2020-05-15,67.725
TC_MAYORISTA,2020-05-18,67.815
TC_MAYORISTA,2020-05-19,67.905
TC_MAYORISTA,2020-05-20,67.995
TC_MAYORISTA,2020-05-21,68.085
TC_MAYORISTA,2020-05-22,68.175
TC_MAYORISTA,2020-05-26,68.265
TC_MAYORISTA,2020-05-27,68.355
TC_MAYORISTA,2020-05-28,68.445
TC_MAYORISTA,2020-05-29,68.535
TC_MAYORISTA,2020-06-01,68.625
TC_MAYORISTA,2020-06-02,68.715
TC_MAYORISTA,2020-06-03,68.805
TC_MAYORISTA,2020-06-04,68.895
TC_MAYORISTA,2020-06-05,68.985
TC_MAYORISTA,2020-06-08,69.075
TC_MAYORISTA,2020-06-09,69.165
TC_MAYORISTA,2020-06-10,69.255
TC_MAYORISTA,2020-06-11,69.315
TC_MAYORISTA,2020-06-12,69.375
TC_MAYORISTA,2020-06-16,69.615
TC_MAYORISTA,2020-06-17,69.675
TC_MAYORISTA,2020-06-18,69.735
TC_MAYORISTA,2020-06-19,69.795
TC_MAYORISTA,2020-06-22,69.975
TC_MAYORISTA,2020-06-23,70.035
TC_MAYORISTA,2020-06-24,70.095
TC_MAYORISTA,2020-06-25,70.155
TC_MAYORISTA,2020-06-26,70.215
TC_MAYORISTA,2020-06-29,70.395
TC_MAYORISTA,2020-06-30,70.455
TC_MAYORISTA,2020-07-01,70.515
TC_MAYORISTA,2020-07-02,70.575
TC_MAYORISTA,2020-07-03,70.635
TC_MAYORISTA,2020-07-06,70.815
TC_MAYORISTA,2020-07-07,70.875
TC_MAYORISTA,2020-07-08,70.935
TC_MAYORISTA,2020-07-13,71.2333
TC_MAYORISTA,2020-07-14,71.295
TC_MAYORISTA,2020-07-15,71.355
TC_MAYORISTA,2020-07-16,71.415
TC_MAYORISTA,2020-07-17,71.475
TC_MAYORISTA,2020-07-20,71.655
TC_MAYORISTA,2020-07-21,71.715
TC_MAYORISTA,2020-07-22,71.775
TC_MAYORISTA,2020-07-23,71.835
TC_MAYORISTA,2020-07-24,71.895
TC_MAYORISTA,2020-07-27,72.075
TC_MAYORISTA,2020-07-28,72.135
TC_MAYORISTA,2020-07-29,72.195
TC_MAYORISTA,2020-07-30,72.255
TC_MAYORISTA,2020-07-31,72.315
TC_MAYORISTA,2020-08-03,72.515
TC_MAYORISTA,2020-08-04,72.565
TC_MAYORISTA,2020-08-05,72.615
TC_MAYORISTA,2020-08-06,72.695
TC_MAYORISTA,2020-08-07,72.765
TC_MAYORISTA,2020-08-10,72.945
TC_MAYORISTA,2020-08-11,72.995
TC_MAYORISTA,2020-08-12,73.045
TC_MAYORISTA,2020-08-13,73.105
TC_MAYORISTA,2020-08-14,73.155
TC_MAYORISTA,2020-08-18,73.395
TC_MAYORISTA,2020-08-19,73.475
TC_MAYORISTA,2020-08-20,73.525
TC_MAYORISTA,2020-08-21,73.575
TC_MAYORISTA,2020-08-24,73.725
TC_MAYORISTA,2020-08-25,73.805
TC_MAYORISTA,2020-08-26,73.855
TC_MAYORISTA,2020-08-27,73.935
TC_MAYORISTA,2020-08-28,73.995
TC_MAYORISTA,2020-08-31,74.175
TC_MAYORISTA,2020-09-01,74.245
TC_MAYORISTA,2020-09-02,74.315
TC_MAYORISTA,2020-09-03,74.375
TC_MAYORISTA,2020-09-04,74.435
TC_MAYORISTA,2020-09-07,74.645
TC_MAYORISTA,2020-09-08,74.705
TC_MAYORISTA,2020-09-09,74.765
TC_MAYORISTA,2020-09-10,74.835
TC_MAYORISTA,2020-09-11,74.905
TC_MAYORISTA,2020-09-14,75.115
TC_MAYORISTA,2020-09-15,75.185
TC_MAYORISTA,2020-09-16,75.245
TC_MAYORISTA,2020-09-17,75.315
TC_MAYORISTA,2020-09-18,75.375
TC_MAYORISTA,2020-09-21,75.585
TC_MAYORISTA,2020-09-22,75.645
TC_MAYORISTA,2020-09-23,75.715
TC_MAYORISTA,2020-09-24,75.775
TC_MAYORISTA,2020-09-25,75.845
TC_MAYORISTA,2020-09-28,76.055
TC_MAYORISTA,2020-09-29,76.115
TC_MAYORISTA,2020-09-30,76.175
TC_MAYORISTA,2020-10-01,76.245
TC_MAYORISTA,2020-10-02,76.945
TC_MAYORISTA,2020-10-05,77.0517
TC_MAYORISTA,2020-10-06,77.08
TC_MAYORISTA,2020-10-07,77.0967
TC_MAYORISTA,2020-10-08,77.1033
TC_MAYORISTA,2020-10-09,77.1083
TC_MAYORISTA,2020-10-13,77.4033
TC_MAYORISTA,2020-10-14,77.4217
TC_MAYORISTA,2020-10-15,77.46
TC_MAYORISTA,2020-10-16,77.5317
TC_MAYORISTA,2020-10-19,77.5767
TC_MAYORISTA,2020-10-20,77.6567
TC_MAYORISTA,2020-10-21,77.7133
TC_MAYORISTA,2020-10-22,78.0467
TC_MAYORISTA,2020-10-23,78.0883
TC_MAYORISTA,2020-10-26,78.2067
TC_MAYORISTA,2020-10-27,78.2967
TC_MAYORISTA,2020-10-28,78.2983
TC_MAYORISTA,2020-10-29,78.2967
TC_MAYORISTA,2020-10-30,78.3283
TC_MAYORISTA,2020-11-02,78.69
TC_MAYORISTA,2020-11-03,78.9033
TC_MAYORISTA,2020-11-04,79.0233
TC_MAYORISTA,2020-11-05,79.0933
TC_MAYORISTA,2020-11-09,79.3433
TC_MAYORISTA,2020-11-10,79.425
TC_MAYORISTA,2020-11-11,79.4783
TC_MAYORISTA,2020-11-12,79.575
TC_MAYORISTA,2020-11-13,79.7283
TC_MAYORISTA,2020-11-16,79.955
TC_MAYORISTA,2020-11-17,80.0283
TC_MAYORISTA,2020-11-18,80.1517
TC_MAYORISTA,2020-11-19,80.2717
TC_MAYORISTA,2020-11-20,80.3583
TC_MAYORISTA,2020-11-24,80.6917
TC_MAYORISTA,2020-11-25,80.7917
TC_MAYORISTA,2020-11-26,80.8883
TC_MAYORISTA,2020-11-27,81.0383
TC_MAYORISTA,2020-11-30,81.2967
TC_MAYORISTA,2020-12-01,81.395
TC_MAYORISTA,2020-12-02,81.475
TC_MAYORISTA,2020-12-03,81.5617
TC_MAYORISTA,2020-12-04,81.6517
TC_MAYORISTA,2020-12-09,82.045
TC_MAYORISTA,2020-12-10,82.13
TC_MAYORISTA,2020-12-11,82.215
TC_MAYORISTA,2020-12-14,82.4567
TC_MAYORISTA,2020-12-15,82.535
TC_MAYORISTA,2020-12-16,82.6267
TC_MAYORISTA,2020-12-17,82.7217
TC_MAYORISTA,2020-12-18,82.8383
TC_MAYORISTA,2020-12-21,83.1483
TC_MAYORISTA,2020-12-22,83.2483
TC_MAYORISTA,2020-12-23,83.3583
TC_MAYORISTA,2020-12-28,83.905
TC_MAYORISTA,2020-12-29,84.025
TC_MAYORISTA,2020-12-30,84.145
TC_MAYORISTA,2021-01-04,84.7033
TC_MAYORISTA,2021-01-05,84.7967
TC_MAYORISTA,2021-01-06,84.9033
TC_MAYORISTA,2021-01-07,85.0
TC_MAYORISTA,2021-01-08,85.105
TC_MAYORISTA,2021-01-11,85.3783
TC_MAYORISTA,2021-01-12,85.465
TC_MAYORISTA,2021-01-13,85.555
TC_MAYORISTA,2021-01-14,85.645
TC_MAYORISTA,2021-01-15,85.735
TC_MAYORISTA,2021-01-18,86.0667
TC_MAYORISTA,2021-01-19,86.1967
TC_MAYORISTA,2021-01-20,86.32
TC_MAYORISTA,2021-01-21,86.4283
TC_MAYORISTA,2021-01-22,86.5467
TC_MAYORISTA,2021-01-25,86.9117
TC_MAYORISTA,2021-01-26,87.0217
TC_MAYORISTA,2021-01-27,87.1233
TC_MAYORISTA,2021-01-28,87.2167
TC_MAYORISTA,2021-01-29,87.2983
TC_MAYORISTA,2021-02-01,87.605
TC_MAYORISTA,2021-02-02,87.7033
TC_MAYORISTA,2021-02-03,87.805
TC_MAYORISTA,2021-02-04,87.905
TC_MAYORISTA,2021-02-05,88.005
TC_MAYORISTA,2021-02-08,88.165
TC_MAYORISTA,2021-02-09,88.275
TC_MAYORISTA,2021-02-10,88.355
TC_MAYORISTA,2021-02-11,88.45
TC_MAYORISTA,2021-02-12,88.5383
TC_MAYORISTA,2021-02-17,88.945
TC_MAYORISTA,2021-02-18,89.045
TC_MAYORISTA,2021-02-19,89.1567
TC_MAYORISTA,2021-02-22,89.4383
TC_MAYORISTA,2021-02-23,89.535
TC_MAYORISTA,2021-02-24,89.6383
TC_MAYORISTA,2021-02-25,89.7533
TC_MAYORISTA,2021-02-26,89.825
TC_MAYORISTA,2021-03-01,90.085
TC_MAYORISTA,2021-03-02,90.155
TC_MAYORISTA,2021-03-03,90.2233
TC_MAYORISTA,2021-03-04,90.295
TC_MAYORISTA,2021-03-05,90.365
TC_MAYORISTA,2021-03-08,90.5817
TC_MAYORISTA,2021-03-09,90.6517
TC_MAYORISTA,2021-03-10,90.7233
TC_MAYORISTA,2021-03-11,90.7867
TC_MAYORISTA,2021-03-12,90.855
TC_MAYORISTA,2021-03-15,91.0667
TC_MAYORISTA,2021-03-16,91.135
TC_MAYORISTA,2021-03-17,91.205
TC_MAYORISTA,2021-03-18,91.28
TC_MAYORISTA,2021-03-19,91.3567
TC_MAYORISTA,2021-03-22,91.5683
TC_MAYORISTA,2021-03-23,91.6367
TC_MAYORISTA,2021-03-25,91.7767
TC_MAYORISTA,2021-03-26,91.8483
TC_MAYORISTA,2021-03-29,91.9217
TC_MAYORISTA,2021-03-30,91.9583
TC_MAYORISTA,2021-03-31,91.985
TC_MAYORISTA,2021-04-05,92.2367
TC_MAYORISTA,2021-04-06,92.2867
TC_MAYORISTA,2021-04-07,92.335
TC_MAYORISTA,2021-04-08,92.3867
TC_MAYORISTA,2021-04-09,92.435
TC_MAYORISTA,2021-04-12,92.5817
TC_MAYORISTA,2021-04-13,92.6283
TC_MAYORISTA,2021-04-14,92.6767
TC_MAYORISTA,2021-04-15,92.725
TC_MAYORISTA,2021-04-16,92.7767
TC_MAYORISTA,2021-04-19,92.9267
TC_MAYORISTA,2021-04-20,92.975
TC_MAYORISTA,2021-04-21,93.025
TC_MAYORISTA,2021-04-22,93.075
TC_MAYORISTA,2021-04-23,93.125
TC_MAYORISTA,2021-04-26,93.275
TC_MAYORISTA,2021-04-27,93.335
TC_MAYORISTA,2021-04-28,93.4167
TC_MAYORISTA,2021-04-29,93.5
TC_MAYORISTA,2021-04-30,93.555
TC_MAYORISTA,2021-05-03,93.675
TC_MAYORISTA,2021-05-04,93.715
TC_MAYORISTA,2021-05-05,93.755
TC_MAYORISTA,2021-05-06,93.795
TC_MAYORISTA,2021-05-07,93.835
TC_MAYORISTA,2021-05-10,93.925
TC_MAYORISTA,2021-05-11,93.955
TC_MAYORISTA,2021-05-12,93.985
TC_MAYORISTA,2021-05-13,94.015
TC_MAYORISTA,2021-05-14,94.045
TC_MAYORISTA,2021-05-17,94.135
TC_MAYORISTA,2021-05-18,94.165
TC_MAYORISTA,2021-05-19,94.21
TC_MAYORISTA,2021-05-20,94.245
TC_MAYORISTA,2021-05-21,94.2767
TC_MAYORISTA,2021-05-26,94.485
TC_MAYORISTA,2021-05-27,94.525
TC_MAYORISTA,2021-05-28,94.565
TC_MAYORISTA,2021-05-31,94.685
TC_MAYORISTA,2021-06-01,94.735
TC_MAYORISTA,2021-06-02,94.775
TC_MAYORISTA,2021-06-03,94.815
TC_MAYORISTA,2021-06-04,94.86
TC_MAYORISTA,2021-06-07,94.975
TC_MAYORISTA,2021-06-08,95.015
TC_MAYORISTA,2021-06-09,95.055
TC_MAYORISTA,2021-06-10,95.0967
TC_MAYORISTA,2021-06-11,95.135
TC_MAYORISTA,2021-06-14,95.255
TC_MAYORISTA,2021-06-15,95.285
TC_MAYORISTA,2021-06-16,95.315
TC_MAYORISTA,2021-06-17,95.3517
TC_MAYORISTA,2021-06-18,95.3817
TC_MAYORISTA,2021-06-22,95.4967
TC_MAYORISTA,2021-06-23,95.53
TC_MAYORISTA,2021-06-24,95.5583
TC_MAYORISTA,2021-06-25,95.59
TC_MAYORISTA,2021-06-28,95.6833
TC_MAYORISTA,2021-06-29,95.705
TC_MAYORISTA,2021-06-30,95.7267
TC_MAYORISTA,2021-07-01,95.7667
TC_MAYORISTA,2021-07-02,95.795
TC_MAYORISTA,2021-07-05,95.89
TC_MAYORISTA,2021-07-06,95.9183
TC_MAYORISTA,2021-07-07,95.9483
TC_MAYORISTA,2021-07-08,95.9767
TC_MAYORISTA,2021-07-12,96.095
TC_MAYORISTA,2021-07-13,96.125
TC_MAYORISTA,2021-07-14,96.155
TC_MAYORISTA,2021-07-15,96.185
TC_MAYORISTA,2021-07-16,96.215
TC_MAYORISTA,2021-07-19,96.305
TC_MAYORISTA,2021-07-20,96.335
TC_MAYORISTA,2021-07-21,96.365
TC_MAYORISTA,2021-07-22,96.395
TC_MAYORISTA,2021-07-23,96.4317
TC_MAYORISTA,2021-07-26,96.5267
TC_MAYORISTA,2021-07-27,96.5783
TC_MAYORISTA,2021-07-28,96.635
TC_MAYORISTA,2021-07-29,96.6667
TC_MAYORISTA,2021-07-30,96.685
TC_MAYORISTA,2021-08-02,96.7817
TC_MAYORISTA,2021-08-03,96.8133
TC_MAYORISTA,2021-08-04,96.8433
TC_MAYORISTA,2021-08-05,96.875
TC_MAYORISTA,2021-08-06,96.9083
TC_MAYORISTA,2021-08-09,96.9967
TC_MAYORISTA,2021-08-10,97.0283
TC_MAYORISTA,2021-08-11,97.0517
TC_MAYORISTA,2021-08-12,97.0767
TC_MAYORISTA,2021-08-13,97.105
TC_MAYORISTA,2021-08-17,97.23
TC_MAYORISTA,2021-08-18,97.265
TC_MAYORISTA,2021-08-19,97.2883
TC_MAYORISTA,2021-08-20,97.315
TC_MAYORISTA,2021-08-23,97.4117
TC_MAYORISTA,2021-08-24,97.4367
TC_MAYORISTA,2021-08-25,97.4833
TC_MAYORISTA,2021-08-26,97.545
TC_MAYORISTA,2021-08-27,97.5667
TC_MAYORISTA,2021-08-30,97.7167
TC_MAYORISTA,2021-08-31,97.7517
TC_MAYORISTA,2021-09-01,97.78
TC_MAYORISTA,2021-09-02,97.8333
TC_MAYORISTA,2021-09-03,97.8683
TC_MAYORISTA,2021-09-06,97.95
TC_MAYORISTA,2021-09-07,97.9883
TC_MAYORISTA,2021-09-08,98.0233
TC_MAYORISTA,2021-09-09,98.05
TC_MAYORISTA,2021-09-10,98.0967
TC_MAYORISTA,2021-09-13,98.2083
TC_MAYORISTA,2021-09-14,98.22
TC_MAYORISTA,2021-09-15,98.245
TC_MAYORISTA,2021-09-16,98.3117
TC_MAYORISTA,2021-09-17,98.3483
TC_MAYORISTA,2021-09-20,98.4817
TC_MAYORISTA,2021-09-21,98.4917
TC_MAYORISTA,2021-09-22,98.505
TC_MAYORISTA,2021-09-23,98.5183
TC_MAYORISTA,2021-09-24,98.56
TC_MAYORISTA,2021-09-27,98.6683
TC_MAYORISTA,2021-09-28,98.6817
TC_MAYORISTA,2021-09-29,98.705
TC_MAYORISTA,2021-09-30,98.735
TC_MAYORISTA,2021-10-01,98.7817
TC_MAYORISTA,2021-10-04,98.885
TC_MAYORISTA,2021-10-05,98.9
TC_MAYORISTA,2021-10-06,98.9217
TC_MAYORISTA,2021-10-07,98.945
TC_MAYORISTA,2021-10-12,99.1
TC_MAYORISTA,2021-10-13,99.125
TC_MAYORISTA,2021-10-14,99.155
TC_MAYORISTA,2021-10-15,99.185
TC_MAYORISTA,2021-10-18,99.275
TC_MAYORISTA,2021-10-19,99.305
TC_MAYORISTA,2021-10-20,99.3383
TC_MAYORISTA,2021-10-21,99.3683
TC_MAYORISTA,2021-10-22,99.3983
TC_MAYORISTA,2021-10-25,99.4933
TC_MAYORISTA,2021-10-26,99.5267
TC_MAYORISTA,2021-10-27,99.6167
TC_MAYORISTA,2021-10-28,99.6917
TC_MAYORISTA,2021-10-29,99.7217
TC_MAYORISTA,2021-11-01,99.825
TC_MAYORISTA,2021-11-02,99.8533
TC_MAYORISTA,2021-11-03,99.9033
TC_MAYORISTA,2021-11-04,99.9517
TC_MAYORISTA,2021-11-05,99.9467
TC_MAYORISTA,2021-11-08,100.05
TC_MAYORISTA,2021-11-09,100.0983
TC_MAYORISTA,2021-11-10,100.1433
TC_MAYORISTA,2021-11-11,100.175
TC_MAYORISTA,2021-11-12,100.2267
TC_MAYORISTA,2021-11-15,100.2917
TC_MAYORISTA,2021-11-16,100.3083
TC_MAYORISTA,2021-11-17,100.3583
TC_MAYORISTA,2021-11-18,100.4067
TC_MAYORISTA,2021-11-19,100.465
TC_MAYORISTA,2021-11-23,100.595
TC_MAYORISTA,2021-11-24,100.6233
TC_MAYORISTA,2021-11-25,100.6833
TC_MAYORISTA,2021-11-26,100.7583
TC_MAYORISTA,2021-11-29,100.9233
TC_MAYORISTA,2021-11-30,100.925
TC_MAYORISTA,2021-12-01,101.005
TC_MAYORISTA,2021-12-02,101.07
TC_MAYORISTA,2021-12-03,101.155
TC_MAYORISTA,2021-12-06,101.3233
TC_MAYORISTA,2021-12-07,101.365
TC_MAYORISTA,2021-12-09,101.5083
TC_MAYORISTA,2021-12-10,101.58
TC_MAYORISTA,2021-12-13,101.725
TC_MAYORISTA,2021-12-14,101.7733
TC_MAYORISTA,2021-12-15,101.83
TC_MAYORISTA,2021-12-16,101.8883
TC_MAYORISTA,2021-12-17,101.9667
TC_MAYORISTA,2021-12-20,102.145
TC_MAYORISTA,2021-12-21,102.2017
TC_MAYORISTA,2021-12-22,102.2767
TC_MAYORISTA,2021-12-23,102.33
TC_MAYORISTA,2021-12-27,102.5667
TC_MAYORISTA,2021-12-28,102.62
TC_MAYORISTA,2021-12-29,102.69
TC_MAYORISTA,2021-12-30,102.75
TC_MAYORISTA,2022-01-03,103.04
TC_MAYORISTA,2022-01-04,103.08
TC_MAYORISTA,2022-01-05,103.15
TC_MAYORISTA,2022-01-06,103.23
TC_MAYORISTA,2022-01-07,103.29
TC_MAYORISTA,2022-01-10,103.5083
TC_MAYORISTA,2022-01-11,103.5767
TC_MAYORISTA,2022-01-12,103.6417
TC_MAYORISTA,2022-01-13,103.7433
TC_MAYORISTA,2022-01-14,103.8467
TC_MAYORISTA,2022-01-17,104.07
TC_MAYORISTA,2022-01-18,104.1867
TC_MAYORISTA,2022-01-19,104.2383
TC_MAYORISTA,2022-01-20,104.3033
TC_MAYORISTA,2022-01-21,104.3533
TC_MAYORISTA,2022-01-24,104.5317
TC_MAYORISTA,2022-01-25,104.6033
TC_MAYORISTA,2022-01-26,104.6833
TC_MAYORISTA,2022-01-27,104.7583
TC_MAYORISTA,2022-01-28,104.8267
TC_MAYORISTA,2022-01-31,105.015
TC_MAYORISTA,2022-02-01,105.135
TC_MAYORISTA,2022-02-02,105.2167
TC_MAYORISTA,2022-02-03,105.31
TC_MAYORISTA,2022-02-04,105.415
TC_MAYORISTA,2022-02-07,105.695
TC_MAYORISTA,2022-02-08,105.795
TC_MAYORISTA,2022-02-09,105.905
TC_MAYORISTA,2022-02-10,106.005
TC_MAYORISTA,2022-02-11,106.1133
TC_MAYORISTA,2022-02-14,106.3917
TC_MAYORISTA,2022-02-15,106.4767
TC_MAYORISTA,2022-02-16,106.575
TC_MAYORISTA,2022-02-17,106.6767
TC_MAYORISTA,2022-02-18,106.7783
TC_MAYORISTA,2022-02-21,107.055
TC_MAYORISTA,2022-02-22,107.1567
TC_MAYORISTA,2022-02-23,107.3
TC_MAYORISTA,2022-02-24,107.3933
TC_MAYORISTA,2022-02-25,107.4417
TC_MAYORISTA,2022-03-02,107.935
TC_MAYORISTA,2022-03-03,108.0383
TC_MAYORISTA,2022-03-04,108.1617
TC_MAYORISTA,2022-03-07,108.4517
TC_MAYORISTA,2022-03-08,108.5567
TC_MAYORISTA,2022-03-09,108.6767
TC_MAYORISTA,2022-03-10,108.7833
TC_MAYORISTA,2022-03-11,108.8867
TC_MAYORISTA,2022-03-14,109.21
TC_MAYORISTA,2022-03-15,109.305
TC_MAYORISTA,2022-03-16,109.4267
TC_MAYORISTA,2022-03-17,109.52
TC_MAYORISTA,2022-03-18,109.6367
TC_MAYORISTA,2022-03-21,109.9917
TC_MAYORISTA,2022-03-22,110.0717
TC_MAYORISTA,2022-03-23,110.185
TC_MAYORISTA,2022-03-25,110.39
TC_MAYORISTA,2022-03-28,110.7033
TC_MAYORISTA,2022-03-29,110.8033
TC_MAYORISTA,2022-03-30,110.9167
TC_MAYORISTA,2022-03-31,110.9783
TC_MAYORISTA,2022-04-01,111.125
TC_MAYORISTA,2022-04-04,111.5583
TC_MAYORISTA,2022-04-05,111.6983
TC_MAYORISTA,2022-04-06,111.8433
TC_MAYORISTA,2022-04-07,111.9783
TC_MAYORISTA,2022-04-08,112.13
TC_MAYORISTA,2022-04-11,112.5917
TC_MAYORISTA,2022-04-12,112.735
TC_MAYORISTA,2022-04-13,112.9133
TC_MAYORISTA,2022-04-18,113.6617
TC_MAYORISTA,2022-04-19,113.7867
TC_MAYORISTA,2022-04-20,113.9483
TC_MAYORISTA,2022-04-21,114.1067
TC_MAYORISTA,2022-04-22,114.2517
TC_MAYORISTA,2022-04-25,114.695
TC_MAYORISTA,2022-04-26,114.8417
TC_MAYORISTA,2022-04-27,115.005
TC_MAYORISTA,2022-04-28,115.1733
TC_MAYORISTA,2022-04-29,115.3117
TC_MAYORISTA,2022-05-02,115.7517
TC_MAYORISTA,2022-05-03,115.875
TC_MAYORISTA,2022-05-04,116.015
TC_MAYORISTA,2022-05-05,116.1583
TC_MAYORISTA,2022-05-06,116.305
TC_MAYORISTA,2022-05-09,116.755
TC_MAYORISTA,2022-05-10,116.915
TC_MAYORISTA,2022-05-11,117.0883
TC_MAYORISTA,2022-05-12,117.2517
TC_MAYORISTA,2022-05-13,117.4067
TC_MAYORISTA,2022-05-16,117.8717
TC_MAYORISTA,2022-05-17,118.0383
TC_MAYORISTA,2022-05-19,118.3583
TC_MAYORISTA,2022-05-20,118.4917
TC_MAYORISTA,2022-05-23,118.9483
TC_MAYORISTA,2022-05-24,119.1017
TC_MAYORISTA,2022-05-26,119.4167
TC_MAYORISTA,2022-05-27,119.5583
TC_MAYORISTA,2022-05-30,120.005
TC_MAYORISTA,2022-05-31,120.1617
TC_MAYORISTA,2022-06-01,120.325
TC_MAYORISTA,2022-06-02,120.4683
TC_MAYORISTA,2022-06-03,120.6283
TC_MAYORISTA,2022-06-06,121.1083
TC_MAYORISTA,2022-06-07,121.2783
TC_MAYORISTA,2022-06-08,121.455
TC_MAYORISTA,2022-06-09,121.625
TC_MAYORISTA,2022-06-10,121.7933
TC_MAYORISTA,2022-06-13,122.2983
TC_MAYORISTA,2022-06-14,122.475
TC_MAYORISTA,2022-06-15,122.69
TC_MAYORISTA,2022-06-16,122.895
TC_MAYORISTA,2022-06-21,123.685
TC_MAYORISTA,2022-06-22,123.8617
TC_MAYORISTA,2022-06-23,124.0333
TC_MAYORISTA,2022-06-24,124.255
TC_MAYORISTA,2022-06-27,124.705
TC_MAYORISTA,2022-06-28,124.875
TC_MAYORISTA,2022-06-29,125.045
TC_MAYORISTA,2022-06-30,125.215
TC_MAYORISTA,2022-07-01,125.4117
TC_MAYORISTA,2022-07-04,125.9883
TC_MAYORISTA,2022-07-05,126.1833
TC_MAYORISTA,2022-07-06,126.3783
TC_MAYORISTA,2022-07-07,126.57
TC_MAYORISTA,2022-07-08,126.7783
TC_MAYORISTA,2022-07-11,127.3717
TC_MAYORISTA,2022-07-12,127.5733
TC_MAYORISTA,2022-07-13,127.7933
TC_MAYORISTA,2022-07-14,128.0167
TC_MAYORISTA,2022-07-15,128.2317
TC_MAYORISTA,2022-07-18,128.8983
TC_MAYORISTA,2022-07-19,129.1267
TC_MAYORISTA,2022-07-20,129.39
TC_MAYORISTA,2022-07-21,129.61
TC_MAYORISTA,2022-07-22,129.76
TC_MAYORISTA,2022-07-25,130.4033
TC_MAYORISTA,2022-07-26,130.6233
TC_MAYORISTA,2022-07-27,130.8933
TC_MAYORISTA,2022-07-28,131.125
TC_MAYORISTA,2022-07-29,131.2267
TC_MAYORISTA,2022-08-01,131.935
TC_MAYORISTA,2022-08-02,132.1783
TC_MAYORISTA,2022-08-03,132.41
TC_MAYORISTA,2022-08-04,132.6417
TC_MAYORISTA,2022-08-05,132.8867
TC_MAYORISTA,2022-08-08,133.56
TC_MAYORISTA,2022-08-09,133.8033
TC_MAYORISTA,2022-08-10,134.0383
TC_MAYORISTA,2022-08-11,134.2283
TC_MAYORISTA,2022-08-12,134.5183
TC_MAYORISTA,2022-08-16,135.395
TC_MAYORISTA,2022-08-17,135.57
TC_MAYORISTA,2022-08-18,135.7733
TC_MAYORISTA,2022-08-19,136.06
TC_MAYORISTA,2022-08-22,136.685
TC_MAYORISTA,2022-08-23,136.9033
TC_MAYORISTA,2022-08-24,137.145
TC_MAYORISTA,2022-08-25,137.3933
TC_MAYORISTA,2022-08-26,137.6517
TC_MAYORISTA,2022-08-29,138.325
TC_MAYORISTA,2022-08-30,138.5717
TC_MAYORISTA,2022-08-31,138.7133
TC_MAYORISTA,2022-09-01,139.005
TC_MAYORISTA,2022-09-05,140.2
TC_MAYORISTA,2022-09-06,140.5783
TC_MAYORISTA,2022-09-07,140.82
TC_MAYORISTA,2022-09-08,141.1767
TC_MAYORISTA,2022-09-09,141.375
TC_MAYORISTA,2022-09-12,142.275
TC_MAYORISTA,2022-09-13,142.575
TC_MAYORISTA,2022-09-14,142.875
TC_MAYORISTA,2022-09-15,143.1817
TC_MAYORISTA,2022-09-16,143.4967
TC_MAYORISTA,2022-09-19,144.345
TC_MAYORISTA,2022-09-20,144.6317
TC_MAYORISTA,2022-09-21,144.9033
TC_MAYORISTA,2022-09-22,145.1683
TC_MAYORISTA,2022-09-23,145.4583
TC_MAYORISTA,2022-09-26,146.2633
TC_MAYORISTA,2022-09-27,146.5583
TC_MAYORISTA,2022-09-28,146.8383
TC_MAYORISTA,2022-09-29,147.09
TC_MAYORISTA,2022-09-30,147.315
TC_MAYORISTA,2022-10-03,148.2433
TC_MAYORISTA,2022-10-04,148.5767
TC_MAYORISTA,2022-10-05,148.9133
TC_MAYORISTA,2022-10-06,149.1983
TC_MAYORISTA,2022-10-11,150.7283
TC_MAYORISTA,2022-10-12,151.0267
TC_MAYORISTA,2022-10-13,151.3217
TC_MAYORISTA,2022-10-14,151.6283
TC_MAYORISTA,2022-10-17,152.53
TC_MAYORISTA,2022-10-18,152.825
TC_MAYORISTA,2022-10-19,153.165
TC_MAYORISTA,2022-10-20,153.5
TC_MAYORISTA,2022-10-21,153.8117
TC_MAYORISTA,2022-10-24,154.7367
TC_MAYORISTA,2022-10-25,155.0533
TC_MAYORISTA,2022-10-26,155.3967
TC_MAYORISTA,2022-10-27,155.6983
TC_MAYORISTA,2022-10-28,156.0167
TC_MAYORISTA,2022-10-31,156.895
TC_MAYORISTA,2022-11-01,157.235
TC_MAYORISTA,2022-11-02,157.5933
TC_MAYORISTA,2022-11-03,157.94
TC_MAYORISTA,2022-11-04,158.2667
TC_MAYORISTA,2022-11-07,159.33
TC_MAYORISTA,2022-11-08,159.7083
TC_MAYORISTA,2022-11-09,160.0467
TC_MAYORISTA,2022-11-10,160.3633
TC_MAYORISTA,2022-11-11,160.7067
TC_MAYORISTA,2022-11-14,161.7617
TC_MAYORISTA,2022-11-15,162.1283
TC_MAYORISTA,2022-11-16,162.4567
TC_MAYORISTA,2022-11-17,162.795
TC_MAYORISTA,2022-11-18,163.1467
TC_MAYORISTA,2022-11-22,164.5233
TC_MAYORISTA,2022-11-23,164.8467
TC_MAYORISTA,2022-11-24,165.2133
TC_MAYORISTA,2022-11-25,165.5883
TC_MAYORISTA,2022-11-28,166.625
TC_MAYORISTA,2022-11-29,166.955
TC_MAYORISTA,2022-11-30,167.255
TC_MAYORISTA,2022-12-01,167.685
TC_MAYORISTA,2022-12-02,168.0933
TC_MAYORISTA,2022-12-05,169.135
TC_MAYORISTA,2022-12-06,169.5083
TC_MAYORISTA,2022-12-07,169.8683
TC_MAYORISTA,2022-12-12,171.425
TC_MAYORISTA,2022-12-13,171.7617
TC_MAYORISTA,2022-12-14,172.1
TC_MAYORISTA,2022-12-15,172.425
TC_MAYORISTA,2022-12-16,172.73
TC_MAYORISTA,2022-12-19,173.645
TC_MAYORISTA,2022-12-20,173.9317
TC_MAYORISTA,2022-12-21,174.25
TC_MAYORISTA,2022-12-22,174.5883
TC_MAYORISTA,2022-12-23,174.8483
TC_MAYORISTA,2022-12-26,175.745
TC_MAYORISTA,2022-12-27,176.0717
TC_MAYORISTA,2022-12-28,176.38
TC_MAYORISTA,2022-12-29,176.7433
TC_MAYORISTA,2022-12-30,177.1283
TC_MAYORISTA,2023-01-02,178.1417
TC_MAYORISTA,2023-01-03,178.4317
TC_MAYORISTA,2023-01-04,178.6533
TC_MAYORISTA,2023-01-05,178.94
TC_MAYORISTA,2023-01-06,179.2433
TC_MAYORISTA,2023-01-09,180.1367
TC_MAYORISTA,2023-01-10,180.4017
TC_MAYORISTA,2023-01-11,180.6883
TC_MAYORISTA,2023-01-12,180.97
TC_MAYORISTA,2023-01-13,181.28
TC_MAYORISTA,2023-01-16,182.1633
TC_MAYORISTA,2023-01-17,182.4917
TC_MAYORISTA,2023-01-18,182.8033
TC_MAYORISTA,2023-01-19,183.125
TC_MAYORISTA,2023-01-20,183.4367
TC_MAYORISTA,2023-01-23,184.3733
TC_MAYORISTA,2023-01-24,184.6867
TC_MAYORISTA,2023-01-25,185.005
TC_MAYORISTA,2023-01-26,185.315
TC_MAYORISTA,2023-01-27,185.63
TC_MAYORISTA,2023-01-30,186.5783
TC_MAYORISTA,2023-01-31,186.875
TC_MAYORISTA,2023-02-01,187.3083
TC_MAYORISTA,2023-02-02,187.6133
TC_MAYORISTA,2023-02-03,187.95
TC_MAYORISTA,2023-02-06,189.095
TC_MAYORISTA,2023-02-07,189.4567
TC_MAYORISTA,2023-02-08,189.8633
TC_MAYORISTA,2023-02-09,190.2033
TC_MAYORISTA,2023-02-10,190.5283
TC_MAYORISTA,2023-02-13,191.64
TC_MAYORISTA,2023-02-14,192.02
TC_MAYORISTA,2023-02-15,192.375
TC_MAYORISTA,2023-02-16,192.7833
TC_MAYORISTA,2023-02-17,193.1933
TC_MAYORISTA,2023-02-22,194.98
TC_MAYORISTA,2023-02-23,195.35
TC_MAYORISTA,2023-02-24,195.7383
TC_MAYORISTA,2023-02-27,196.8117
TC_MAYORISTA,2023-02-28,197.1533
TC_MAYORISTA,2023-03-01,197.56
TC_MAYORISTA,2023-03-02,197.8867
TC_MAYORISTA,2023-03-03,198.26
TC_MAYORISTA,2023-03-06,199.345
TC_MAYORISTA,2023-03-07,199.6717
TC_MAYORISTA,2023-03-08,200.0267
TC_MAYORISTA,2023-03-09,200.3567
TC_MAYORISTA,2023-03-10,200.7217
TC_MAYORISTA,2023-03-13,201.8017
TC_MAYORISTA,2023-03-14,202.1483
TC_MAYORISTA,2023-03-15,202.5217
TC_MAYORISTA,2023-03-16,202.955
TC_MAYORISTA,2023-03-17,203.34
TC_MAYORISTA,2023-03-20,204.4967
TC_MAYORISTA,2023-03-21,204.9633
TC_MAYORISTA,2023-03-22,205.395
TC_MAYORISTA,2023-03-23,205.79
TC_MAYORISTA,2023-03-27,207.4017
TC_MAYORISTA,2023-03-28,207.84
TC_MAYORISTA,2023-03-29,208.2533
TC_MAYORISTA,2023-03-30,208.5983
TC_MAYORISTA,2023-03-31,208.9883
TC_MAYORISTA,2023-04-03,210.33
TC_MAYORISTA,2023-04-04,210.8
TC_MAYORISTA,2023-04-05,211.235
TC_MAYORISTA,2023-04-10,213.3283
TC_MAYORISTA,2023-04-11,213.7983
TC_MAYORISTA,2023-04-12,214.25
TC_MAYORISTA,2023-04-13,214.665
TC_MAYORISTA,2023-04-14,215.095
TC_MAYORISTA,2023-04-17,216.3583
TC_MAYORISTA,2023-04-18,216.8883
TC_MAYORISTA,2023-04-19,217.47
TC_MAYORISTA,2023-04-20,218.025
TC_MAYORISTA,2023-04-21,218.5083
TC_MAYORISTA,2023-04-24,220.235
TC_MAYORISTA,2023-04-25,220.8733
TC_MAYORISTA,2023-04-26,221.5517
TC_MAYORISTA,2023-04-27,222.02
TC_MAYORISTA,2023-04-28,222.575
TC_MAYORISTA,2023-05-02,224.625
TC_MAYORISTA,2023-05-03,225.0917
TC_MAYORISTA,2023-05-04,225.6583
TC_MAYORISTA,2023-05-05,226.1917
TC_MAYORISTA,2023-05-08,227.575
TC_MAYORISTA,2023-05-09,228.0583
TC_MAYORISTA,2023-05-10,228.5083
TC_MAYORISTA,2023-05-11,228.9917
TC_MAYORISTA,2023-05-12,229.3333
TC_MAYORISTA,2023-05-15,230.6417
TC_MAYORISTA,2023-05-16,231.175
TC_MAYORISTA,2023-05-17,231.65
TC_MAYORISTA,2023-05-18,232.2417
TC_MAYORISTA,2023-05-19,232.7417
TC_MAYORISTA,2023-05-22,234.4083
TC_MAYORISTA,2023-05-23,234.9167
TC_MAYORISTA,2023-05-24,235.6333
TC_MAYORISTA,2023-05-29,238.2583
TC_MAYORISTA,2023-05-30,238.7917
TC_MAYORISTA,2023-05-31,239.325
TC_MAYORISTA,2023-06-01,240.0667
TC_MAYORISTA,2023-06-02,240.7417
TC_MAYORISTA,2023-06-05,242.55
TC_MAYORISTA,2023-06-06,243.175
TC_MAYORISTA,2023-06-07,243.8083
TC_MAYORISTA,2023-06-08,244.3333
TC_MAYORISTA,2023-06-09,244.9667
TC_MAYORISTA,2023-06-12,246.7833
TC_MAYORISTA,2023-06-13,247.2917
TC_MAYORISTA,2023-06-14,247.8
TC_MAYORISTA,2023-06-15,248.5833
TC_MAYORISTA,2023-06-16,249.1583
TC_MAYORISTA,2023-06-21,252.0083
TC_MAYORISTA,2023-06-22,252.5083
TC_MAYORISTA,2023-06-23,252.9917
TC_MAYORISTA,2023-06-26,254.5417
TC_MAYORISTA,2023-06-27,255.1667
TC_MAYORISTA,2023-06-28,255.8417
TC_MAYORISTA,2023-06-29,256.2417
TC_MAYORISTA,2023-06-30,256.675
TC_MAYORISTA,2023-07-03,257.975
TC_MAYORISTA,2023-07-04,259.15
TC_MAYORISTA,2023-07-05,259.8
TC_MAYORISTA,2023-07-06,260.325
TC_MAYORISTA,2023-07-07,260.9833
TC_MAYORISTA,2023-07-10,262.65
TC_MAYORISTA,2023-07-11,263.3167
TC_MAYORISTA,2023-07-12,263.9333
TC_MAYORISTA,2023-07-13,264.5167
TC_MAYORISTA,2023-07-14,265.1417
TC_MAYORISTA,2023-07-17,266.7917
TC_MAYORISTA,2023-07-18,267.5833
TC_MAYORISTA,2023-07-19,268.225
TC_MAYORISTA,2023-07-20,268.775
TC_MAYORISTA,2023-07-21,269.4167
TC_MAYORISTA,2023-07-24,271.1917
TC_MAYORISTA,2023-07-25,271.6667
TC_MAYORISTA,2023-07-26,272.4
TC_MAYORISTA,2023-07-27,273.0
TC_MAYORISTA,2023-07-28,273.6333
TC_MAYORISTA,2023-07-31,275.2833
TC_MAYORISTA,2023-08-01,276.1417
TC_MAYORISTA,2023-08-02,277.3417
TC_MAYORISTA,2023-08-03,278.2833
TC_MAYORISTA,2023-08-04,279.3167
TC_MAYORISTA,2023-08-07,283.15
TC_MAYORISTA,2023-08-08,284.1917
TC_MAYORISTA,2023-08-09,285.175
TC_MAYORISTA,2023-08-10,286.1917
TC_MAYORISTA,2023-08-11,287.2917
TC_MAYORISTA,2023-08-14,349.975
TC_MAYORISTA,2023-08-15,350.0083
TC_MAYORISTA,2023-08-16,350.0
TC_MAYORISTA,2023-08-17,349.975
TC_MAYORISTA,2023-08-18,350.0167
TC_MAYORISTA,2023-08-22,350.0083
TC_MAYORISTA,2023-08-23,349.975
TC_MAYORISTA,2023-08-24,349.975
TC_MAYORISTA,2023-08-25,349.975
TC_MAYORISTA,2023-08-28,349.9917
TC_MAYORISTA,2023-08-29,349.975
TC_MAYORISTA,2023-08-30,349.975
TC_MAYORISTA,2023-08-31,350.0167
TC_MAYORISTA,2023-09-01,350.0
TC_MAYORISTA,2023-09-04,350.025
TC_MAYORISTA,2023-09-05,349.9917
TC_MAYORISTA,2023-09-06,350.0
TC_MAYORISTA,2023-09-07,349.9917
TC_MAYORISTA,2023-09-08,349.975
TC_MAYORISTA,2023-09-11,349.9833
TC_MAYORISTA,2023-09-12,349.975
TC_MAYORISTA,2023-09-13,349.975
TC_MAYORISTA,2023-09-14,349.975
TC_MAYORISTA,2023-09-15,349.9917
TC_MAYORISTA,2023-09-18,349.9917
TC_MAYORISTA,2023-09-19,349.9833
TC_MAYORISTA,2023-09-20,350.0
TC_MAYORISTA,2023-09-21,349.9833
TC_MAYORISTA,2023-09-22,350.025
TC_MAYORISTA,2023-09-25,350.0083
TC_MAYORISTA,2023-09-26,350.025
TC_MAYORISTA,2023-09-27,350.025
TC_MAYORISTA,2023-09-28,350.025
TC_MAYORISTA,2023-09-29,350.0083
TC_MAYORISTA,2023-10-02,350.025
TC_MAYORISTA,2023-10-03,350.025
TC_MAYORISTA,2023-10-04,350.025
TC_MAYORISTA,2023-10-05,350.025
TC_MAYORISTA,2023-10-06,350.025
TC_MAYORISTA,2023-10-09,350.025
TC_MAYORISTA,2023-10-10,350.025
TC_MAYORISTA,2023-10-11,350.025
TC_MAYORISTA,2023-10-12,350.025
TC_MAYORISTA,2023-10-17,350.0167
TC_MAYORISTA,2023-10-18,350.025
TC_MAYORISTA,2023-10-19,350.025
TC_MAYORISTA,2023-10-20,350.025
TC_MAYORISTA,2023-10-23,350.0
TC_MAYORISTA,2023-10-24,350.025
TC_MAYORISTA,2023-10-25,350.0167
TC_MAYORISTA,2023-10-26,350.0083
TC_MAYORISTA,2023-10-27,350.0083
TC_MAYORISTA,2023-10-30,350.025
TC_MAYORISTA,2023-10-31,350.0083
TC_MAYORISTA,2023-11-01,349.9917
TC_MAYORISTA,2023-11-02,350.025
TC_MAYORISTA,2023-11-03,350.025
TC_MAYORISTA,2023-11-07,350.025
TC_MAYORISTA,2023-11-08,350.025
TC_MAYORISTA,2023-11-09,350.025
TC_MAYORISTA,2023-11-10,350.0
TC_MAYORISTA,2023-11-13,350.025
TC_MAYORISTA,2023-11-14,350.025
TC_MAYORISTA,2023-11-15,353.0083
TC_MAYORISTA,2023-11-16,353.475
TC_MAYORISTA,2023-11-17,354.0083
TC_MAYORISTA,2023-11-21,356.025
TC_MAYORISTA,2023-11-22,356.5083
TC_MAYORISTA,2023-11-23,357.0083
TC_MAYORISTA,2023-11-24,357.525
TC_MAYORISTA,2023-11-27,359.025
TC_MAYORISTA,2023-11-28,359.525
TC_MAYORISTA,2023-11-29,360.0083
TC_MAYORISTA,2023-11-30,360.525
TC_MAYORISTA,2023-12-01,361.025
TC_MAYORISTA,2023-12-04,362.525
TC_MAYORISTA,2023-12-05,363.025
TC_MAYORISTA,2023-12-06,363.55
TC_MAYORISTA,2023-12-07,364.4083
TC_MAYORISTA,2023-12-11,366.0
TC_MAYORISTA,2023-12-12,366.5
TC_MAYORISTA,2023-12-13,799.975
TC_MAYORISTA,2023-12-14,800.525
TC_MAYORISTA,2023-12-15,801.075
TC_MAYORISTA,2023-12-18,802.625
TC_MAYORISTA,2023-12-19,803.175
TC_MAYORISTA,2023-12-20,803.725
TC_MAYORISTA,2023-12-21,804.225
TC_MAYORISTA,2023-12-22,804.775
TC_MAYORISTA,2023-12-26,806.8833
TC_MAYORISTA,2023-12-27,807.425
TC_MAYORISTA,2023-12-28,807.975
TC_MAYORISTA,2023-12-29,808.4833
TC_MAYORISTA,2024-01-02,810.65
TC_MAYORISTA,2024-01-03,811.15
TC_MAYORISTA,2024-01-04,811.75
TC_MAYORISTA,2024-01-05,812.25
TC_MAYORISTA,2024-01-08,813.85
TC_MAYORISTA,2024-01-09,814.35
TC_MAYORISTA,2024-01-10,814.95
TC_MAYORISTA,2024-01-11,815.45
TC_MAYORISTA,2024-01-12,816.05
TC_MAYORISTA,2024-01-15,817.65
TC_MAYORISTA,2024-01-16,818.15
TC_MAYORISTA,2024-01-17,818.65
TC_MAYORISTA,2024-01-18,819.25
TC_MAYORISTA,2024-01-19,819.75
TC_MAYORISTA,2024-01-22,821.45
TC_MAYORISTA,2024-01-23,821.95
TC_MAYORISTA,2024-01-24,822.45
TC_MAYORISTA,2024-01-25,823.05
TC_MAYORISTA,2024-01-26,823.55
TC_MAYORISTA,2024-01-29,825.25
TC_MAYORISTA,2024-01-30,825.75
TC_MAYORISTA,2024-01-31,826.25
TC_MAYORISTA,2024-02-01,826.85
TC_MAYORISTA,2024-02-02,827.35
TC_MAYORISTA,2024-02-05,829.05
TC_MAYORISTA,2024-02-06,829.55
TC_MAYORISTA,2024-02-07,830.15
TC_MAYORISTA,2024-02-08,830.65
TC_MAYORISTA,2024-02-09,831.25
TC_MAYORISTA,2024-02-14,833.95
TC_MAYORISTA,2024-02-15,834.5667
TC_MAYORISTA,2024-02-16,835.05
TC_MAYORISTA,2024-02-19,836.75
TC_MAYORISTA,2024-02-20,837.25
TC_MAYORISTA,2024-02-21,837.85
TC_MAYORISTA,2024-02-22,838.35
TC_MAYORISTA,2024-02-23,838.95
TC_MAYORISTA,2024-02-26,840.65
TC_MAYORISTA,2024-02-27,841.15
TC_MAYORISTA,2024-02-28,841.75
TC_MAYORISTA,2024-02-29,842.25
TC_MAYORISTA,2024-03-01,842.75
TC_MAYORISTA,2024-03-04,844.25
TC_MAYORISTA,2024-03-05,845.25
TC_MAYORISTA,2024-03-06,845.75
TC_MAYORISTA,2024-03-07,846.25
TC_MAYORISTA,2024-03-08,846.75
TC_MAYORISTA,2024-03-11,848.25
TC_MAYORISTA,2024-03-12,848.75
TC_MAYORISTA,2024-03-13,849.75
TC_MAYORISTA,2024-03-14,850.25
TC_MAYORISTA,2024-03-15,850.75
TC_MAYORISTA,2024-03-18,852.25
TC_MAYORISTA,2024-03-19,852.75
TC_MAYORISTA,2024-03-20,853.25
TC_MAYORISTA,2024-03-21,854.25
TC_MAYORISTA,2024-03-22,854.75
TC_MAYORISTA,2024-03-25,856.25
TC_MAYORISTA,2024-03-26,856.75
TC_MAYORISTA,2024-03-27,857.4167
TC_MAYORISTA,2024-04-03,861.25
TC_MAYORISTA,2024-04-04,861.75
TC_MAYORISTA,2024-04-05,862.75
TC_MAYORISTA,2024-04-08,864.25
TC_MAYORISTA,2024-04-09,864.75
TC_MAYORISTA,2024-04-10,865.25
TC_MAYORISTA,2024-04-11,865.75
TC_MAYORISTA,2024-04-12,866.75
TC_MAYORISTA,2024-04-15,868.25
TC_MAYORISTA,2024-04-16,868.75
TC_MAYORISTA,2024-04-17,869.25
TC_MAYORISTA,2024-04-18,869.75
TC_MAYORISTA,2024-04-19,870.75
TC_MAYORISTA,2024-04-22,872.25
TC_MAYORISTA,2024-04-23,872.75
TC_MAYORISTA,2024-04-24,873.25
TC_MAYORISTA,2024-04-25,873.75
TC_MAYORISTA,2024-04-26,874.75
TC_MAYORISTA,2024-04-29,876.4167
TC_MAYORISTA,2024-04-30,876.75
TC_MAYORISTA,2024-05-02,878.25
TC_MAYORISTA,2024-05-03,878.75
TC_MAYORISTA,2024-05-06,880.25
TC_MAYORISTA,2024-05-07,880.75
TC_MAYORISTA,2024-05-08,881.75
TC_MAYORISTA,2024-05-09,882.25
TC_MAYORISTA,2024-05-10,882.75
TC_MAYORISTA,2024-05-13,884.25
TC_MAYORISTA,2024-05-14,885.25
TC_MAYORISTA,2024-05-15,885.75
TC_MAYORISTA,2024-05-16,886.25
TC_MAYORISTA,2024-05-17,886.75
TC_MAYORISTA,2024-05-20,888.75
TC_MAYORISTA,2024-05-21,889.25
TC_MAYORISTA,2024-05-22,889.75
TC_MAYORISTA,2024-05-23,890.25
TC_MAYORISTA,2024-05-24,890.75
TC_MAYORISTA,2024-05-27,892.75
TC_MAYORISTA,2024-05-28,893.25
TC_MAYORISTA,2024-05-29,893.75
TC_MAYORISTA,2024-05-30,894.25
TC_MAYORISTA,2024-05-31,895.25
TC_MAYORISTA,2024-06-03,896.4167
TC_MAYORISTA,2024-06-04,896.9167
TC_MAYORISTA,2024-06-05,898.25
TC_MAYORISTA,2024-06-06,898.5
TC_MAYORISTA,2024-06-07,899.0833
TC_MAYORISTA,2024-06-10,901.1667
TC_MAYORISTA,2024-06-11,902.1667
TC_MAYORISTA,2024-06-12,902.25
TC_MAYORISTA,2024-06-13,902.5833
TC_MAYORISTA,2024-06-14,902.6667
TC_MAYORISTA,2024-06-18,905.4167
TC_MAYORISTA,2024-06-19,906.0
TC_MAYORISTA,2024-06-24,909.0833
TC_MAYORISTA,2024-06-25,909.6667
TC_MAYORISTA,2024-06-26,910.75
TC_MAYORISTA,2024-06-27,911.5833
TC_MAYORISTA,2024-06-28,911.75
TC_MAYORISTA,2024-07-01,914.5
TC_MAYORISTA,2024-07-02,915.1667
TC_MAYORISTA,2024-07-03,915.6667
TC_MAYORISTA,2024-07-04,915.9167
TC_MAYORISTA,2024-07-05,918.25
TC_MAYORISTA,2024-07-08,918.9167
TC_MAYORISTA,2024-07-10,919.8333
TC_MAYORISTA,2024-07-11,920.5
TC_MAYORISTA,2024-07-12,921.75
TC_MAYORISTA,2024-07-15,922.9167
TC_MAYORISTA,2024-07-16,923.5
TC_MAYORISTA,2024-07-17,923.8333
TC_MAYORISTA,2024-07-18,924.75
TC_MAYORISTA,2024-07-19,926.75
TC_MAYORISTA,2024-07-22,927.0833
TC_MAYORISTA,2024-07-23,927.3333
TC_MAYORISTA,2024-07-24,928.6667
TC_MAYORISTA,2024-07-25,929.1667
TC_MAYORISTA,2024-07-26,931.5833
TC_MAYORISTA,2024-07-29,931.75
TC_MAYORISTA,2024-07-30,932.25
TC_MAYORISTA,2024-07-31,932.75
TC_MAYORISTA,2024-08-01,933.4167
TC_MAYORISTA,2024-08-02,935.0833
TC_MAYORISTA,2024-08-05,935.75
TC_MAYORISTA,2024-08-06,936.5
TC_MAYORISTA,2024-08-07,937.0833
TC_MAYORISTA,2024-08-08,937.5833
TC_MAYORISTA,2024-08-09,939.6667
TC_MAYORISTA,2024-08-12,939.8333
TC_MAYORISTA,2024-08-13,940.3333
TC_MAYORISTA,2024-08-14,941.6667
TC_MAYORISTA,2024-08-15,942.0
TC_MAYORISTA,2024-08-16,944.0
TC_MAYORISTA,2024-08-19,944.3333
TC_MAYORISTA,2024-08-20,944.8333
TC_MAYORISTA,2024-08-21,945.3333
TC_MAYORISTA,2024-08-22,946.25
TC_MAYORISTA,2024-08-23,948.1667
TC_MAYORISTA,2024-08-26,949.0833
TC_MAYORISTA,2024-08-27,949.75
TC_MAYORISTA,2024-08-28,950.0833
TC_MAYORISTA,2024-08-29,950.6667
TC_MAYORISTA,2024-08-30,952.8333
TC_MAYORISTA,2024-09-02,952.75
TC_MAYORISTA,2024-09-03,954.1667
TC_MAYORISTA,2024-09-04,954.5
TC_MAYORISTA,2024-09-05,954.9167
TC_MAYORISTA,2024-09-06,957.1667
TC_MAYORISTA,2024-09-09,957.75
TC_MAYORISTA,2024-09-10,958.1667
TC_MAYORISTA,2024-09-11,958.9167
TC_MAYORISTA,2024-09-12,959.6667
TC_MAYORISTA,2024-09-13,961.75
TC_MAYORISTA,2024-09-16,962.0833
TC_MAYORISTA,2024-09-17,962.4167
TC_MAYORISTA,2024-09-18,963.3333
TC_MAYORISTA,2024-09-19,963.75
TC_MAYORISTA,2024-09-20,965.75
TC_MAYORISTA,2024-09-23,966.3333
TC_MAYORISTA,2024-09-24,966.75
TC_MAYORISTA,2024-09-25,967.9167
TC_MAYORISTA,2024-09-26,968.75
TC_MAYORISTA,2024-09-27,970.5833
TC_MAYORISTA,2024-09-30,970.9167
TC_MAYORISTA,2024-10-01,971.25
TC_MAYORISTA,2024-10-02,971.75
TC_MAYORISTA,2024-10-03,972.75
TC_MAYORISTA,2024-10-04,974.8333
TC_MAYORISTA,2024-10-07,975.5
TC_MAYORISTA,2024-10-08,975.9167
TC_MAYORISTA,2024-10-09,976.25
TC_MAYORISTA,2024-10-10,979.4167
TC_MAYORISTA,2024-10-14,980.1667
TC_MAYORISTA,2024-10-15,980.5833
TC_MAYORISTA,2024-10-16,981.5833
TC_MAYORISTA,2024-10-17,981.75
TC_MAYORISTA,2024-10-18,983.8333
TC_MAYORISTA,2024-10-21,984.4167
TC_MAYORISTA,2024-10-22,984.8333
TC_MAYORISTA,2024-10-23,985.9167
TC_MAYORISTA,2024-10-24,986.3333
TC_MAYORISTA,2024-10-25,988.3333
TC_MAYORISTA,2024-10-28,988.8333
TC_MAYORISTA,2024-10-29,989.25
TC_MAYORISTA,2024-10-30,990.25
TC_MAYORISTA,2024-10-31,990.75
TC_MAYORISTA,2024-11-01,992.75
TC_MAYORISTA,2024-11-04,993.3333
TC_MAYORISTA,2024-11-05,994.75
TC_MAYORISTA,2024-11-07,995.3333
TC_MAYORISTA,2024-11-08,997.25
TC_MAYORISTA,2024-11-11,997.75
TC_MAYORISTA,2024-11-12,998.75
TC_MAYORISTA,2024-11-13,999.25
TC_MAYORISTA,2024-11-14,999.75
TC_MAYORISTA,2024-11-15,1002.75
TC_MAYORISTA,2024-11-19,1003.25
TC_MAYORISTA,2024-11-20,1003.75
TC_MAYORISTA,2024-11-21,1004.75
TC_MAYORISTA,2024-11-22,1006.75
TC_MAYORISTA,2024-11-25,1007.25
TC_MAYORISTA,2024-11-26,1007.75
TC_MAYORISTA,2024-11-27,1008.75
TC_MAYORISTA,2024-11-28,1009.25
TC_MAYORISTA,2024-11-29,1011.75
TC_MAYORISTA,2024-12-02,1011.9167
TC_MAYORISTA,2024-12-03,1013.1667
TC_MAYORISTA,2024-12-04,1013.25
TC_MAYORISTA,2024-12-05,1013.8333
TC_MAYORISTA,2024-12-06,1015.75
TC_MAYORISTA,2024-12-09,1016.75
TC_MAYORISTA,2024-12-10,1017.25
TC_MAYORISTA,2024-12-11,1017.75
TC_MAYORISTA,2024-12-12,1018.75
TC_MAYORISTA,2024-12-13,1020.75
TC_MAYORISTA,2024-12-16,1021.25
TC_MAYORISTA,2024-12-17,1021.8333
TC_MAYORISTA,2024-12-18,1022.75
TC_MAYORISTA,2024-12-19,1023.25
TC_MAYORISTA,2024-12-20,1025.4167
TC_MAYORISTA,2024-12-23,1027.75
TC_MAYORISTA,2024-12-26,1029.0
TC_MAYORISTA,2024-12-27,1030.5
TC_MAYORISTA,2024-12-30,1032.5
TC_MAYORISTA,2025-01-02,1032.75
TC_MAYORISTA,2025-01-03,1034.75
TC_MAYORISTA,2025-01-06,1035.75
TC_MAYORISTA,2025-01-07,1036.25
TC_MAYORISTA,2025-01-08,1036.75
TC_MAYORISTA,2025-01-09,1037.75
TC_MAYORISTA,2025-01-10,1039.75
TC_MAYORISTA,2025-01-13,1040.25
TC_MAYORISTA,2025-01-14,1041.25
TC_MAYORISTA,2025-01-15,1041.75
TC_MAYORISTA,2025-01-16,1042.25
TC_MAYORISTA,2025-01-17,1044.5
TC_MAYORISTA,2025-01-20,1045.25
TC_MAYORISTA,2025-01-21,1045.9167
TC_MAYORISTA,2025-01-22,1047.25
TC_MAYORISTA,2025-01-23,1047.6667
TC_MAYORISTA,2025-01-24,1049.5833
TC_MAYORISTA,2025-01-27,1050.5
TC_MAYORISTA,2025-01-28,1050.9167
TC_MAYORISTA,2025-01-29,1051.5833
TC_MAYORISTA,2025-01-30,1052.5
TC_MAYORISTA,2025-01-31,1053.5
TC_MAYORISTA,2025-02-03,1053.9167
TC_MAYORISTA,2025-02-04,1054.25
TC_MAYORISTA,2025-02-05,1054.7083
TC_MAYORISTA,2025-02-06,1054.875
TC_MAYORISTA,2025-02-07,1055.9167
TC_MAYORISTA,2025-02-10,1056.375
TC_MAYORISTA,2025-02-11,1056.625
TC_MAYORISTA,2025-02-12,1056.875
TC_MAYORISTA,2025-02-13,1057.4583
TC_MAYORISTA,2025-02-14,1058.5
TC_MAYORISTA,2025-02-17,1059.0833
TC_MAYORISTA,2025-02-18,1059.1667
TC_MAYORISTA,2025-02-19,1059.375
TC_MAYORISTA,2025-02-20,1059.875
TC_MAYORISTA,2025-02-21,1060.875
TC_MAYORISTA,2025-02-24,1061.125
TC_MAYORISTA,2025-02-25,1061.625
TC_MAYORISTA,2025-02-26,1061.875
TC_MAYORISTA,2025-02-27,1062.375
TC_MAYORISTA,2025-02-28,1064.375
TC_MAYORISTA,2025-03-05,1064.375
TC_MAYORISTA,2025-03-06,1064.625
TC_MAYORISTA,2025-03-07,1066.0417
TC_MAYORISTA,2025-03-10,1066.3333
TC_MAYORISTA,2025-03-11,1066.6667
TC_MAYORISTA,2025-03-12,1066.875
TC_MAYORISTA,2025-03-13,1067.125
TC_MAYORISTA,2025-03-14,1068.5417
TC_MAYORISTA,2025-03-17,1068.9167
TC_MAYORISTA,2025-03-18,1069.125
TC_MAYORISTA,2025-03-19,1069.625
TC_MAYORISTA,2025-03-20,1069.8333
TC_MAYORISTA,2025-03-21,1071.3333
TC_MAYORISTA,2025-03-25,1071.5833
TC_MAYORISTA,2025-03-26,1072.0833
TC_MAYORISTA,2025-03-27,1072.2917
TC_MAYORISTA,2025-03-28,1073.375
TC_MAYORISTA,2025-03-31,1073.875
TC_MAYORISTA,2025-04-01,1074.5417
TC_MAYORISTA,2025-04-03,1074.8333
TC_MAYORISTA,2025-04-04,1075.875
TC_MAYORISTA,2025-04-07,1076.3333
TC_MAYORISTA,2025-04-08,1076.5833
TC_MAYORISTA,2025-04-09,1077.125
TC_MAYORISTA,2025-04-10,1077.375
TC_MAYORISTA,2025-04-11,1078.375
TC_MAYORISTA,2025-04-14,1182.4167
TC_MAYORISTA,2025-04-15,1200.8333
TC_MAYORISTA,2025-04-16,1172.8333
TC_MAYORISTA,2025-04-21,1070.4167
TC_MAYORISTA,2025-04-22,1093.3333
TC_MAYORISTA,2025-04-23,1122.5
TC_MAYORISTA,2025-04-24,1176.4167
TC_MAYORISTA,2025-04-25,1174.1667
TC_MAYORISTA,2025-04-28,1163.1667
TC_MAYORISTA,2025-04-29,1170.6667
TC_MAYORISTA,2025-04-30,1172.0
TC_MAYORISTA,2025-05-05,1178.5
TC_MAYORISTA,2025-05-06,1203.8333
TC_MAYORISTA,2025-05-07,1153.5
TC_MAYORISTA,2025-05-08,1117.5
TC_MAYORISTA,2025-05-09,1113.5833
TC_MAYORISTA,2025-05-12,1126.0
TC_MAYORISTA,2025-05-13,1125.6667
TC_MAYORISTA,2025-05-14,1129.8333
TC_MAYORISTA,2025-05-15,1135.5
TC_MAYORISTA,2025-05-16,1146.1667
TC_MAYORISTA,2025-05-19,1134.25
TC_MAYORISTA,2025-05-20,1142.0
TC_MAYORISTA,2025-05-21,1145.0
TC_MAYORISTA,2025-05-22,1143.5833
TC_MAYORISTA,2025-05-23,1137.0
TC_MAYORISTA,2025-05-26,1139.8333
TC_MAYORISTA,2025-05-27,1148.0
TC_MAYORISTA,2025-05-28,1161.0
TC_MAYORISTA,2025-05-29,1174.5
TC_MAYORISTA,2025-05-30,1195.3333
TC_MAYORISTA,2025-06-02,1181.1667
TC_MAYORISTA,2025-06-03,1184.0
TC_MAYORISTA,2025-06-04,1184.3333
TC_MAYORISTA,2025-06-05,1189.6667
TC_MAYORISTA,2025-06-06,1190.0
TC_MAYORISTA,2025-06-09,1186.4167
TC_MAYORISTA,2025-06-10,1187.0
TC_MAYORISTA,2025-06-11,1184.5
TC_MAYORISTA,2025-06-12,1185.5
TC_MAYORISTA,2025-06-13,1187.6667
TC_MAYORISTA,2025-06-17,1180.0833
TC_MAYORISTA,2025-06-18,1151.0
TC_MAYORISTA,2025-06-19,1156.1667
TC_MAYORISTA,2025-06-23,1167.3333
TC_MAYORISTA,2025-06-24,1176.0
TC_MAYORISTA,2025-06-25,1176.3333
TC_MAYORISTA,2025-06-26,1194.6667
TC_MAYORISTA,2025-06-27,1189.8333
TC_MAYORISTA,2025-06-30,1194.0833
TC_MAYORISTA,2025-07-01,1203.0
TC_MAYORISTA,2025-07-02,1231.3333
TC_MAYORISTA,2025-07-03,1226.9167
TC_MAYORISTA,2025-07-04,1239.8333
TC_MAYORISTA,2025-07-07,1257.9167
TC_MAYORISTA,2025-07-08,1258.0
TC_MAYORISTA,2025-07-10,1261.1667
TC_MAYORISTA,2025-07-11,1261.5833
TC_MAYORISTA,2025-07-14,1266.1667
TC_MAYORISTA,2025-07-15,1277.0
TC_MAYORISTA,2025-07-16,1259.9167
TC_MAYORISTA,2025-07-17,1266.25
TC_MAYORISTA,2025-07-18,1283.8333
TC_MAYORISTA,2025-07-21,1286.0
TC_MAYORISTA,2025-07-22,1266.1667
TC_MAYORISTA,2025-07-23,1259.6667
TC_MAYORISTA,2025-07-24,1262.0
TC_MAYORISTA,2025-07-25,1277.75
TC_MAYORISTA,2025-07-28,1287.3333
TC_MAYORISTA,2025-07-29,1296.6667
TC_MAYORISTA,2025-07-30,1294.1667
TC_MAYORISTA,2025-07-31,1351.8333
TC_MAYORISTA,2025-08-01,1361.3333
TC_MAYORISTA,2025-08-04,1361.8333
TC_MAYORISTA,2025-08-05,1351.1667
TC_MAYORISTA,2025-08-06,1333.6667
TC_MAYORISTA,2025-08-07,1331.0833
TC_MAYORISTA,2025-08-08,1329.4167
TC_MAYORISTA,2025-08-11,1330.5
TC_MAYORISTA,2025-08-12,1321.5
TC_MAYORISTA,2025-08-13,1318.0
TC_MAYORISTA,2025-08-14,1308.3333
TC_MAYORISTA,2025-08-18,1298.8333
TC_MAYORISTA,2025-08-19,1292.3333
TC_MAYORISTA,2025-08-20,1298.5
TC_MAYORISTA,2025-08-21,1309.25
TC_MAYORISTA,2025-08-22,1321.5833
TC_MAYORISTA,2025-08-25,1344.1667
TC_MAYORISTA,2025-08-26,1352.3333
TC_MAYORISTA,2025-08-27,1359.4167
TC_MAYORISTA,2025-08-28,1343.6667
TC_MAYORISTA,2025-08-29,1323.8333
TC_MAYORISTA,2025-09-01,1371.1667
TC_MAYORISTA,2025-09-02,1368.25
TC_MAYORISTA,2025-09-03,1360.1667
TC_MAYORISTA,2025-09-04,1362.3333
TC_MAYORISTA,2025-09-05,1365.4167
TC_MAYORISTA,2025-09-08,1422.1667
TC_MAYORISTA,2025-09-09,1418.6667
TC_MAYORISTA,2025-09-10,1419.9167
TC_MAYORISTA,2025-09-11,1427.5833
TC_MAYORISTA,2025-09-12,1447.1667
TC_MAYORISTA,2025-09-15,1462.0
TC_MAYORISTA,2025-09-16,1464.6667
TC_MAYORISTA,2025-09-17,1471.4167
TC_MAYORISTA,2025-09-18,1474.25
TC_MAYORISTA,2025-09-19,1474.75
TC_MAYORISTA,2025-09-22,1425.6667
TC_MAYORISTA,2025-09-23,1354.1667
TC_MAYORISTA,2025-09-24,1343.3333
TC_MAYORISTA,2025-09-25,1325.0833
TC_MAYORISTA,2025-09-26,1332.0
TC_MAYORISTA,2025-09-29,1341.0
TC_MAYORISTA,2025-09-30,1366.5833
TC_MAYORISTA,2025-10-01,1423.8333
TC_MAYORISTA,2025-10-02,1424.75
TC_MAYORISTA,2025-10-03,1424.75
TC_MAYORISTA,2025-10-06,1429.75
TC_MAYORISTA,2025-10-07,1429.75
TC_MAYORISTA,2025-10-08,1429.75
TC_MAYORISTA,2025-10-09,1451.75
TC_MAYORISTA,2025-10-13,1347.6667
TC_MAYORISTA,2025-10-14,1359.8333
TC_MAYORISTA,2025-10-15,1373.5
TC_MAYORISTA,2025-10-16,1387.1667
TC_MAYORISTA,2025-10-17,1439.5
TC_MAYORISTA,2025-10-20,1462.8333
TC_MAYORISTA,2025-10-21,1484.75
TC_MAYORISTA,2025-10-22,1487.0833
TC_MAYORISTA,2025-10-23,1484.0
TC_MAYORISTA,2025-10-24,1485.9167
TC_MAYORISTA,2025-10-27,1378.9167
TC_MAYORISTA,2025-10-28,1470.8333
TC_MAYORISTA,2025-10-29,1451.5
TC_MAYORISTA,2025-10-30,1433.6667
TC_MAYORISTA,2025-10-31,1443.0
TC_MAYORISTA,2025-11-03,1457.4167
TC_MAYORISTA,2025-11-04,1473.1667
TC_MAYORISTA,2025-11-05,1447.5
TC_MAYORISTA,2025-11-07,1441.5
TC_MAYORISTA,2025-11-10,1419.3333
TC_MAYORISTA,2025-11-11,1416.5
TC_MAYORISTA,2025-11-12,1402.0
TC_MAYORISTA,2025-11-13,1408.8333
TC_MAYORISTA,2025-11-14,1405.0
TC_MAYORISTA,2025-11-17,1401.0
TC_MAYORISTA,2025-11-18,1388.0
TC_MAYORISTA,2025-11-19,1402.5
TC_MAYORISTA,2025-11-20,1416.6667
TC_MAYORISTA,2025-11-25,1442.8333
TC_MAYORISTA,2025-11-26,1448.5
TC_MAYORISTA,2025-11-27,1448.0
TC_MAYORISTA,2025-11-28,1450.75
TC_MAYORISTA,2025-12-01,1449.0833
TC_MAYORISTA,2025-12-02,1453.5833
TC_MAYORISTA,2025-12-03,1453.5
TC_MAYORISTA,2025-12-04,1449.3333
TC_MAYORISTA,2025-12-05,1438.5833
TC_MAYORISTA,2025-12-09,1437.4167
TC_MAYORISTA,2025-12-10,1439.4167
TC_MAYORISTA,2025-12-11,1438.25
TC_MAYORISTA,2025-12-12,1438.4167
TC_MAYORISTA,2025-12-15,1439.8333
TC_MAYORISTA,2025-12-16,1451.3333
TC_MAYORISTA,2025-12-17,1448.5833
TC_MAYORISTA,2025-12-18,1453.1667
TC_MAYORISTA,2025-12-19,1452.25
TC_MAYORISTA,2025-12-22,1450.4167
TC_MAYORISTA,2025-12-23,1450.5
TC_MAYORISTA,2025-12-26,1450.9167
TC_MAYORISTA,2025-12-29,1454.9167
TC_MAYORISTA,2025-12-30,1459.4167
TC_MAYORISTA,2026-01-02,1469.613
TC_MAYORISTA,2026-01-05,1472.7348
TC_MAYORISTA,2026-01-06,1467.6208
TC_MAYORISTA,2026-01-07,1466.0309
TC_MAYORISTA,2026-01-08,1459.5816
TC_MAYORISTA,2026-01-09,1466.4689
TC_MAYORISTA,2026-01-12,1466.646
TC_MAYORISTA,2026-01-13,1463.3168
TC_MAYORISTA,2026-01-14,1454.3238
TC_MAYORISTA,2026-01-15,1443.8584
TC_MAYORISTA,2026-01-16,1431.055
TC_MAYORISTA,2026-01-19,1432.6913
TC_MAYORISTA,2026-01-20,1435.6263
TC_MAYORISTA,2026-01-21,1429.7799
TC_MAYORISTA,2026-01-22,1427.0331
TC_MAYORISTA,2026-01-23,1433.1999
TC_MAYORISTA,2026-01-26,1438.4603
TC_MAYORISTA,2026-01-27,1441.3245
TC_MAYORISTA,2026-01-28,1442.6959
TC_MAYORISTA,2026-01-29,1446.301
TC_MAYORISTA,2026-01-30,1447.6657
TC_MAYORISTA,2026-02-02,1451.701
TC_MAYORISTA,2026-02-03,1447.6651
TC_MAYORISTA,2026-02-04,1447.6232
TC_MAYORISTA,2026-02-05,1445.6242
TC_MAYORISTA,2026-02-06,1430.589
TC_MAYORISTA,2026-02-09,1423.3639
TC_MAYORISTA,2026-02-10,1405.427
TC_MAYORISTA,2026-02-11,1403.6981
TC_MAYORISTA,2026-02-12,1394.154
TC_MAYORISTA,2026-02-13,1395.4205
TC_MAYORISTA,2026-02-18,1401.8091
TC_MAYORISTA,2026-02-19,1391.9703
TC_MAYORISTA,2026-02-20,1384.205
TC_MAYORISTA,2026-02-23,1367.2357
TC_MAYORISTA,2026-02-24,1377.0942
TC_MAYORISTA,2026-02-25,1388.5847
TC_MAYORISTA,2026-02-26,1408.6966
TC_MAYORISTA,2026-02-27,1408.9662
TC_MAYORISTA,2026-03-02,1401.5785
TC_MAYORISTA,2026-03-03,1411.1067
TC_MAYORISTA,2026-03-04,1401.5797
TC_MAYORISTA,2026-03-05,1407.1504
TC_MAYORISTA,2026-03-06,1413.8218
TC_MAYORISTA,2026-03-09,1418.2781
TC_MAYORISTA,2026-03-10,1402.3816
TC_MAYORISTA,2026-03-11,1396.4528
TC_MAYORISTA,2026-03-12,1399.6749
TC_MAYORISTA,2026-03-13,1392.9851
TC_MAYORISTA,2026-03-16,1394.655
TC_MAYORISTA,2026-03-17,1395.5134
TC_MAYORISTA,2026-03-18,1399.6042
TC_MAYORISTA,2026-03-19,1395.5142
TC_MAYORISTA,2026-03-20,1393.438
TC_MAYORISTA,2026-03-25,1378.9689
TC_MAYORISTA,2026-03-26,1370.2909
TC_MAYORISTA,2026-03-27,1376.0989
TC_MAYORISTA,2026-03-30,1394.9234
TC_MAYORISTA,2026-03-31,1382.7578
TC_MAYORISTA,2026-04-01,1387.7212
TC_MAYORISTA,2026-04-06,1391.6887
TC_MAYORISTA,2026-04-07,1395.0979
TC_MAYORISTA,2026-04-08,1387.0308
TC_MAYORISTA,2026-04-09,1383.2312
TC_MAYORISTA,2026-04-10,1373.9033
TC_MAYORISTA,2026-04-13,1362.8139
TC_MAYORISTA,2026-04-14,1358.522
TC_MAYORISTA,2026-04-15,1363.6566
TC_MAYORISTA,2026-04-16,1352.9774
TC_MAYORISTA,2026-04-17,1360.0307
TC_MAYORISTA,2026-04-20,1372.7745
TC_MAYORISTA,2026-04-21,1379.0516
TC_MAYORISTA,2026-04-22,1378.1258
TC_MAYORISTA,2026-04-23,1387.6961
TC_MAYORISTA,2026-04-24,1397.2063
TC_MAYORISTA,2026-04-27,1412.9865
TC_MAYORISTA,2026-04-28,1408.1491
TC_MAYORISTA,2026-04-29,1395.2866
TC_MAYORISTA,2026-04-30,1381.0954
TC_MAYORISTA,2026-05-04,1398.3143
TC_MAYORISTA,2026-05-05,1395.1909
TC_MAYORISTA,2026-05-06,1386.2923
TC_MAYORISTA,2026-05-07,1390.637
TC_MAYORISTA,2026-05-08,1394.1232
TC_MAYORISTA,2026-05-11,1399.4749
TC_MAYORISTA,2026-05-12,1386.5259
TC_MAYORISTA,2026-05-13,1389.2073
TC_MAYORISTA,2026-05-14,1393.2322
TC_MAYORISTA,2026-05-15,1395.3478
TC_MAYORISTA,2026-05-18,1394.974
TC_MAYORISTA,2026-05-19,1398.916
TC_MAYORISTA,2026-05-20,1398.8346
TC_MAYORISTA,2026-05-21,1392.1705
TC_MAYORISTA,2026-05-22,1393.5019
TC_MAYORISTA,2026-05-26,1407.8893
TC_MAYORISTA,2026-05-27,1411.1796
TC_MAYORISTA,2026-05-28,1411.4054
TC_MAYORISTA,2026-05-29,1410.2904
TC_MAYORISTA,2026-06-01,1421.4672
TC_MAYORISTA,2026-06-02,1426.9788
TC_MAYORISTA,2026-06-03,1435.3812
TC_MAYORISTA,2026-06-04,1438.8159
TC_MAYORISTA,2026-06-05,1442.4148
TC_MAYORISTA,2026-06-08,1445.3978
TC_MAYORISTA,2026-06-09,1446.1668
TC_MAYORISTA,2026-06-10,1436.585
TC_MAYORISTA,2026-06-11,1429.0298
TC_MAYORISTA,2026-06-12,1430.8092
TC_MAYORISTA,2026-06-16,1432.6696
TC_MAYORISTA,2026-06-17,1439.2199
TC_MAYORISTA,2026-06-18,1449.5799
TC_MAYORISTA,2026-06-19,1460.2498
TC_MAYORISTA,2026-06-22,1457.3057
TC_MAYORISTA,2026-06-23,1469.9138
TC_MAYORISTA,2026-06-24,1478.0437
TC_MAYORISTA,2026-06-25,1477.2991
TC_MAYORISTA,2026-06-26,1474.7207
TC_MAYORISTA,2026-06-29,1480.6598
TC_MAYORISTA,2026-06-30,1483.0198
TC_MAYORISTA,2026-07-01,1487.769
TC_MAYORISTA,2026-07-02,1490.6754
TC_MAYORISTA,2026-07-03,1488.5858
TC_MAYORISTA,2026-07-06,1489.5949
TC_MAYORISTA,2026-07-07,1491.55
TC_MAYORISTA,2026-07-08,1490.9024
TC_MAYORISTA,2026-07-13,1486.0549
TC_MAYORISTA,2026-07-14,1474.7373
TC_MAYORISTA,2026-07-15,1475.4431
TC_MAYORISTA,2026-07-16,1474.7696
TC_MAYORISTA,2026-07-17,1480.1223
TC_MAYORISTA,2026-07-20,1480.175
TC_MAYORISTA,2026-07-21,1477.7
TC_MAYORISTA,2026-07-22,1480.8616
TC_MAYORISTA,2026-07-23,1489.7656
TC_MAYORISTA,2026-07-24,1494.3744
TC_MAYORISTA,2026-07-27,1498.5117
TC_MAYORISTA,2026-07-28,1499.8387
TC_MAYORISTA,2026-07-29,1496.3521
TC_MAYORISTA,2026-07-30,1490.8431
TC_MAYORISTA,2026-07-31,1488.4531
TC_MAYORISTA,2026-08-03,1493.4428
TC_MAYORISTA,2026-08-04,1496.4509
TC_MAYORISTA,2026-08-05,1496.3132
TC_MAYORISTA,2026-08-06,1497.0062
TC_MAYORISTA,2026-08-07,1498.4355
TC_MAYORISTA,2026-08-10,1498.0939
TC_MAYORISTA,2026-08-11,1492.179
TC_MAYORISTA,2026-08-12,1492.5477
TC_MAYORISTA,2026-08-13,1491.8387
TC_MAYORISTA,2026-08-14,1488.6984
TC_MAYORISTA,2026-08-18,1494.1268
TC_MAYORISTA,2026-08-19,1497.5332
TC_MAYORISTA,2026-08-20,1497.2898
TC_MAYORISTA,2026-08-21,1497.4528
TC_MAYORISTA,2026-08-24,1506.9002
TC_MAYORISTA,2026-08-25,1511.5326
TC_MAYORISTA,2026-08-26,1514.1634
TC_MAYORISTA,2026-08-27,1512.7498
TC_MAYORISTA,2026-08-28,1513.0352
TC_MAYORISTA,2026-08-31,1509.4686
TC_MAYORISTA,2026-09-01,1512.7304
TC_MAYORISTA,2026-09-02,1511.6306
TC_MAYORISTA,2026-09-03,1508.2111
TC_MAYORISTA,2026-09-04,1507.3745
TC_MAYORISTA,2026-09-07,1511.154
TC_MAYORISTA,2026-09-08,1510.1049
TC_MAYORISTA,2026-09-09,1515.1105
TC_MAYORISTA,2026-09-10,1512.9956
TC_MAYORISTA,2026-09-11,1509.9074
TC_MAYORISTA,2026-09-14,1510.3215
TC_MAYORISTA,2026-09-15,1506.6836
TC_MAYORISTA,2026-09-16,1509.1055
TC_MAYORISTA,2026-09-17,1510.0024
TC_MAYORISTA,2026-09-18,1512.3332
TC_MAYORISTA,2026-09-21,1514.9134
TC_MAYORISTA,2026-09-22,1513.6838
TC_MAYORISTA,2026-09-23,1516.2964
TC_MAYORISTA,2026-09-24,1518.7415
TC_MAYORISTA,2026-09-25,1523.9662
TC_MAYORISTA,2026-09-28,1528.7563
TC_MAYORISTA,2026-09-29,1523.9697
TC_MAYORISTA,2026-09-30,1517.5209
TC_MAYORISTA,2026-10-01,1523.2254
TC_MAYORISTA,2026-10-02,1523.0868
TC_MAYORISTA,2026-10-05,1519.2481
TC_MAYORISTA,2026-10-06,1520.3002
TC_MAYORISTA,2026-10-07,1520.7136
BADLAR,2016-01-04,27.125
BADLAR,2016-01-05,27.125
BADLAR,2016-01-06,25.375
BADLAR,2016-01-07,26.625
BADLAR,2016-01-08,25.75
BADLAR,2016-01-11,25.8125
BADLAR,2016-01-12,26.5625
BADLAR,2016-01-13,25.0
BADLAR,2016-01-14,25.75
BADLAR,2016-01-15,26.375
BADLAR,2016-01-18,25.5
BADLAR,2016-01-19,26.8125
BADLAR,2016-01-20,25.625
BADLAR,2016-01-21,27.0
BADLAR,2016-01-22,26.3125
BADLAR,2016-01-25,27.0
BADLAR,2016-01-26,26.875
BADLAR,2016-01-27,26.625
BADLAR,2016-01-28,26.6875
BADLAR,2016-01-29,26.3125
BADLAR,2016-02-01,26.6875
BADLAR,2016-02-02,26.8125
BADLAR,2016-02-03,25.9375
BADLAR,2016-02-04,26.25
BADLAR,2016-02-05,26.5625
BADLAR,2016-02-10,25.625
BADLAR,2016-02-11,26.3125
BADLAR,2016-02-12,26.0625
BADLAR,2016-02-15,25.75
BADLAR,2016-02-16,26.5625
BADLAR,2016-02-17,25.4375
BADLAR,2016-02-18,26.8125
BADLAR,2016-02-19,26.0
BADLAR,2016-02-22,25.75
BADLAR,2016-02-23,26.8125
BADLAR,2016-02-24,26.125
BADLAR,2016-02-25,26.5
BADLAR,2016-02-26,26.0
BADLAR,2016-02-29,26.25
BADLAR,2016-03-01,26.75
BADLAR,2016-03-02,27.75
BADLAR,2016-03-03,30.5
BADLAR,2016-03-04,28.5
BADLAR,2016-03-07,29.6875
BADLAR,2016-03-08,29.6875
BADLAR,2016-03-09,30.4375
BADLAR,2016-03-10,30.375
BADLAR,2016-03-11,28.625
BADLAR,2016-03-14,29.5
BADLAR,2016-03-15,31.0625
BADLAR,2016-03-16,29.3125
BADLAR,2016-03-17,30.6875
BADLAR,2016-03-18,29.5625
BADLAR,2016-03-21,29.5625
BADLAR,2016-03-22,31.0
BADLAR,2016-03-23,29.9375
BADLAR,2016-03-28,29.75
BADLAR,2016-03-29,31.1875
BADLAR,2016-03-30,29.8125
BADLAR,2016-03-31,30.75
BADLAR,2016-04-01,29.8125
BADLAR,2016-04-04,29.875
BADLAR,2016-04-05,30.375
BADLAR,2016-04-06,30.375
BADLAR,2016-04-07,30.625
BADLAR,2016-04-08,30.375
BADLAR,2016-04-11,29.125
BADLAR,2016-04-12,31.0625
BADLAR,2016-04-13,30.0625
BADLAR,2016-04-14,31.4375
BADLAR,2016-04-15,30.9375
BADLAR,2016-04-18,31.0625
BADLAR,2016-04-19,31.375
BADLAR,2016-04-20,31.0625
BADLAR,2016-04-21,31.4375
BADLAR,2016-04-22,30.5
BADLAR,2016-04-25,30.75
BADLAR,2016-04-26,31.75
BADLAR,2016-04-27,31.375
BADLAR,2016-04-28,30.6875
BADLAR,2016-04-29,30.5625
BADLAR,2016-05-02,30.5625
BADLAR,2016-05-03,30.6875
BADLAR,2016-05-04,30.5625
BADLAR,2016-05-05,30.8125
BADLAR,2016-05-06,31.125
BADLAR,2016-05-09,31.125
BADLAR,2016-05-10,31.375
BADLAR,2016-05-11,30.4375
BADLAR,2016-05-12,31.0625
BADLAR,2016-05-13,30.25
BADLAR,2016-05-16,30.9375
BADLAR,2016-05-17,31.5
BADLAR,2016-05-18,31.0625
BADLAR,2016-05-19,31.1875
BADLAR,2016-05-20,31.125
BADLAR,2016-05-23,31.125
BADLAR,2016-05-24,31.4375
BADLAR,2016-05-26,31.1875
BADLAR,2016-05-27,31.0625
BADLAR,2016-05-30,30.375
BADLAR,2016-05-31,31.25
BADLAR,2016-06-01,30.625
BADLAR,2016-06-02,31.3125
BADLAR,2016-06-03,29.875
BADLAR,2016-06-06,30.1875
BADLAR,2016-06-07,30.5625
BADLAR,2016-06-08,29.875
BADLAR,2016-06-09,29.625
BADLAR,2016-06-10,29.5625
BADLAR,2016-06-13,29.125
BADLAR,2016-06-14,29.125
BADLAR,2016-06-15,29.25
BADLAR,2016-06-16,29.3125
BADLAR,2016-06-21,28.75
BADLAR,2016-06-22,28.375
BADLAR,2016-06-23,28.125
BADLAR,2016-06-24,26.1875
BADLAR,2016-06-27,27.75
BADLAR,2016-06-28,27.5
BADLAR,2016-06-29,27.1875
BADLAR,2016-06-30,26.625
BADLAR,2016-07-01,26.6875
BADLAR,2016-07-04,26.375
BADLAR,2016-07-05,26.5
BADLAR,2016-07-06,26.375
BADLAR,2016-07-07,26.1875
BADLAR,2016-07-11,26.125
BADLAR,2016-07-12,26.3125
BADLAR,2016-07-13,25.6875
BADLAR,2016-07-14,25.9375
BADLAR,2016-07-15,26.0625
BADLAR,2016-07-18,25.9375
BADLAR,2016-07-19,26.3125
BADLAR,2016-07-20,26.125
BADLAR,2016-07-21,25.6875
BADLAR,2016-07-22,25.75
BADLAR,2016-07-25,25.75
BADLAR,2016-07-26,25.5625
BADLAR,2016-07-27,25.625
BADLAR,2016-07-28,25.75
BADLAR,2016-07-29,25.625
BADLAR,2016-08-01,25.5
BADLAR,2016-08-02,25.5
BADLAR,2016-08-03,24.9375
BADLAR,2016-08-04,25.3125
BADLAR,2016-08-05,25.1875
BADLAR,2016-08-08,24.9375
BADLAR,2016-08-09,25.25
BADLAR,2016-08-10,24.875
BADLAR,2016-08-11,25.25
BADLAR,2016-08-12,24.75
BADLAR,2016-08-16,25.0
BADLAR,2016-08-17,25.125
BADLAR,2016-08-18,25.0625
BADLAR,2016-08-19,24.75
BADLAR,2016-08-22,24.8125
BADLAR,2016-08-23,24.5625
BADLAR,2016-08-24,24.5
BADLAR,2016-08-25,24.4375
BADLAR,2016-08-26,24.4375
BADLAR,2016-08-29,24.0625
BADLAR,2016-08-30,24.3125
BADLAR,2016-08-31,24.0
BADLAR,2016-09-01,23.875
BADLAR,2016-09-02,23.5625
BADLAR,2016-09-05,23.625
BADLAR,2016-09-06,23.875
BADLAR,2016-09-07,23.5625
BADLAR,2016-09-08,23.25
BADLAR,2016-09-09,23.125
BADLAR,2016-09-12,23.3125
BADLAR,2016-09-13,23.3125
BADLAR,2016-09-14,23.1875
BADLAR,2016-09-15,23.125
BADLAR,2016-09-16,23.0625
BADLAR,2016-09-19,23.0
BADLAR,2016-09-20,23.0625
BADLAR,2016-09-21,22.875
BADLAR,2016-09-22,22.75
BADLAR,2016-09-23,22.5625
BADLAR,2016-09-26,22.4375
BADLAR,2016-09-27,22.625
BADLAR,2016-09-28,22.375
BADLAR,2016-09-29,22.4375
BADLAR,2016-09-30,22.1875
BADLAR,2016-10-03,22.125
BADLAR,2016-10-04,22.375
BADLAR,2016-10-05,22.375
BADLAR,2016-10-06,22.4375
BADLAR,2016-10-07,22.1875
BADLAR,2016-10-11,22.0
BADLAR,2016-10-12,22.25
BADLAR,2016-10-13,22.1875
BADLAR,2016-10-14,22.125
BADLAR,2016-10-17,22.0625
BADLAR,2016-10-18,22.0625
BADLAR,2016-10-19,22.25
BADLAR,2016-10-20,22.0
BADLAR,2016-10-21,22.0625
BADLAR,2016-10-24,21.875
BADLAR,2016-10-25,22.0625
BADLAR,2016-10-26,21.75
BADLAR,2016-10-27,21.9375
BADLAR,2016-10-28,21.9375
BADLAR,2016-10-31,21.75
BADLAR,2016-11-01,21.6875
BADLAR,2016-11-02,21.75
BADLAR,2016-11-03,21.5
BADLAR,2016-11-04,21.625
BADLAR,2016-11-07,21.5
BADLAR,2016-11-08,21.3125
BADLAR,2016-11-09,21.625
BADLAR,2016-11-10,21.0
BADLAR,2016-11-11,21.0625
BADLAR,2016-11-14,21.0
BADLAR,2016-11-15,21.0
BADLAR,2016-11-16,21.125
BADLAR,2016-11-17,21.0
BADLAR,2016-11-18,21.1875
BADLAR,2016-11-21,21.0
BADLAR,2016-11-22,20.8125
BADLAR,2016-11-23,20.75
BADLAR,2016-11-24,20.3125
BADLAR,2016-11-25,20.625
BADLAR,2016-11-29,20.8125
BADLAR,2016-11-30,20.375
BADLAR,2016-12-01,20.25
BADLAR,2016-12-02,20.3125
BADLAR,2016-12-05,20.4375
BADLAR,2016-12-06,20.5
BADLAR,2016-12-07,20.375
BADLAR,2016-12-12,19.9375
BADLAR,2016-12-13,19.8125
BADLAR,2016-12-14,20.0625
BADLAR,2016-12-15,20.125
BADLAR,2016-12-16,19.9375
BADLAR,2016-12-19,20.0
BADLAR,2016-12-20,19.8125
BADLAR,2016-12-21,19.75
BADLAR,2016-12-22,19.875
BADLAR,2016-12-23,19.9375
BADLAR,2016-12-26,19.75
BADLAR,2016-12-27,19.8125
BADLAR,2016-12-28,20.125
BADLAR,2016-12-29,19.875
BADLAR,2016-12-30,19.875
BADLAR,2017-01-02,19.8125
BADLAR,2017-01-03,20.125
BADLAR,2017-01-04,19.875
BADLAR,2017-01-05,19.75
BADLAR,2017-01-06,19.875
BADLAR,2017-01-09,19.875
BADLAR,2017-01-10,20.0625
BADLAR,2017-01-11,19.625
BADLAR,2017-01-12,19.625
BADLAR,2017-01-13,19.75
BADLAR,2017-01-16,19.75
BADLAR,2017-01-17,19.875
BADLAR,2017-01-18,19.75
BADLAR,2017-01-19,19.625
BADLAR,2017-01-20,19.5
BADLAR,2017-01-23,19.5
BADLAR,2017-01-24,19.625
BADLAR,2017-01-25,19.6875
BADLAR,2017-01-26,19.9375
BADLAR,2017-01-27,19.9375
BADLAR,2017-01-30,19.9375
BADLAR,2017-01-31,19.375
BADLAR,2017-02-01,20.1875
BADLAR,2017-02-02,20.25
BADLAR,2017-02-03,20.0
BADLAR,2017-02-06,19.625
BADLAR,2017-02-07,20.0625
BADLAR,2017-02-08,20.3125
BADLAR,2017-02-09,20.25
BADLAR,2017-02-10,19.625
BADLAR,2017-02-13,19.6875
BADLAR,2017-02-14,20.3125
BADLAR,2017-02-15,20.3125
BADLAR,2017-02-16,20.25
BADLAR,2017-02-17,19.75
BADLAR,2017-02-20,19.75
BADLAR,2017-02-21,20.0
BADLAR,2017-02-22,20.3125
BADLAR,2017-02-23,20.25
BADLAR,2017-02-24,20.1875
BADLAR,2017-03-01,20.125
BADLAR,2017-03-02,19.75
BADLAR,2017-03-03,19.6875
BADLAR,2017-03-06,19.875
BADLAR,2017-03-07,19.6875
BADLAR,2017-03-08,19.5625
BADLAR,2017-03-09,19.6875
BADLAR,2017-03-10,19.625
BADLAR,2017-03-13,19.375
BADLAR,2017-03-14,19.875
BADLAR,2017-03-15,19.5
BADLAR,2017-03-16,19.625
BADLAR,2017-03-17,19.625
BADLAR,2017-03-20,19.4375
BADLAR,2017-03-21,19.375
BADLAR,2017-03-22,19.25
BADLAR,2017-03-23,19.3125
BADLAR,2017-03-27,19.0625
BADLAR,2017-03-28,19.3125
BADLAR,2017-03-29,19.1875
BADLAR,2017-03-30,19.0
BADLAR,2017-03-31,19.0625
BADLAR,2017-04-03,18.6875
BADLAR,2017-04-04,19.0625
BADLAR,2017-04-05,18.8125
BADLAR,2017-04-06,18.9375
BADLAR,2017-04-07,18.75
BADLAR,2017-04-10,19.0
BADLAR,2017-04-11,18.9375
BADLAR,2017-04-12,18.875
BADLAR,2017-04-17,19.3125
BADLAR,2017-04-18,19.5
BADLAR,2017-04-19,19.4375
BADLAR,2017-04-20,19.3125
BADLAR,2017-04-21,19.4375
BADLAR,2017-04-24,19.5
BADLAR,2017-04-25,19.6875
BADLAR,2017-04-26,19.5
BADLAR,2017-04-27,19.6875
BADLAR,2017-04-28,20.0
BADLAR,2017-05-02,19.3125
BADLAR,2017-05-03,19.5625
BADLAR,2017-05-04,19.6875
BADLAR,2017-05-05,19.4375
BADLAR,2017-05-08,19.5
BADLAR,2017-05-09,19.625
BADLAR,2017-05-10,19.6875
BADLAR,2017-05-11,19.25
BADLAR,2017-05-12,19.5
BADLAR,2017-05-15,19.6875
BADLAR,2017-05-16,19.875
BADLAR,2017-05-17,19.5625
BADLAR,2017-05-18,19.875
BADLAR,2017-05-19,19.5625
BADLAR,2017-05-22,19.5625
BADLAR,2017-05-23,19.8125
BADLAR,2017-05-24,19.5
BADLAR,2017-05-26,19.4375
BADLAR,2017-05-29,19.9375
BADLAR,2017-05-30,19.875
BADLAR,2017-05-31,20.0625
BADLAR,2017-06-01,19.4375
BADLAR,2017-06-02,19.5625
BADLAR,2017-06-05,19.625
BADLAR,2017-06-06,19.75
BADLAR,2017-06-07,19.625
BADLAR,2017-06-08,19.8125
BADLAR,2017-06-09,19.8125
BADLAR,2017-06-12,19.5625
BADLAR,2017-06-13,19.8125
BADLAR,2017-06-14,19.9375
BADLAR,2017-06-15,19.75
BADLAR,2017-06-16,19.75
BADLAR,2017-06-19,19.625
BADLAR,2017-06-21,19.75
BADLAR,2017-06-22,19.8125
BADLAR,2017-06-23,20.0625
BADLAR,2017-06-26,19.875
BADLAR,2017-06-27,20.125
BADLAR,2017-06-28,19.9375
BADLAR,2017-06-29,20.25
BADLAR,2017-06-30,20.125
BADLAR,2017-07-03,19.6875
BADLAR,2017-07-04,20.1875
BADLAR,2017-07-05,19.875
BADLAR,2017-07-06,20.0625
BADLAR,2017-07-07,20.0
BADLAR,2017-07-10,20.125
BADLAR,2017-07-11,20.125
BADLAR,2017-07-12,19.75
BADLAR,2017-07-13,20.0
BADLAR,2017-07-14,20.0625
BADLAR,2017-07-17,20.1875
BADLAR,2017-07-18,20.3125
BADLAR,2017-07-19,20.125
BADLAR,2017-07-20,20.0625
BADLAR,2017-07-21,20.1875
BADLAR,2017-07-24,20.375
BADLAR,2017-07-25,20.625
BADLAR,2017-07-26,20.125
BADLAR,2017-07-27,20.375
BADLAR,2017-07-28,20.4375
BADLAR,2017-07-31,20.6875
BADLAR,2017-08-01,20.8125
BADLAR,2017-08-02,20.125
BADLAR,2017-08-03,20.6875
BADLAR,2017-08-04,20.375
BADLAR,2017-08-07,20.25
BADLAR,2017-08-08,21.1875
BADLAR,2017-08-09,20.875
BADLAR,2017-08-10,21.0
BADLAR,2017-08-11,20.375
BADLAR,2017-08-14,20.8125
BADLAR,2017-08-15,20.6875
BADLAR,2017-08-16,20.9375
BADLAR,2017-08-17,21.0625
BADLAR,2017-08-18,20.875
BADLAR,2017-08-22,20.875
BADLAR,2017-08-23,20.8125
BADLAR,2017-08-24,20.875
BADLAR,2017-08-25,20.75
BADLAR,2017-08-28,20.8125
BADLAR,2017-08-29,21.1875
BADLAR,2017-08-30,21.1875
BADLAR,2017-08-31,21.1875
BADLAR,2017-09-01,20.875
BADLAR,2017-09-04,20.75
BADLAR,2017-09-05,21.25
BADLAR,2017-09-06,21.0
BADLAR,2017-09-07,21.25
BADLAR,2017-09-08,21.25
BADLAR,2017-09-11,21.125
BADLAR,2017-09-12,21.3125
BADLAR,2017-09-13,21.25
BADLAR,2017-09-14,21.375
BADLAR,2017-09-15,21.375
BADLAR,2017-09-18,21.3125
BADLAR,2017-09-19,21.625
BADLAR,2017-09-20,21.625
BADLAR,2017-09-21,21.5625
BADLAR,2017-09-22,21.4375
BADLAR,2017-09-25,21.1875
BADLAR,2017-09-26,21.5
BADLAR,2017-09-27,21.5625
BADLAR,2017-09-28,21.5
BADLAR,2017-09-29,21.75
BADLAR,2017-10-02,21.125
BADLAR,2017-10-03,21.875
BADLAR,2017-10-04,21.25
BADLAR,2017-10-05,21.1875
BADLAR,2017-10-06,21.1875
BADLAR,2017-10-09,21.25
BADLAR,2017-10-10,22.0
BADLAR,2017-10-11,21.25
BADLAR,2017-10-12,21.625
BADLAR,2017-10-13,21.4375
BADLAR,2017-10-17,21.625
BADLAR,2017-10-18,21.8125
BADLAR,2017-10-19,21.625
BADLAR,2017-10-20,21.9375
BADLAR,2017-10-23,21.625
BADLAR,2017-10-24,22.125
BADLAR,2017-10-25,21.5625
BADLAR,2017-10-26,21.75
BADLAR,2017-10-27,22.0625
BADLAR,2017-10-30,22.0
BADLAR,2017-10-31,22.25
BADLAR,2017-11-01,21.75
BADLAR,2017-11-02,22.625
BADLAR,2017-11-03,22.0625
BADLAR,2017-11-07,22.0
BADLAR,2017-11-08,22.375
BADLAR,2017-11-09,22.4375
BADLAR,2017-11-10,22.1875
BADLAR,2017-11-13,22.5625
BADLAR,2017-11-14,22.625
BADLAR,2017-11-15,22.8125
BADLAR,2017-11-16,22.6875
BADLAR,2017-11-17,22.9375
BADLAR,2017-11-21,22.8125
BADLAR,2017-11-22,22.875
BADLAR,2017-11-23,22.9375
BADLAR,2017-11-24,22.5
BADLAR,2017-11-27,22.625
BADLAR,2017-11-28,22.8125
BADLAR,2017-11-29,22.9375
BADLAR,2017-11-30,23.3125
BADLAR,2017-12-01,22.4375
BADLAR,2017-12-04,23.125
BADLAR,2017-12-05,23.9375
BADLAR,2017-12-06,23.375
BADLAR,2017-12-07,22.875
BADLAR,2017-12-11,22.5625
BADLAR,2017-12-12,23.25
BADLAR,2017-12-13,23.375
BADLAR,2017-12-14,23.875
BADLAR,2017-12-15,23.375
BADLAR,2017-12-18,23.375
BADLAR,2017-12-19,23.1875
BADLAR,2017-12-20,24.3125
BADLAR,2017-12-21,23.4375
BADLAR,2017-12-22,23.3125
BADLAR,2017-12-26,23.0
BADLAR,2017-12-27,23.0
BADLAR,2017-12-28,23.125
BADLAR,2017-12-29,23.25
BADLAR,2018-01-02,23.0625
BADLAR,2018-01-03,23.25
BADLAR,2018-01-04,23.125
BADLAR,2018-01-05,23.1875
BADLAR,2018-01-08,22.875
BADLAR,2018-01-09,23.0625
BADLAR,2018-01-10,22.25
BADLAR,2018-01-11,22.8125
BADLAR,2018-01-12,22.9375
BADLAR,2018-01-15,23.0
BADLAR,2018-01-16,23.125
BADLAR,2018-01-17,22.9375
BADLAR,2018-01-18,23.25
BADLAR,2018-01-19,23.125
BADLAR,2018-01-22,22.875
BADLAR,2018-01-23,22.9375
BADLAR,2018-01-24,22.9375
BADLAR,2018-01-25,22.375
BADLAR,2018-01-26,22.8125
BADLAR,2018-01-29,23.0
BADLAR,2018-01-30,23.125
BADLAR,2018-01-31,23.1875
BADLAR,2018-02-01,22.6875
BADLAR,2018-02-02,22.8125
BADLAR,2018-02-05,22.6875
BADLAR,2018-02-06,22.8125
BADLAR,2018-02-07,22.5625
BADLAR,2018-02-08,23.0
BADLAR,2018-02-09,22.125
BADLAR,2018-02-14,22.75
BADLAR,2018-02-15,22.75
BADLAR,2018-02-16,22.75
BADLAR,2018-02-19,23.25
BADLAR,2018-02-20,23.1875
BADLAR,2018-02-21,22.8125
BADLAR,2018-02-22,22.875
BADLAR,2018-02-23,22.8125
BADLAR,2018-02-26,22.4375
BADLAR,2018-02-27,22.9375
BADLAR,2018-02-28,22.8125
BADLAR,2018-03-01,22.875
BADLAR,2018-03-02,22.9375
BADLAR,2018-03-05,22.75
BADLAR,2018-03-06,23.0625
BADLAR,2018-03-07,22.625
BADLAR,2018-03-08,22.8125
BADLAR,2018-03-09,22.75
BADLAR,2018-03-12,22.5625
BADLAR,2018-03-13,23.0
BADLAR,2018-03-14,23.0625
BADLAR,2018-03-15,22.5
BADLAR,2018-03-16,22.75
BADLAR,2018-03-19,22.8125
BADLAR,2018-03-20,22.9375
BADLAR,2018-03-21,23.3125
BADLAR,2018-03-22,23.125
BADLAR,2018-03-23,22.6875
BADLAR,2018-03-26,22.6875
BADLAR,2018-03-27,22.4375
BADLAR,2018-03-28,22.5625
BADLAR,2018-04-03,22.75
BADLAR,2018-04-04,22.8125
BADLAR,2018-04-05,22.875
BADLAR,2018-04-06,22.625
BADLAR,2018-04-09,22.6875
BADLAR,2018-04-10,22.875
BADLAR,2018-04-11,22.5
BADLAR,2018-04-12,22.8125
BADLAR,2018-04-13,22.8125
BADLAR,2018-04-16,22.75
BADLAR,2018-04-17,23.5
BADLAR,2018-04-18,23.0
BADLAR,2018-04-19,22.75
BADLAR,2018-04-20,23.0
BADLAR,2018-04-23,22.6875
BADLAR,2018-04-24,23.0625
BADLAR,2018-04-25,22.75
BADLAR,2018-04-26,22.4375
BADLAR,2018-04-27,22.8125
BADLAR,2018-05-02,23.5
BADLAR,2018-05-03,23.75
BADLAR,2018-05-04,25.75
BADLAR,2018-05-07,26.0625
BADLAR,2018-05-08,28.25
BADLAR,2018-05-09,28.6875
BADLAR,2018-05-10,29.0625
BADLAR,2018-05-11,28.625
BADLAR,2018-05-14,28.6875
BADLAR,2018-05-15,31.125
BADLAR,2018-05-16,29.25
BADLAR,2018-05-17,30.125
BADLAR,2018-05-18,29.25
BADLAR,2018-05-21,29.0
BADLAR,2018-05-22,29.5
BADLAR,2018-05-23,28.1875
BADLAR,2018-05-24,28.5
BADLAR,2018-05-28,28.25
BADLAR,2018-05-29,29.0
BADLAR,2018-05-30,29.4375
BADLAR,2018-05-31,30.0
BADLAR,2018-06-01,29.25
BADLAR,2018-06-04,28.8125
BADLAR,2018-06-05,29.4375
BADLAR,2018-06-06,29.3125
BADLAR,2018-06-07,29.1875
BADLAR,2018-06-08,29.4375
BADLAR,2018-06-11,28.9375
BADLAR,2018-06-12,29.75
BADLAR,2018-06-13,29.8125
BADLAR,2018-06-14,29.4375
BADLAR,2018-06-15,29.3125
BADLAR,2018-06-18,30.6875
BADLAR,2018-06-19,31.75
BADLAR,2018-06-21,32.0625
BADLAR,2018-06-22,31.75
BADLAR,2018-06-25,32.875
BADLAR,2018-06-26,32.375
BADLAR,2018-06-27,31.875
BADLAR,2018-06-28,32.5625
BADLAR,2018-06-29,32.6875
BADLAR,2018-07-02,33.0
BADLAR,2018-07-03,33.75
BADLAR,2018-07-04,33.375
BADLAR,2018-07-05,33.9375
BADLAR,2018-07-06,33.8125
BADLAR,2018-07-10,33.375
BADLAR,2018-07-11,33.5
BADLAR,2018-07-12,33.75
BADLAR,2018-07-13,34.8125
BADLAR,2018-07-16,34.375
BADLAR,2018-07-17,34.6875
BADLAR,2018-07-18,36.0625
BADLAR,2018-07-19,36.125
BADLAR,2018-07-20,35.5625
BADLAR,2018-07-23,34.5625
BADLAR,2018-07-24,35.125
BADLAR,2018-07-25,35.25
BADLAR,2018-07-26,35.1875
BADLAR,2018-07-27,34.3125
BADLAR,2018-07-30,35.1875
BADLAR,2018-07-31,35.1875
BADLAR,2018-08-01,35.125
BADLAR,2018-08-02,34.9375
BADLAR,2018-08-03,34.375
BADLAR,2018-08-06,34.5625
BADLAR,2018-08-07,34.8125
BADLAR,2018-08-08,34.0
BADLAR,2018-08-09,34.5625
BADLAR,2018-08-10,33.75
BADLAR,2018-08-13,34.75
BADLAR,2018-08-14,35.5
BADLAR,2018-08-15,36.0
BADLAR,2018-08-16,35.4375
BADLAR,2018-08-17,35.625
BADLAR,2018-08-21,35.4375
BADLAR,2018-08-22,34.25
BADLAR,2018-08-23,35.4375
BADLAR,2018-08-24,35.0625
BADLAR,2018-08-27,34.625
BADLAR,2018-08-28,34.875
BADLAR,2018-08-29,35.0625
BADLAR,2018-08-30,36.0625
BADLAR,2018-08-31,39.4375
BADLAR,2018-09-03,39.0
BADLAR,2018-09-04,40.0625
BADLAR,2018-09-05,40.3125
BADLAR,2018-09-06,40.5625
BADLAR,2018-09-07,40.5625
BADLAR,2018-09-10,39.9375
BADLAR,2018-09-11,40.5
BADLAR,2018-09-12,40.5
BADLAR,2018-09-13,41.0
BADLAR,2018-09-14,40.8125
BADLAR,2018-09-17,42.4375
BADLAR,2018-09-18,43.25
BADLAR,2018-09-19,45.4375
BADLAR,2018-09-20,43.9375
BADLAR,2018-09-21,42.6875
BADLAR,2018-09-24,43.125
BADLAR,2018-09-25,44.5
BADLAR,2018-09-26,42.4375
BADLAR,2018-09-27,42.75
BADLAR,2018-09-28,43.3125
BADLAR,2018-10-01,45.4375
BADLAR,2018-10-02,47.875
BADLAR,2018-10-03,47.25
BADLAR,2018-10-04,48.6875
BADLAR,2018-10-05,48.6875
BADLAR,2018-10-08,49.0
BADLAR,2018-10-09,50.1875
BADLAR,2018-10-10,48.8125
BADLAR,2018-10-11,48.6875
BADLAR,2018-10-12,51.375
BADLAR,2018-10-16,49.8125
BADLAR,2018-10-17,52.8125
BADLAR,2018-10-18,53.4375
BADLAR,2018-10-19,53.25
BADLAR,2018-10-22,51.1875
BADLAR,2018-10-23,52.5625
BADLAR,2018-10-24,51.5
BADLAR,2018-10-25,53.8125
BADLAR,2018-10-26,50.25
BADLAR,2018-10-29,51.4375
BADLAR,2018-10-30,53.25
BADLAR,2018-10-31,51.5
BADLAR,2018-11-01,53.625
BADLAR,2018-11-02,51.25
BADLAR,2018-11-05,51.6875
BADLAR,2018-11-07,52.125
BADLAR,2018-11-08,52.0625
BADLAR,2018-11-09,50.9375
BADLAR,2018-11-12,51.875
BADLAR,2018-11-13,51.25
BADLAR,2018-11-14,53.0625
BADLAR,2018-11-15,52.25
BADLAR,2018-11-16,51.5625
BADLAR,2018-11-20,51.125
BADLAR,2018-11-21,50.3125
BADLAR,2018-11-22,50.4375
BADLAR,2018-11-23,50.0625
BADLAR,2018-11-26,48.8125
BADLAR,2018-11-27,51.625
BADLAR,2018-11-28,50.625
BADLAR,2018-11-29,51.25
BADLAR,2018-12-03,49.25
BADLAR,2018-12-04,50.1875
BADLAR,2018-12-05,49.1875
BADLAR,2018-12-06,49.25
BADLAR,2018-12-07,48.875
BADLAR,2018-12-10,48.0
BADLAR,2018-12-11,49.625
BADLAR,2018-12-12,47.8125
BADLAR,2018-12-13,48.5625
BADLAR,2018-12-14,47.3125
BADLAR,2018-12-17,48.5
BADLAR,2018-12-18,48.0625
BADLAR,2018-12-19,49.5625
BADLAR,2018-12-20,48.5625
BADLAR,2018-12-21,47.9375
BADLAR,2018-12-26,47.0
BADLAR,2018-12-27,48.25
BADLAR,2018-12-28,49.5
BADLAR,2019-01-02,47.0
BADLAR,2019-01-03,47.5
BADLAR,2019-01-04,46.9375
BADLAR,2019-01-07,47.25
BADLAR,2019-01-08,47.0625
BADLAR,2019-01-09,45.9375
BADLAR,2019-01-10,46.5625
BADLAR,2019-01-11,45.625
BADLAR,2019-01-14,45.875
BADLAR,2019-01-15,46.5
BADLAR,2019-01-16,45.625
BADLAR,2019-01-17,45.75
BADLAR,2019-01-18,46.0
BADLAR,2019-01-21,45.125
BADLAR,2019-01-22,45.5625
BADLAR,2019-01-23,45.8125
BADLAR,2019-01-24,45.375
BADLAR,2019-01-25,44.625
BADLAR,2019-01-28,44.5
BADLAR,2019-01-29,44.625
BADLAR,2019-01-30,44.0625
BADLAR,2019-01-31,44.5625
BADLAR,2019-02-01,42.5625
BADLAR,2019-02-04,42.375
BADLAR,2019-02-05,41.4375
BADLAR,2019-02-06,40.8125
BADLAR,2019-02-07,39.4375
BADLAR,2019-02-08,38.125
BADLAR,2019-02-11,37.375
BADLAR,2019-02-12,36.625
BADLAR,2019-02-13,35.875
BADLAR,2019-02-14,36.0625
BADLAR,2019-02-15,35.375
BADLAR,2019-02-18,35.25
BADLAR,2019-02-19,35.375
BADLAR,2019-02-20,35.1875
BADLAR,2019-02-21,35.9375
BADLAR,2019-02-22,36.5625
BADLAR,2019-02-25,36.0
BADLAR,2019-02-26,37.375
BADLAR,2019-02-27,36.8125
BADLAR,2019-02-28,37.125
BADLAR,2019-03-01,36.625
BADLAR,2019-03-06,36.5625
BADLAR,2019-03-07,37.3125
BADLAR,2019-03-08,39.125
BADLAR,2019-03-11,39.5625
BADLAR,2019-03-12,40.8125
BADLAR,2019-03-13,40.75
BADLAR,2019-03-14,41.3125
BADLAR,2019-03-15,43.5
BADLAR,2019-03-18,42.25
BADLAR,2019-03-19,43.125
BADLAR,2019-03-20,42.0625
BADLAR,2019-03-21,43.25
BADLAR,2019-03-22,43.0
BADLAR,2019-03-25,44.1875
BADLAR,2019-03-26,44.125
BADLAR,2019-03-27,43.25
BADLAR,2019-03-28,45.3125
BADLAR,2019-03-29,45.6875
BADLAR,2019-04-01,46.125
BADLAR,2019-04-03,48.5
BADLAR,2019-04-04,48.5
BADLAR,2019-04-05,47.25
BADLAR,2019-04-08,47.6875
BADLAR,2019-04-09,48.8125
BADLAR,2019-04-10,47.8125
BADLAR,2019-04-11,48.8125
BADLAR,2019-04-12,48.125
BADLAR,2019-04-15,48.3125
BADLAR,2019-04-16,49.125
BADLAR,2019-04-17,48.125
BADLAR,2019-04-22,48.125
BADLAR,2019-04-23,49.5625
BADLAR,2019-04-24,48.625
BADLAR,2019-04-25,49.3125
BADLAR,2019-04-26,49.25
BADLAR,2019-04-29,50.0
BADLAR,2019-04-30,53.375
BADLAR,2019-05-02,50.375
BADLAR,2019-05-03,52.125
BADLAR,2019-05-06,52.0
BADLAR,2019-05-07,53.3125
BADLAR,2019-05-08,52.0
BADLAR,2019-05-09,52.5
BADLAR,2019-05-10,51.875
BADLAR,2019-05-13,52.5625
BADLAR,2019-05-14,53.5625
BADLAR,2019-05-15,52.625
BADLAR,2019-05-16,52.1875
BADLAR,2019-05-17,51.9375
BADLAR,2019-05-20,53.6875
BADLAR,2019-05-21,53.6875
BADLAR,2019-05-22,52.3125
BADLAR,2019-05-23,53.4375
BADLAR,2019-05-24,53.0
BADLAR,2019-05-27,52.625
BADLAR,2019-05-28,52.625
BADLAR,2019-05-29,52.8125
BADLAR,2019-05-30,52.6875
BADLAR,2019-05-31,53.0
BADLAR,2019-06-03,52.9375
BADLAR,2019-06-04,53.3125
BADLAR,2019-06-05,52.6875
BADLAR,2019-06-06,52.9375
BADLAR,2019-06-07,52.6875
BADLAR,2019-06-10,52.125
BADLAR,2019-06-11,52.3125
BADLAR,2019-06-12,51.8125
BADLAR,2019-06-13,51.3125
BADLAR,2019-06-14,51.0625
BADLAR,2019-06-18,50.8125
BADLAR,2019-06-19,50.75
BADLAR,2019-06-21,49.9375
BADLAR,2019-06-24,49.75
BADLAR,2019-06-25,48.3125
BADLAR,2019-06-26,48.1875
BADLAR,2019-06-27,47.6875
BADLAR,2019-06-28,47.5
BADLAR,2019-07-01,47.6875
BADLAR,2019-07-02,48.0
BADLAR,2019-07-03,48.4375
BADLAR,2019-07-04,48.4375
BADLAR,2019-07-05,48.0625
BADLAR,2019-07-10,47.8125
BADLAR,2019-07-11,48.5
BADLAR,2019-07-12,47.5625
BADLAR,2019-07-15,48.125
BADLAR,2019-07-16,47.625
BADLAR,2019-07-17,48.0625
BADLAR,2019-07-18,47.8125
BADLAR,2019-07-19,48.25
BADLAR,2019-07-22,47.9375
BADLAR,2019-07-23,50.25
BADLAR,2019-07-24,49.125
BADLAR,2019-07-25,50.8125
BADLAR,2019-07-26,49.375
BADLAR,2019-07-29,49.5
BADLAR,2019-07-30,50.125
BADLAR,2019-07-31,49.625
BADLAR,2019-08-01,49.8125
BADLAR,2019-08-02,49.8125
BADLAR,2019-08-05,50.4375
BADLAR,2019-08-06,51.5625
BADLAR,2019-08-07,52.375
BADLAR,2019-08-08,52.0
BADLAR,2019-08-09,51.25
BADLAR,2019-08-12,53.125
BADLAR,2019-08-13,57.5
BADLAR,2019-08-14,58.125
BADLAR,2019-08-15,57.5625
BADLAR,2019-08-16,57.875
BADLAR,2019-08-20,57.375
BADLAR,2019-08-21,57.125
BADLAR,2019-08-22,58.9375
BADLAR,2019-08-23,58.125
BADLAR,2019-08-26,57.75
BADLAR,2019-08-27,60.0
BADLAR,2019-08-28,57.9375
BADLAR,2019-08-29,57.5625
BADLAR,2019-08-30,58.0625
BADLAR,2019-09-02,59.1875
BADLAR,2019-09-03,60.6875
BADLAR,2019-09-04,59.875
BADLAR,2019-09-05,60.4375
BADLAR,2019-09-06,60.9375
BADLAR,2019-09-09,59.1875
BADLAR,2019-09-10,61.0
BADLAR,2019-09-11,60.4375
BADLAR,2019-09-12,60.5
BADLAR,2019-09-13,60.75
BADLAR,2019-09-16,60.1875
BADLAR,2019-09-17,60.125
BADLAR,2019-09-18,60.4375
BADLAR,2019-09-19,59.875
BADLAR,2019-09-20,59.375
BADLAR,2019-09-23,59.8125
BADLAR,2019-09-24,59.25
BADLAR,2019-09-25,58.875
BADLAR,2019-09-26,59.5625
BADLAR,2019-09-27,59.625
BADLAR,2019-09-30,58.875
BADLAR,2019-10-01,59.9375
BADLAR,2019-10-02,59.375
BADLAR,2019-10-03,59.1875
BADLAR,2019-10-04,57.875
BADLAR,2019-10-07,57.75
BADLAR,2019-10-08,57.9375
BADLAR,2019-10-09,56.6875
BADLAR,2019-10-10,57.1875
BADLAR,2019-10-11,55.5
BADLAR,2019-10-15,55.6875
BADLAR,2019-10-16,54.8125
BADLAR,2019-10-17,55.0625
BADLAR,2019-10-18,55.25
BADLAR,2019-10-21,53.875
BADLAR,2019-10-22,55.0625
BADLAR,2019-10-23,54.375
BADLAR,2019-10-24,53.4375
BADLAR,2019-10-25,50.25
BADLAR,2019-10-28,53.5625
BADLAR,2019-10-29,51.125
BADLAR,2019-10-30,50.0625
BADLAR,2019-10-31,48.6875
BADLAR,2019-11-01,48.4375
BADLAR,2019-11-04,47.6875
BADLAR,2019-11-05,47.625
BADLAR,2019-11-07,46.5
BADLAR,2019-11-08,47.5
BADLAR,2019-11-11,46.5
BADLAR,2019-11-12,46.4375
BADLAR,2019-11-13,46.25
BADLAR,2019-11-14,45.6875
BADLAR,2019-11-15,47.1875
BADLAR,2019-11-19,45.375
BADLAR,2019-11-20,45.125
BADLAR,2019-11-21,45.3125
BADLAR,2019-11-22,45.0625
BADLAR,2019-11-25,44.5625
BADLAR,2019-11-26,45.375
BADLAR,2019-11-27,44.375
BADLAR,2019-11-28,44.5625
BADLAR,2019-11-29,44.1875
BADLAR,2019-12-02,44.1875
BADLAR,2019-12-03,44.3125
BADLAR,2019-12-04,43.5
BADLAR,2019-12-05,43.9375
BADLAR,2019-12-06,42.6875
BADLAR,2019-12-09,42.5
BADLAR,2019-12-10,42.875
BADLAR,2019-12-11,42.3125
BADLAR,2019-12-12,42.3125
BADLAR,2019-12-13,41.875
BADLAR,2019-12-16,41.625
BADLAR,2019-12-17,41.25
BADLAR,2019-12-18,41.625
BADLAR,2019-12-19,40.875
BADLAR,2019-12-20,40.5
BADLAR,2019-12-23,40.75
BADLAR,2019-12-26,40.25
BADLAR,2019-12-27,40.3125
BADLAR,2019-12-30,39.4375
BADLAR,2020-01-02,38.875
BADLAR,2020-01-03,38.75
BADLAR,2020-01-06,38.75
BADLAR,2020-01-07,38.25
BADLAR,2020-01-08,37.5625
BADLAR,2020-01-09,38.0
BADLAR,2020-01-10,37.5625
BADLAR,2020-01-13,37.125
BADLAR,2020-01-14,36.5
BADLAR,2020-01-15,36.3125
BADLAR,2020-01-16,36.125
BADLAR,2020-01-17,35.375
BADLAR,2020-01-20,35.375
BADLAR,2020-01-21,34.9375
BADLAR,2020-01-22,34.9375
BADLAR,2020-01-23,34.5625
BADLAR,2020-01-24,34.875
BADLAR,2020-01-27,34.3125
BADLAR,2020-01-28,34.5
BADLAR,2020-01-29,34.3125
BADLAR,2020-01-30,34.3125
BADLAR,2020-01-31,34.0
BADLAR,2020-02-03,34.3125
BADLAR,2020-02-04,34.6875
BADLAR,2020-02-05,34.25
BADLAR,2020-02-06,34.6875
BADLAR,2020-02-07,34.125
BADLAR,2020-02-10,34.5
BADLAR,2020-02-11,35.1875
BADLAR,2020-02-12,34.375
BADLAR,2020-02-13,35.25
BADLAR,2020-02-14,34.0625
BADLAR,2020-02-17,33.9375
BADLAR,2020-02-18,32.875
BADLAR,2020-02-19,33.4375
BADLAR,2020-02-20,33.0
BADLAR,2020-02-21,31.875
BADLAR,2020-02-26,31.125
BADLAR,2020-02-27,31.0625
BADLAR,2020-02-28,31.8125
BADLAR,2020-03-02,31.0
BADLAR,2020-03-03,31.1875
BADLAR,2020-03-04,30.5
BADLAR,2020-03-05,30.4375
BADLAR,2020-03-06,29.875
BADLAR,2020-03-09,29.5625
BADLAR,2020-03-10,29.75
BADLAR,2020-03-11,29.8125
BADLAR,2020-03-12,29.5
BADLAR,2020-03-13,29.3125
BADLAR,2020-03-16,29.5
BADLAR,2020-03-17,29.5
BADLAR,2020-03-18,29.5
BADLAR,2020-03-19,29.3125
BADLAR,2020-03-20,29.0
BADLAR,2020-03-25,29.3125
BADLAR,2020-03-26,29.375
BADLAR,2020-03-27,27.75
BADLAR,2020-03-30,27.5625
BADLAR,2020-04-01,27.0
BADLAR,2020-04-02,26.125
BADLAR,2020-04-03,25.75
BADLAR,2020-04-06,25.125
BADLAR,2020-04-07,23.0625
BADLAR,2020-04-08,21.9375
BADLAR,2020-04-13,21.0
BADLAR,2020-04-14,18.125
BADLAR,2020-04-15,18.25
BADLAR,2020-04-16,16.875
BADLAR,2020-04-17,16.875
BADLAR,2020-04-20,18.25
BADLAR,2020-04-21,17.4375
BADLAR,2020-04-22,16.1875
BADLAR,2020-04-23,15.9375
BADLAR,2020-04-24,18.3125
BADLAR,2020-04-27,18.3125
BADLAR,2020-04-28,18.375
BADLAR,2020-04-29,18.3125
BADLAR,2020-04-30,18.4375
BADLAR,2020-05-04,21.0625
BADLAR,2020-05-05,19.875
BADLAR,2020-05-06,20.0625
BADLAR,2020-05-07,19.8125
BADLAR,2020-05-08,20.625
BADLAR,2020-05-11,21.0625
BADLAR,2020-05-12,20.5625
BADLAR,2020-05-13,21.8125
BADLAR,2020-05-14,20.75
BADLAR,2020-05-15,22.625
BADLAR,2020-05-18,26.4375
BADLAR,2020-05-19,26.25
BADLAR,2020-05-20,26.5
BADLAR,2020-05-21,26.5
BADLAR,2020-05-22,26.1875
BADLAR,2020-05-26,25.6875
BADLAR,2020-05-27,26.4375
BADLAR,2020-05-28,26.5
BADLAR,2020-05-29,26.5625
BADLAR,2020-06-01,28.5
BADLAR,2020-06-02,29.0
BADLAR,2020-06-03,29.5625
BADLAR,2020-06-04,29.75
BADLAR,2020-06-05,29.5625
BADLAR,2020-06-08,29.5625
BADLAR,2020-06-09,29.875
BADLAR,2020-06-10,29.5
BADLAR,2020-06-11,29.6875
BADLAR,2020-06-12,29.1875
BADLAR,2020-06-16,29.75
BADLAR,2020-06-17,29.8125
BADLAR,2020-06-18,29.4375
BADLAR,2020-06-19,29.8125
BADLAR,2020-06-22,29.625
BADLAR,2020-06-23,29.75
BADLAR,2020-06-24,29.75
BADLAR,2020-06-25,29.8125
BADLAR,2020-06-26,29.625
BADLAR,2020-06-29,29.0
BADLAR,2020-06-30,29.6875
BADLAR,2020-07-01,29.75
BADLAR,2020-07-02,29.5625
BADLAR,2020-07-03,29.5625
BADLAR,2020-07-06,29.6875
BADLAR,2020-07-07,29.75
BADLAR,2020-07-08,29.5
BADLAR,2020-07-13,29.6875
BADLAR,2020-07-14,29.5625
BADLAR,2020-07-15,29.625
BADLAR,2020-07-16,29.5
BADLAR,2020-07-17,29.5625
BADLAR,2020-07-20,29.4375
BADLAR,2020-07-21,29.5
BADLAR,2020-07-22,29.6875
BADLAR,2020-07-23,29.125
BADLAR,2020-07-24,29.5625
BADLAR,2020-07-27,29.375
BADLAR,2020-07-28,29.1875
BADLAR,2020-07-29,29.75
BADLAR,2020-07-30,29.625
BADLAR,2020-07-31,29.1875
BADLAR,2020-08-03,29.875
BADLAR,2020-08-04,29.25
BADLAR,2020-08-05,29.4375
BADLAR,2020-08-06,29.8125
BADLAR,2020-08-07,29.625
BADLAR,2020-08-10,30.0
BADLAR,2020-08-11,29.6875
BADLAR,2020-08-12,29.75
BADLAR,2020-08-13,29.3125
BADLAR,2020-08-14,29.875
BADLAR,2020-08-18,29.9375
BADLAR,2020-08-19,29.8125
BADLAR,2020-08-20,30.0
BADLAR,2020-08-21,29.5625
BADLAR,2020-08-24,28.9375
BADLAR,2020-08-25,29.5625
BADLAR,2020-08-26,29.875
BADLAR,2020-08-27,29.1875
BADLAR,2020-08-28,29.9375
BADLAR,2020-08-31,29.625
BADLAR,2020-09-01,29.6875
BADLAR,2020-09-02,29.75
BADLAR,2020-09-03,30.0
BADLAR,2020-09-04,29.8125
BADLAR,2020-09-07,29.625
BADLAR,2020-09-08,29.875
BADLAR,2020-09-09,29.9375
BADLAR,2020-09-10,29.6875
BADLAR,2020-09-11,29.5
BADLAR,2020-09-14,29.6875
BADLAR,2020-09-15,29.5
BADLAR,2020-09-16,29.875
BADLAR,2020-09-17,29.875
BADLAR,2020-09-18,29.875
BADLAR,2020-09-21,30.0
BADLAR,2020-09-22,29.75
BADLAR,2020-09-23,29.25
BADLAR,2020-09-24,29.5625
BADLAR,2020-09-25,29.5625
BADLAR,2020-09-28,29.8125
BADLAR,2020-09-29,30.0625
BADLAR,2020-09-30,29.6875
BADLAR,2020-10-01,28.875
BADLAR,2020-10-02,29.6875
BADLAR,2020-10-05,29.875
BADLAR,2020-10-06,29.9375
BADLAR,2020-10-07,29.6875
BADLAR,2020-10-08,29.5625
BADLAR,2020-10-09,29.75
BADLAR,2020-10-13,29.8125
BADLAR,2020-10-14,29.625
BADLAR,2020-10-15,30.0
BADLAR,2020-10-16,31.6875
BADLAR,2020-10-19,31.5625
BADLAR,2020-10-20,31.875
BADLAR,2020-10-21,31.75
BADLAR,2020-10-22,31.125
BADLAR,2020-10-23,31.5625
BADLAR,2020-10-26,31.5625
BADLAR,2020-10-27,31.5625
BADLAR,2020-10-28,31.6875
BADLAR,2020-10-29,31.6875
BADLAR,2020-10-30,31.75
BADLAR,2020-11-02,31.75
BADLAR,2020-11-03,31.75
BADLAR,2020-11-04,31.4375
BADLAR,2020-11-05,31.8125
BADLAR,2020-11-09,31.75
BADLAR,2020-11-10,31.8125
BADLAR,2020-11-11,31.5625
BADLAR,2020-11-12,31.6875
BADLAR,2020-11-13,33.625
BADLAR,2020-11-16,33.875
BADLAR,2020-11-17,33.9375
BADLAR,2020-11-18,33.875
BADLAR,2020-11-19,33.875
BADLAR,2020-11-20,34.0625
BADLAR,2020-11-24,33.875
BADLAR,2020-11-25,33.625
BADLAR,2020-11-26,34.0625
BADLAR,2020-11-27,33.75
BADLAR,2020-11-30,33.75
BADLAR,2020-12-01,34.375
BADLAR,2020-12-02,34.3125
BADLAR,2020-12-03,34.1875
BADLAR,2020-12-04,34.0625
BADLAR,2020-12-09,34.25
BADLAR,2020-12-10,34.375
BADLAR,2020-12-11,34.125
BADLAR,2020-12-14,34.0625
BADLAR,2020-12-15,34.5
BADLAR,2020-12-16,34.1875
BADLAR,2020-12-17,34.1875
BADLAR,2020-12-18,34.3125
BADLAR,2020-12-21,34.25
BADLAR,2020-12-22,34.0625
BADLAR,2020-12-23,34.0625
BADLAR,2020-12-28,34.125
BADLAR,2020-12-29,34.1875
BADLAR,2020-12-30,34.25
BADLAR,2021-01-04,34.0625
BADLAR,2021-01-05,34.3125
BADLAR,2021-01-06,33.9375
BADLAR,2021-01-07,33.8125
BADLAR,2021-01-08,34.125
BADLAR,2021-01-11,34.3125
BADLAR,2021-01-12,34.125
BADLAR,2021-01-13,34.0
BADLAR,2021-01-14,34.375
BADLAR,2021-01-15,34.5625
BADLAR,2021-01-18,34.1875
BADLAR,2021-01-19,34.1875
BADLAR,2021-01-20,34.3125
BADLAR,2021-01-21,34.0
BADLAR,2021-01-22,34.0
BADLAR,2021-01-25,33.8125
BADLAR,2021-01-26,33.875
BADLAR,2021-01-27,34.0625
BADLAR,2021-01-28,34.1875
BADLAR,2021-01-29,34.1875
BADLAR,2021-02-01,34.1875
BADLAR,2021-02-02,34.1875
BADLAR,2021-02-03,34.0
BADLAR,2021-02-04,34.1875
BADLAR,2021-02-05,34.0625
BADLAR,2021-02-08,34.125
BADLAR,2021-02-09,34.25
BADLAR,2021-02-10,34.1875
BADLAR,2021-02-11,34.125
BADLAR,2021-02-12,34.0
BADLAR,2021-02-17,34.25
BADLAR,2021-02-18,34.25
BADLAR,2021-02-19,33.75
BADLAR,2021-02-22,34.125
BADLAR,2021-02-23,34.125
BADLAR,2021-02-24,34.1875
BADLAR,2021-02-25,34.1875
BADLAR,2021-02-26,33.625
BADLAR,2021-03-01,34.0625
BADLAR,2021-03-02,34.0625
BADLAR,2021-03-03,34.1875
BADLAR,2021-03-04,33.875
BADLAR,2021-03-05,33.875
BADLAR,2021-03-08,34.1875
BADLAR,2021-03-09,34.0625
BADLAR,2021-03-10,34.0
BADLAR,2021-03-11,34.1875
BADLAR,2021-03-12,34.1875
BADLAR,2021-03-15,34.0
BADLAR,2021-03-16,34.0625
BADLAR,2021-03-17,34.125
BADLAR,2021-03-18,34.0625
BADLAR,2021-03-19,34.125
BADLAR,2021-03-22,34.125
BADLAR,2021-03-23,34.1875
BADLAR,2021-03-25,34.0
BADLAR,2021-03-26,34.1875
BADLAR,2021-03-29,33.75
BADLAR,2021-03-30,34.125
BADLAR,2021-03-31,34.0625
BADLAR,2021-04-05,33.9375
BADLAR,2021-04-06,34.125
BADLAR,2021-04-07,34.0625
BADLAR,2021-04-08,34.0625
BADLAR,2021-04-09,34.0625
BADLAR,2021-04-12,34.1875
BADLAR,2021-04-13,34.1875
BADLAR,2021-04-14,34.0
BADLAR,2021-04-15,34.0625
BADLAR,2021-04-16,34.125
BADLAR,2021-04-19,34.1875
BADLAR,2021-04-20,34.0625
BADLAR,2021-04-21,34.125
BADLAR,2021-04-22,34.25
BADLAR,2021-04-23,34.125
BADLAR,2021-04-26,34.0625
BADLAR,2021-04-27,34.125
BADLAR,2021-04-28,33.9375
BADLAR,2021-04-29,34.1875
BADLAR,2021-04-30,34.0625
BADLAR,2021-05-03,34.25
BADLAR,2021-05-04,34.125
BADLAR,2021-05-05,33.875
BADLAR,2021-05-06,34.125
BADLAR,2021-05-07,34.125
BADLAR,2021-05-10,34.0
BADLAR,2021-05-11,34.125
BADLAR,2021-05-12,34.1875
BADLAR,2021-05-13,34.1875
BADLAR,2021-05-14,34.0625
BADLAR,2021-05-17,34.0625
BADLAR,2021-05-18,34.1875
BADLAR,2021-05-19,34.1875
BADLAR,2021-05-20,34.125
BADLAR,2021-05-21,34.0625
BADLAR,2021-05-26,34.1875
BADLAR,2021-05-27,34.125
BADLAR,2021-05-28,34.0625
BADLAR,2021-05-31,34.125
BADLAR,2021-06-01,34.0625
BADLAR,2021-06-02,34.1875
BADLAR,2021-06-03,34.125
BADLAR,2021-06-04,33.875
BADLAR,2021-06-07,34.25
BADLAR,2021-06-08,34.1875
BADLAR,2021-06-09,34.0
BADLAR,2021-06-10,34.25
BADLAR,2021-06-11,34.125
BADLAR,2021-06-14,34.125
BADLAR,2021-06-15,34.1875
BADLAR,2021-06-16,34.125
BADLAR,2021-06-17,34.0
BADLAR,2021-06-18,34.1875
BADLAR,2021-06-22,34.125
BADLAR,2021-06-23,34.1875
BADLAR,2021-06-24,34.0625
BADLAR,2021-06-25,34.125
BADLAR,2021-06-28,34.125
BADLAR,2021-06-29,34.0625
BADLAR,2021-06-30,34.125
BADLAR,2021-07-01,34.125
BADLAR,2021-07-02,34.1875
BADLAR,2021-07-05,34.0
BADLAR,2021-07-06,34.1875
BADLAR,2021-07-07,34.25
BADLAR,2021-07-08,34.1875
BADLAR,2021-07-12,34.125
BADLAR,2021-07-13,33.875
BADLAR,2021-07-14,34.125
BADLAR,2021-07-15,34.1875
BADLAR,2021-07-16,34.0625
BADLAR,2021-07-19,34.125
BADLAR,2021-07-20,34.1875
BADLAR,2021-07-21,34.1875
BADLAR,2021-07-22,34.0625
BADLAR,2021-07-23,34.125
BADLAR,2021-07-26,34.1875
BADLAR,2021-07-27,34.1875
BADLAR,2021-07-28,34.125
BADLAR,2021-07-29,34.125
BADLAR,2021-07-30,34.125
BADLAR,2021-08-02,34.1875
BADLAR,2021-08-03,34.1875
BADLAR,2021-08-04,34.0
BADLAR,2021-08-05,34.1875
BADLAR,2021-08-06,34.25
BADLAR,2021-08-09,34.25
BADLAR,2021-08-10,34.1875
BADLAR,2021-08-11,34.0625
BADLAR,2021-08-12,34.1875
BADLAR,2021-08-13,34.125
BADLAR,2021-08-17,34.25
BADLAR,2021-08-18,34.0625
BADLAR,2021-08-19,34.1875
BADLAR,2021-08-20,34.0625
BADLAR,2021-08-23,34.1875
BADLAR,2021-08-24,34.125
BADLAR,2021-08-25,34.1875
BADLAR,2021-08-26,34.125
BADLAR,2021-08-27,34.125
BADLAR,2021-08-30,34.1875
BADLAR,2021-08-31,34.1875
BADLAR,2021-09-01,34.1875
BADLAR,2021-09-02,34.125
BADLAR,2021-09-03,34.125
BADLAR,2021-09-06,34.3125
BADLAR,2021-09-07,34.1875
BADLAR,2021-09-08,34.25
BADLAR,2021-09-09,34.1875
BADLAR,2021-09-10,34.0625
BADLAR,2021-09-13,34.1875
BADLAR,2021-09-14,33.9375
BADLAR,2021-09-15,34.0625
BADLAR,2021-09-16,34.25
BADLAR,2021-09-17,34.125
BADLAR,2021-09-20,34.1875
BADLAR,2021-09-21,34.125
BADLAR,2021-09-22,34.1875
BADLAR,2021-09-23,34.25
BADLAR,2021-09-24,34.125
BADLAR,2021-09-27,34.125
BADLAR,2021-09-28,34.125
BADLAR,2021-09-29,34.1875
BADLAR,2021-09-30,34.1875
BADLAR,2021-10-01,34.1875
BADLAR,2021-10-04,34.125
BADLAR,2021-10-05,34.0625
BADLAR,2021-10-06,34.25
BADLAR,2021-10-07,34.125
BADLAR,2021-10-12,34.125
BADLAR,2021-10-13,34.1875
BADLAR,2021-10-14,34.0625
BADLAR,2021-10-15,34.0625
BADLAR,2021-10-18,34.1875
BADLAR,2021-10-19,34.125
BADLAR,2021-10-20,34.125
BADLAR,2021-10-21,34.1875
BADLAR,2021-10-22,34.25
BADLAR,2021-10-25,34.125
BADLAR,2021-10-26,34.125
BADLAR,2021-10-27,34.125
BADLAR,2021-10-28,34.125
BADLAR,2021-10-29,34.125
BADLAR,2021-11-01,34.25
BADLAR,2021-11-02,34.125
BADLAR,2021-11-03,34.125
BADLAR,2021-11-04,34.1875
BADLAR,2021-11-05,34.25
BADLAR,2021-11-08,34.25
BADLAR,2021-11-09,34.1875
BADLAR,2021-11-10,34.1875
BADLAR,2021-11-11,34.0
BADLAR,2021-11-12,34.125
BADLAR,2021-11-15,34.125
BADLAR,2021-11-16,34.25
BADLAR,2021-11-17,34.1875
BADLAR,2021-11-18,34.25
BADLAR,2021-11-19,34.1875
BADLAR,2021-11-23,34.1875
BADLAR,2021-11-24,34.1875
BADLAR,2021-11-25,34.125
BADLAR,2021-11-26,34.125
BADLAR,2021-11-29,34.25
BADLAR,2021-11-30,34.125
BADLAR,2021-12-01,34.1875
BADLAR,2021-12-02,34.0625
BADLAR,2021-12-03,34.125
BADLAR,2021-12-06,34.25
BADLAR,2021-12-07,34.125
BADLAR,2021-12-09,34.25
BADLAR,2021-12-10,34.1875
BADLAR,2021-12-13,34.125
BADLAR,2021-12-14,34.3125
BADLAR,2021-12-15,34.1875
BADLAR,2021-12-16,34.1875
BADLAR,2021-12-17,34.25
BADLAR,2021-12-20,34.25
BADLAR,2021-12-21,34.25
BADLAR,2021-12-22,34.1875
BADLAR,2021-12-23,34.25
BADLAR,2021-12-27,34.25
BADLAR,2021-12-28,34.25
BADLAR,2021-12-29,34.1875
BADLAR,2021-12-30,34.125
BADLAR,2022-01-03,34.1875
BADLAR,2022-01-04,34.25
BADLAR,2022-01-05,34.25
BADLAR,2022-01-06,34.1875
BADLAR,2022-01-07,37.375
BADLAR,2022-01-10,37.625
BADLAR,2022-01-11,37.375
BADLAR,2022-01-12,37.4375
BADLAR,2022-01-13,37.4375
BADLAR,2022-01-14,37.625
BADLAR,2022-01-17,37.75
BADLAR,2022-01-18,37.5
BADLAR,2022-01-19,37.5625
BADLAR,2022-01-20,37.625
BADLAR,2022-01-21,37.5
BADLAR,2022-01-24,37.625
BADLAR,2022-01-25,37.625
BADLAR,2022-01-26,37.5625
BADLAR,2022-01-27,37.5625
BADLAR,2022-01-28,37.75
BADLAR,2022-01-31,37.625
BADLAR,2022-02-01,37.5
BADLAR,2022-02-02,37.5625
BADLAR,2022-02-03,37.5625
BADLAR,2022-02-04,37.5625
BADLAR,2022-02-07,37.375
BADLAR,2022-02-08,37.4375
BADLAR,2022-02-09,37.6875
BADLAR,2022-02-10,37.5
BADLAR,2022-02-11,37.5625
BADLAR,2022-02-14,37.5
BADLAR,2022-02-15,37.625
BADLAR,2022-02-16,37.6875
BADLAR,2022-02-17,37.625
BADLAR,2022-02-18,39.9375
BADLAR,2022-02-21,39.875
BADLAR,2022-02-22,40.0625
BADLAR,2022-02-23,40.0625
BADLAR,2022-02-24,39.9375
BADLAR,2022-02-25,39.9375
BADLAR,2022-03-02,40.125
BADLAR,2022-03-03,40.0625
BADLAR,2022-03-04,39.75
BADLAR,2022-03-07,40.0625
BADLAR,2022-03-08,40.0
BADLAR,2022-03-09,39.875
BADLAR,2022-03-10,40.0625
BADLAR,2022-03-11,39.9375
BADLAR,2022-03-14,39.875
BADLAR,2022-03-15,40.0
BADLAR,2022-03-16,40.0625
BADLAR,2022-03-17,40.1875
BADLAR,2022-03-18,40.0625
BADLAR,2022-03-21,40.0
BADLAR,2022-03-22,39.875
BADLAR,2022-03-23,41.75
BADLAR,2022-03-25,41.9375
BADLAR,2022-03-28,42.0
BADLAR,2022-03-29,41.9375
BADLAR,2022-03-30,42.0
BADLAR,2022-03-31,41.8125
BADLAR,2022-04-01,42.0
BADLAR,2022-04-04,42.0
BADLAR,2022-04-05,42.125
BADLAR,2022-04-06,42.125
BADLAR,2022-04-07,41.9375
BADLAR,2022-04-08,41.9375
BADLAR,2022-04-11,42.0
BADLAR,2022-04-12,41.875
BADLAR,2022-04-13,41.875
BADLAR,2022-04-18,44.5625
BADLAR,2022-04-19,44.25
BADLAR,2022-04-20,44.3125
BADLAR,2022-04-21,44.375
BADLAR,2022-04-22,44.3125
BADLAR,2022-04-25,44.4375
BADLAR,2022-04-26,44.625
BADLAR,2022-04-27,44.5625
BADLAR,2022-04-28,44.5
BADLAR,2022-04-29,44.375
BADLAR,2022-05-02,44.625
BADLAR,2022-05-03,44.4375
BADLAR,2022-05-04,44.4375
BADLAR,2022-05-05,44.625
BADLAR,2022-05-06,44.5625
BADLAR,2022-05-09,44.625
BADLAR,2022-05-10,44.375
BADLAR,2022-05-11,44.625
BADLAR,2022-05-12,44.5625
BADLAR,2022-05-13,46.375
BADLAR,2022-05-16,45.6875
BADLAR,2022-05-17,46.5
BADLAR,2022-05-19,46.5625
BADLAR,2022-05-20,46.375
BADLAR,2022-05-23,46.4375
BADLAR,2022-05-24,46.375
BADLAR,2022-05-26,46.5
BADLAR,2022-05-27,46.4375
BADLAR,2022-05-30,46.5
BADLAR,2022-05-31,45.8125
BADLAR,2022-06-01,46.6875
BADLAR,2022-06-02,46.5
BADLAR,2022-06-03,46.4375
BADLAR,2022-06-06,46.625
BADLAR,2022-06-07,46.5625
BADLAR,2022-06-08,46.625
BADLAR,2022-06-09,46.5
BADLAR,2022-06-10,46.5625
BADLAR,2022-06-13,46.625
BADLAR,2022-06-14,46.3125
BADLAR,2022-06-15,46.5
BADLAR,2022-06-16,46.6875
BADLAR,2022-06-21,50.8125
BADLAR,2022-06-22,50.6875
BADLAR,2022-06-23,50.75
BADLAR,2022-06-24,50.5
BADLAR,2022-06-27,50.8125
BADLAR,2022-06-28,50.5625
BADLAR,2022-06-29,50.75
BADLAR,2022-06-30,50.625
BADLAR,2022-07-01,50.9375
BADLAR,2022-07-04,50.875
BADLAR,2022-07-05,50.75
BADLAR,2022-07-06,51.0625
BADLAR,2022-07-07,50.8125
BADLAR,2022-07-08,51.0
BADLAR,2022-07-11,51.0
BADLAR,2022-07-12,50.75
BADLAR,2022-07-13,50.875
BADLAR,2022-07-14,51.0
BADLAR,2022-07-15,50.875
BADLAR,2022-07-18,50.8125
BADLAR,2022-07-19,50.75
BADLAR,2022-07-20,50.5625
BADLAR,2022-07-21,51.0
BADLAR,2022-07-22,50.75
BADLAR,2022-07-25,50.6875
BADLAR,2022-07-26,50.5
BADLAR,2022-07-27,50.875
BADLAR,2022-07-28,51.0
BADLAR,2022-07-29,55.625
BADLAR,2022-08-01,56.5
BADLAR,2022-08-02,55.375
BADLAR,2022-08-03,56.375
BADLAR,2022-08-04,56.1875
BADLAR,2022-08-05,56.3125
BADLAR,2022-08-08,56.5625
BADLAR,2022-08-09,55.75
BADLAR,2022-08-10,56.1875
BADLAR,2022-08-11,56.5625
BADLAR,2022-08-12,63.5
BADLAR,2022-08-16,63.75
BADLAR,2022-08-17,63.5
BADLAR,2022-08-18,63.375
BADLAR,2022-08-19,62.75
BADLAR,2022-08-22,64.125
BADLAR,2022-08-23,63.0625
BADLAR,2022-08-24,63.375
BADLAR,2022-08-25,63.3125
BADLAR,2022-08-26,63.4375
BADLAR,2022-08-29,63.625
BADLAR,2022-08-30,63.25
BADLAR,2022-08-31,63.875
BADLAR,2022-09-01,64.625
BADLAR,2022-09-05,64.1875
BADLAR,2022-09-06,62.9375
BADLAR,2022-09-07,63.8125
BADLAR,2022-09-08,63.5625
BADLAR,2022-09-09,63.6875
BADLAR,2022-09-12,64.1875
BADLAR,2022-09-13,63.9375
BADLAR,2022-09-14,63.875
BADLAR,2022-09-15,64.0625
BADLAR,2022-09-16,68.1875
BADLAR,2022-09-19,68.6875
BADLAR,2022-09-20,68.6875
BADLAR,2022-09-21,69.6875
BADLAR,2022-09-22,68.625
BADLAR,2022-09-23,68.75
BADLAR,2022-09-26,69.25
BADLAR,2022-09-27,68.25
BADLAR,2022-09-28,69.0
BADLAR,2022-09-29,69.125
BADLAR,2022-09-30,69.125
BADLAR,2022-10-03,69.8125
BADLAR,2022-10-04,68.75
BADLAR,2022-10-05,69.5
BADLAR,2022-10-06,68.625
BADLAR,2022-10-11,69.8125
BADLAR,2022-10-12,69.5625
BADLAR,2022-10-13,69.375
BADLAR,2022-10-14,68.75
BADLAR,2022-10-17,69.4375
BADLAR,2022-10-18,68.25
BADLAR,2022-10-19,68.6875
BADLAR,2022-10-20,68.625
BADLAR,2022-10-21,69.125
BADLAR,2022-10-24,69.125
BADLAR,2022-10-25,68.25
BADLAR,2022-10-26,69.25
BADLAR,2022-10-27,68.9375
BADLAR,2022-10-28,68.8125
BADLAR,2022-10-31,69.5
BADLAR,2022-11-01,69.125
BADLAR,2022-11-02,69.8125
BADLAR,2022-11-03,68.75
BADLAR,2022-11-04,69.625
BADLAR,2022-11-07,69.4375
BADLAR,2022-11-08,69.0625
BADLAR,2022-11-09,68.4375
BADLAR,2022-11-10,70.125
BADLAR,2022-11-11,70.0
BADLAR,2022-11-14,69.6875
BADLAR,2022-11-15,68.625
BADLAR,2022-11-16,69.25
BADLAR,2022-11-17,68.6875
BADLAR,2022-11-18,68.5625
BADLAR,2022-11-22,69.625
BADLAR,2022-11-23,69.25
BADLAR,2022-11-24,68.375
BADLAR,2022-11-25,69.1875
BADLAR,2022-11-28,69.3125
BADLAR,2022-11-29,68.3125
BADLAR,2022-11-30,69.5
BADLAR,2022-12-01,69.0625
BADLAR,2022-12-02,69.0
BADLAR,2022-12-05,69.9375
BADLAR,2022-12-06,69.125
BADLAR,2022-12-07,69.375
BADLAR,2022-12-12,70.25
BADLAR,2022-12-13,69.5625
BADLAR,2022-12-14,69.5
BADLAR,2022-12-15,68.9375
BADLAR,2022-12-16,69.5625
BADLAR,2022-12-19,69.375
BADLAR,2022-12-20,69.0625
BADLAR,2022-12-21,68.875
BADLAR,2022-12-22,69.6875
BADLAR,2022-12-23,69.25
BADLAR,2022-12-26,69.5
BADLAR,2022-12-27,68.5
BADLAR,2022-12-28,69.25
BADLAR,2022-12-29,68.8125
BADLAR,2022-12-30,69.375
BADLAR,2023-01-02,69.375
BADLAR,2023-01-03,68.5
BADLAR,2023-01-04,69.8125
BADLAR,2023-01-05,69.375
BADLAR,2023-01-06,69.3125
BADLAR,2023-01-09,69.3125
BADLAR,2023-01-10,68.8125
BADLAR,2023-01-11,70.1875
BADLAR,2023-01-12,69.9375
BADLAR,2023-01-13,69.75
BADLAR,2023-01-16,70.0
BADLAR,2023-01-17,69.5625
BADLAR,2023-01-18,69.25
BADLAR,2023-01-19,69.1875
BADLAR,2023-01-20,69.0625
BADLAR,2023-01-23,70.5
BADLAR,2023-01-24,69.0625
BADLAR,2023-01-25,70.125
BADLAR,2023-01-26,69.1875
BADLAR,2023-01-27,68.375
BADLAR,2023-01-30,70.25
BADLAR,2023-01-31,69.375
BADLAR,2023-02-01,69.8125
BADLAR,2023-02-02,69.1875
BADLAR,2023-02-03,69.5
BADLAR,2023-02-06,70.0625
BADLAR,2023-02-07,69.3125
BADLAR,2023-02-08,69.5
BADLAR,2023-02-09,69.875
BADLAR,2023-02-10,70.25
BADLAR,2023-02-13,70.8125
BADLAR,2023-02-14,69.4375
BADLAR,2023-02-15,69.6875
BADLAR,2023-02-16,69.75
BADLAR,2023-02-17,69.6875
BADLAR,2023-02-22,70.5
BADLAR,2023-02-23,69.375
BADLAR,2023-02-24,70.0625
BADLAR,2023-02-27,69.75
BADLAR,2023-02-28,69.375
BADLAR,2023-03-01,70.3125
BADLAR,2023-03-02,69.75
BADLAR,2023-03-03,70.1875
BADLAR,2023-03-06,70.25
BADLAR,2023-03-07,69.625
BADLAR,2023-03-08,70.3125
BADLAR,2023-03-09,70.0625
BADLAR,2023-03-10,69.625
BADLAR,2023-03-13,70.25
BADLAR,2023-03-14,70.0625
BADLAR,2023-03-15,70.5625
BADLAR,2023-03-16,70.1875
BADLAR,2023-03-17,71.875
BADLAR,2023-03-20,72.0
BADLAR,2023-03-21,71.5625
BADLAR,2023-03-22,71.375
BADLAR,2023-03-23,71.0625
BADLAR,2023-03-27,73.6875
BADLAR,2023-03-28,72.3125
BADLAR,2023-03-29,72.125
BADLAR,2023-03-30,71.9375
BADLAR,2023-03-31,72.4375
BADLAR,2023-04-03,72.6875
BADLAR,2023-04-04,71.875
BADLAR,2023-04-05,72.5625
BADLAR,2023-04-10,73.1875
BADLAR,2023-04-11,72.4375
BADLAR,2023-04-12,72.9375
BADLAR,2023-04-13,72.8125
BADLAR,2023-04-14,73.125
BADLAR,2023-04-17,73.375
BADLAR,2023-04-18,72.5625
BADLAR,2023-04-19,73.0
BADLAR,2023-04-20,73.0625
BADLAR,2023-04-21,73.8125
BADLAR,2023-04-24,74.75
BADLAR,2023-04-25,73.9375
BADLAR,2023-04-26,76.375
BADLAR,2023-04-27,76.25
BADLAR,2023-04-28,87.5
BADLAR,2023-05-02,87.5
BADLAR,2023-05-03,87.5
BADLAR,2023-05-04,87.25
BADLAR,2023-05-05,87.625
BADLAR,2023-05-08,87.875
BADLAR,2023-05-09,86.0625
BADLAR,2023-05-10,88.1875
BADLAR,2023-05-11,88.0625
BADLAR,2023-05-12,87.875
BADLAR,2023-05-15,89.0
BADLAR,2023-05-16,92.875
BADLAR,2023-05-17,93.0625
BADLAR,2023-05-18,93.125
BADLAR,2023-05-19,92.1875
BADLAR,2023-05-22,92.0625
BADLAR,2023-05-23,91.75
BADLAR,2023-05-24,91.5
BADLAR,2023-05-29,93.1875
BADLAR,2023-05-30,92.3125
BADLAR,2023-05-31,91.9375
BADLAR,2023-06-01,92.9375
BADLAR,2023-06-02,92.4375
BADLAR,2023-06-05,93.0
BADLAR,2023-06-06,92.5625
BADLAR,2023-06-07,92.375
BADLAR,2023-06-08,91.9375
BADLAR,2023-06-09,92.75
BADLAR,2023-06-12,93.1875
BADLAR,2023-06-13,92.0
BADLAR,2023-06-14,92.5
BADLAR,2023-06-15,92.5
BADLAR,2023-06-16,92.5
BADLAR,2023-06-21,92.8125
BADLAR,2023-06-22,92.0625
BADLAR,2023-06-23,91.5625
BADLAR,2023-06-26,92.25
BADLAR,2023-06-27,91.625
BADLAR,2023-06-28,93.125
BADLAR,2023-06-29,92.5625
BADLAR,2023-06-30,92.25
BADLAR,2023-07-03,93.3125
BADLAR,2023-07-04,92.3125
BADLAR,2023-07-05,93.375
BADLAR,2023-07-06,93.0625
BADLAR,2023-07-07,92.6875
BADLAR,2023-07-10,93.4375
BADLAR,2023-07-11,92.625
BADLAR,2023-07-12,93.0625
BADLAR,2023-07-13,92.9375
BADLAR,2023-07-14,92.875
BADLAR,2023-07-17,93.1875
BADLAR,2023-07-18,92.0625
BADLAR,2023-07-19,92.0
BADLAR,2023-07-20,91.3125
BADLAR,2023-07-21,92.625
BADLAR,2023-07-24,92.5
BADLAR,2023-07-25,91.9375
BADLAR,2023-07-26,91.875
BADLAR,2023-07-27,91.625
BADLAR,2023-07-28,92.9375
BADLAR,2023-07-31,92.875
BADLAR,2023-08-01,92.1875
BADLAR,2023-08-02,93.25
BADLAR,2023-08-03,93.125
BADLAR,2023-08-04,93.25
BADLAR,2023-08-07,93.125
BADLAR,2023-08-08,91.625
BADLAR,2023-08-09,93.125
BADLAR,2023-08-10,92.6875
BADLAR,2023-08-11,93.0625
BADLAR,2023-08-14,95.1875
BADLAR,2023-08-15,113.375
BADLAR,2023-08-16,113.6875
BADLAR,2023-08-17,113.0
BADLAR,2023-08-18,112.25
BADLAR,2023-08-22,112.9375
BADLAR,2023-08-23,112.9375
BADLAR,2023-08-24,112.9375
BADLAR,2023-08-25,113.0625
BADLAR,2023-08-28,114.0625
BADLAR,2023-08-29,112.5
BADLAR,2023-08-30,113.5625
BADLAR,2023-08-31,113.4375
BADLAR,2023-09-01,114.1875
BADLAR,2023-09-04,114.5625
BADLAR,2023-09-05,114.0
BADLAR,2023-09-06,113.875
BADLAR,2023-09-07,113.625
BADLAR,2023-09-08,114.25
BADLAR,2023-09-11,114.625
BADLAR,2023-09-12,114.0625
BADLAR,2023-09-13,115.1875
BADLAR,2023-09-14,113.75
BADLAR,2023-09-15,113.875
BADLAR,2023-09-18,113.6875
BADLAR,2023-09-19,112.8125
BADLAR,2023-09-20,112.625
BADLAR,2023-09-21,113.5625
BADLAR,2023-09-22,113.5625
BADLAR,2023-09-25,112.875
BADLAR,2023-09-26,112.4375
BADLAR,2023-09-27,113.8125
BADLAR,2023-09-28,113.1875
BADLAR,2023-09-29,113.875
BADLAR,2023-10-02,114.4375
BADLAR,2023-10-03,112.8125
BADLAR,2023-10-04,114.5
BADLAR,2023-10-05,114.0
BADLAR,2023-10-06,114.0
BADLAR,2023-10-09,114.4375
BADLAR,2023-10-10,113.5625
BADLAR,2023-10-11,114.75
BADLAR,2023-10-12,114.0625
BADLAR,2023-10-17,129.625
BADLAR,2023-10-18,129.375
BADLAR,2023-10-19,128.6875
BADLAR,2023-10-20,128.8125
BADLAR,2023-10-23,128.5
BADLAR,2023-10-24,127.5
BADLAR,2023-10-25,128.25
BADLAR,2023-10-26,128.1875
BADLAR,2023-10-27,128.875
BADLAR,2023-10-30,128.6875
BADLAR,2023-10-31,128.5625
BADLAR,2023-11-01,129.375
BADLAR,2023-11-02,128.4375
BADLAR,2023-11-03,129.875
BADLAR,2023-11-07,129.625
BADLAR,2023-11-08,129.75
BADLAR,2023-11-09,129.0
BADLAR,2023-11-10,129.8125
BADLAR,2023-11-13,130.3125
BADLAR,2023-11-14,128.3125
BADLAR,2023-11-15,128.25
BADLAR,2023-11-16,129.875
BADLAR,2023-11-17,129.25
BADLAR,2023-11-21,129.8125
BADLAR,2023-11-22,129.4375
BADLAR,2023-11-23,128.5625
BADLAR,2023-11-24,129.25
BADLAR,2023-11-27,129.5
BADLAR,2023-11-28,129.375
BADLAR,2023-11-29,129.3125
BADLAR,2023-11-30,129.875
BADLAR,2023-12-01,130.1875
BADLAR,2023-12-04,129.625
BADLAR,2023-12-05,129.0625
BADLAR,2023-12-06,129.125
BADLAR,2023-12-07,130.125
BADLAR,2023-12-11,129.875
BADLAR,2023-12-12,129.75
BADLAR,2023-12-13,129.25
BADLAR,2023-12-14,127.875
BADLAR,2023-12-15,128.25
BADLAR,2023-12-18,129.9375
BADLAR,2023-12-19,113.0
BADLAR,2023-12-20,109.75
BADLAR,2023-12-21,109.9375
BADLAR,2023-12-22,109.5625
BADLAR,2023-12-26,109.3125
BADLAR,2023-12-27,108.875
BADLAR,2023-12-28,109.0
BADLAR,2023-12-29,109.75
BADLAR,2024-01-02,108.0
BADLAR,2024-01-03,109.125
BADLAR,2024-01-04,109.25
BADLAR,2024-01-05,109.125
BADLAR,2024-01-08,108.5625
BADLAR,2024-01-09,109.75
BADLAR,2024-01-10,108.3125
BADLAR,2024-01-11,109.5
BADLAR,2024-01-12,109.375
BADLAR,2024-01-15,109.625
BADLAR,2024-01-16,109.75
BADLAR,2024-01-17,109.5625
BADLAR,2024-01-18,109.625
BADLAR,2024-01-19,109.6875
BADLAR,2024-01-22,108.6875
BADLAR,2024-01-23,109.6875
BADLAR,2024-01-24,109.875
BADLAR,2024-01-25,108.8125
BADLAR,2024-01-26,108.0625
BADLAR,2024-01-29,109.0
BADLAR,2024-01-30,108.625
BADLAR,2024-01-31,109.6875
BADLAR,2024-02-01,107.9375
BADLAR,2024-02-02,108.875
BADLAR,2024-02-05,108.0
BADLAR,2024-02-06,108.4375
BADLAR,2024-02-07,108.875
BADLAR,2024-02-08,109.4375
BADLAR,2024-02-09,107.875
BADLAR,2024-02-14,108.1875
BADLAR,2024-02-15,109.625
BADLAR,2024-02-16,109.125
BADLAR,2024-02-19,109.3125
BADLAR,2024-02-20,109.5625
BADLAR,2024-02-21,108.125
BADLAR,2024-02-22,109.5625
BADLAR,2024-02-23,109.25
BADLAR,2024-02-26,108.8125
BADLAR,2024-02-27,110.0
BADLAR,2024-02-28,109.0625
BADLAR,2024-02-29,108.9375
BADLAR,2024-03-01,108.8125
BADLAR,2024-03-04,108.9375
BADLAR,2024-03-05,108.9375
BADLAR,2024-03-06,109.25
BADLAR,2024-03-07,108.0625
BADLAR,2024-03-08,108.9375
BADLAR,2024-03-11,108.625
BADLAR,2024-03-12,74.375
BADLAR,2024-03-13,72.5
BADLAR,2024-03-14,72.375
BADLAR,2024-03-15,71.625
BADLAR,2024-03-18,71.125
BADLAR,2024-03-19,71.0625
BADLAR,2024-03-20,71.25
BADLAR,2024-03-21,72.25
BADLAR,2024-03-22,71.3125
BADLAR,2024-03-25,71.375
BADLAR,2024-03-26,71.1875
BADLAR,2024-03-27,70.875
BADLAR,2024-04-03,70.75
BADLAR,2024-04-04,71.5
BADLAR,2024-04-05,71.375
BADLAR,2024-04-08,71.5
BADLAR,2024-04-09,70.875
BADLAR,2024-04-10,69.8125
BADLAR,2024-04-11,67.875
BADLAR,2024-04-12,61.4375
BADLAR,2024-04-15,61.3125
BADLAR,2024-04-16,61.3125
BADLAR,2024-04-17,61.0
BADLAR,2024-04-18,61.8125
BADLAR,2024-04-19,60.9375
BADLAR,2024-04-22,60.8125
BADLAR,2024-04-23,61.0
BADLAR,2024-04-24,61.25
BADLAR,2024-04-25,56.5
BADLAR,2024-04-26,50.6875
BADLAR,2024-04-29,50.8125
BADLAR,2024-04-30,50.8125
BADLAR,2024-05-02,47.875
BADLAR,2024-05-03,40.9375
BADLAR,2024-05-06,40.3125
BADLAR,2024-05-07,40.4375
BADLAR,2024-05-08,39.75
BADLAR,2024-05-09,40.125
BADLAR,2024-05-10,39.375
BADLAR,2024-05-13,39.75
BADLAR,2024-05-14,39.1875
BADLAR,2024-05-15,32.5
BADLAR,2024-05-16,32.0625
BADLAR,2024-05-17,31.1875
BADLAR,2024-05-20,31.9375
BADLAR,2024-05-21,31.875
BADLAR,2024-05-22,31.5625
BADLAR,2024-05-23,30.625
BADLAR,2024-05-24,32.1875
BADLAR,2024-05-27,31.625
BADLAR,2024-05-28,31.6875
BADLAR,2024-05-29,32.375
BADLAR,2024-05-30,32.125
BADLAR,2024-05-31,33.375
BADLAR,2024-06-03,32.0625
BADLAR,2024-06-04,32.375
BADLAR,2024-06-05,32.5625
BADLAR,2024-06-06,32.875
BADLAR,2024-06-07,32.9375
BADLAR,2024-06-10,31.75
BADLAR,2024-06-11,34.625
BADLAR,2024-06-12,33.4375
BADLAR,2024-06-13,33.625
BADLAR,2024-06-14,33.8125
BADLAR,2024-06-18,32.625
BADLAR,2024-06-19,34.5
BADLAR,2024-06-24,33.375
BADLAR,2024-06-25,35.1875
BADLAR,2024-06-26,32.875
BADLAR,2024-06-27,33.5625
BADLAR,2024-06-28,36.0625
BADLAR,2024-07-01,34.1875
BADLAR,2024-07-02,36.5
BADLAR,2024-07-03,34.9375
BADLAR,2024-07-04,33.875
BADLAR,2024-07-05,36.0
BADLAR,2024-07-08,35.8125
BADLAR,2024-07-10,34.25
BADLAR,2024-07-11,35.5625
BADLAR,2024-07-12,37.0625
BADLAR,2024-07-15,36.0625
BADLAR,2024-07-16,36.5
BADLAR,2024-07-17,37.5
BADLAR,2024-07-18,37.875
BADLAR,2024-07-19,37.875
BADLAR,2024-07-22,38.6875
BADLAR,2024-07-23,40.4375
BADLAR,2024-07-24,38.125
BADLAR,2024-07-25,38.125
BADLAR,2024-07-26,38.1875
BADLAR,2024-07-29,37.6875
BADLAR,2024-07-30,39.1875
BADLAR,2024-07-31,37.5
BADLAR,2024-08-01,40.25
BADLAR,2024-08-02,37.5
BADLAR,2024-08-05,36.75
BADLAR,2024-08-06,37.9375
BADLAR,2024-08-07,38.375
BADLAR,2024-08-08,37.125
BADLAR,2024-08-09,37.1875
BADLAR,2024-08-12,37.9375
BADLAR,2024-08-13,38.375
BADLAR,2024-08-14,38.5
BADLAR,2024-08-15,38.5
BADLAR,2024-08-16,39.4375
BADLAR,2024-08-19,38.375
BADLAR,2024-08-20,40.75
BADLAR,2024-08-21,39.25
BADLAR,2024-08-22,41.25
BADLAR,2024-08-23,39.125
BADLAR,2024-08-26,38.375
BADLAR,2024-08-27,41.1875
BADLAR,2024-08-28,38.8125
BADLAR,2024-08-29,39.4375
BADLAR,2024-08-30,40.125
BADLAR,2024-09-02,37.375
BADLAR,2024-09-03,39.4375
BADLAR,2024-09-04,37.75
BADLAR,2024-09-05,38.125
BADLAR,2024-09-06,38.0
BADLAR,2024-09-09,37.875
BADLAR,2024-09-10,38.625
BADLAR,2024-09-11,39.3125
BADLAR,2024-09-12,39.25
BADLAR,2024-09-13,38.625
BADLAR,2024-09-16,39.125
BADLAR,2024-09-17,39.25
BADLAR,2024-09-18,39.4375
BADLAR,2024-09-19,40.125
BADLAR,2024-09-20,41.6875
BADLAR,2024-09-23,40.0625
BADLAR,2024-09-24,42.0
BADLAR,2024-09-25,39.625
BADLAR,2024-09-26,40.625
BADLAR,2024-09-27,40.9375
BADLAR,2024-09-30,39.75
BADLAR,2024-10-01,42.0
BADLAR,2024-10-02,40.0625
BADLAR,2024-10-03,40.4375
BADLAR,2024-10-04,39.8125
BADLAR,2024-10-07,39.0625
BADLAR,2024-10-08,38.5
BADLAR,2024-10-09,38.5625
BADLAR,2024-10-10,39.625
BADLAR,2024-10-14,39.6875
BADLAR,2024-10-15,39.375
BADLAR,2024-10-16,40.4375
BADLAR,2024-10-17,40.625
BADLAR,2024-10-18,40.25
BADLAR,2024-10-21,41.3125
BADLAR,2024-10-22,42.3125
BADLAR,2024-10-23,40.875
BADLAR,2024-10-24,42.375
BADLAR,2024-10-25,41.0625
BADLAR,2024-10-28,40.3125
BADLAR,2024-10-29,42.5
BADLAR,2024-10-30,41.4375
BADLAR,2024-10-31,40.5625
BADLAR,2024-11-01,37.5
BADLAR,2024-11-04,36.6875
BADLAR,2024-11-05,36.3125
BADLAR,2024-11-07,35.0
BADLAR,2024-11-08,36.0
BADLAR,2024-11-11,35.5
BADLAR,2024-11-12,36.375
BADLAR,2024-11-13,36.125
BADLAR,2024-11-14,35.6875
BADLAR,2024-11-15,35.8125
BADLAR,2024-11-19,34.6875
BADLAR,2024-11-20,36.1875
BADLAR,2024-11-21,36.875
BADLAR,2024-11-22,35.8125
BADLAR,2024-11-25,35.5
BADLAR,2024-11-26,37.3125
BADLAR,2024-11-27,36.375
BADLAR,2024-11-28,37.0
BADLAR,2024-11-29,36.5
BADLAR,2024-12-02,34.9375
BADLAR,2024-12-03,36.9375
BADLAR,2024-12-04,34.6875
BADLAR,2024-12-05,35.375
BADLAR,2024-12-06,32.5625
BADLAR,2024-12-09,31.875
BADLAR,2024-12-10,32.6875
BADLAR,2024-12-11,31.3125
BADLAR,2024-12-12,32.0625
BADLAR,2024-12-13,32.0625
BADLAR,2024-12-16,31.9375
BADLAR,2024-12-17,32.5
BADLAR,2024-12-18,32.375
BADLAR,2024-12-19,31.6875
BADLAR,2024-12-20,32.875
BADLAR,2024-12-23,32.0
BADLAR,2024-12-26,31.9375
BADLAR,2024-12-27,32.875
BADLAR,2024-12-30,31.9375
BADLAR,2025-01-02,31.625
BADLAR,2025-01-03,32.0625
BADLAR,2025-01-06,32.75
BADLAR,2025-01-07,32.375
BADLAR,2025-01-08,31.0
BADLAR,2025-01-09,31.3125
BADLAR,2025-01-10,31.1875
BADLAR,2025-01-13,31.625
BADLAR,2025-01-14,32.625
BADLAR,2025-01-15,31.6875
BADLAR,2025-01-16,30.6875
BADLAR,2025-01-17,31.25
BADLAR,2025-01-20,30.875
BADLAR,2025-01-21,31.625
BADLAR,2025-01-22,31.3125
BADLAR,2025-01-23,31.3125
BADLAR,2025-01-24,32.625
BADLAR,2025-01-27,30.4375
BADLAR,2025-01-28,32.25
BADLAR,2025-01-29,31.5625
BADLAR,2025-01-30,31.4375
BADLAR,2025-01-31,29.3125
BADLAR,2025-02-03,28.5
BADLAR,2025-02-04,29.5
BADLAR,2025-02-05,29.6875
BADLAR,2025-02-06,29.4375
BADLAR,2025-02-07,28.75
BADLAR,2025-02-10,28.5
BADLAR,2025-02-11,29.1875
BADLAR,2025-02-12,28.625
BADLAR,2025-02-13,28.125
BADLAR,2025-02-14,29.0625
BADLAR,2025-02-17,28.4375
BADLAR,2025-02-18,28.0
BADLAR,2025-02-19,27.875
BADLAR,2025-02-20,27.5
BADLAR,2025-02-21,28.125
BADLAR,2025-02-24,27.9375
BADLAR,2025-02-25,28.5625
BADLAR,2025-02-26,27.5625
BADLAR,2025-02-27,28.0
BADLAR,2025-02-28,28.1875
BADLAR,2025-03-05,27.75
BADLAR,2025-03-06,28.875
BADLAR,2025-03-07,28.8125
BADLAR,2025-03-10,28.4375
BADLAR,2025-03-11,29.0
BADLAR,2025-03-12,28.9375
BADLAR,2025-03-13,28.875
BADLAR,2025-03-14,29.25
BADLAR,2025-03-17,29.25
BADLAR,2025-03-18,30.25
BADLAR,2025-03-19,30.3125
BADLAR,2025-03-20,30.5625
BADLAR,2025-03-21,30.1875
BADLAR,2025-03-25,29.625
BADLAR,2025-03-26,30.4375
BADLAR,2025-03-27,30.5
BADLAR,2025-03-28,29.875
BADLAR,2025-03-31,30.1875
BADLAR,2025-04-01,31.0625
BADLAR,2025-04-03,31.0625
BADLAR,2025-04-04,30.0625
BADLAR,2025-04-07,31.375
BADLAR,2025-04-08,31.8125
BADLAR,2025-04-09,30.625
BADLAR,2025-04-10,32.0625
BADLAR,2025-04-11,32.125
BADLAR,2025-04-14,36.25
BADLAR,2025-04-15,35.625
BADLAR,2025-04-16,37.25
BADLAR,2025-04-21,35.0
BADLAR,2025-04-22,34.5
BADLAR,2025-04-23,34.625
BADLAR,2025-04-24,33.5625
BADLAR,2025-04-25,33.625
BADLAR,2025-04-28,33.0625
BADLAR,2025-04-29,33.25
BADLAR,2025-04-30,33.0
BADLAR,2025-05-05,32.1875
BADLAR,2025-05-06,33.625
BADLAR,2025-05-07,33.125
BADLAR,2025-05-08,33.3125
BADLAR,2025-05-09,32.4375
BADLAR,2025-05-12,32.25
BADLAR,2025-05-13,33.5625
BADLAR,2025-05-14,32.8125
BADLAR,2025-05-15,33.375
BADLAR,2025-05-16,31.8125
BADLAR,2025-05-19,33.5625
BADLAR,2025-05-20,33.75
BADLAR,2025-05-21,32.25
BADLAR,2025-05-22,32.5625
BADLAR,2025-05-23,33.5
BADLAR,2025-05-26,31.875
BADLAR,2025-05-27,33.0
BADLAR,2025-05-28,31.9375
BADLAR,2025-05-29,32.3125
BADLAR,2025-05-30,31.8125
BADLAR,2025-06-02,32.6875
BADLAR,2025-06-03,32.5
BADLAR,2025-06-04,31.4375
BADLAR,2025-06-05,31.6875
BADLAR,2025-06-06,31.9375
BADLAR,2025-06-09,31.3125
BADLAR,2025-06-10,32.125
BADLAR,2025-06-11,31.9375
BADLAR,2025-06-12,32.1875
BADLAR,2025-06-13,31.875
BADLAR,2025-06-17,32.25
BADLAR,2025-06-18,31.9375
BADLAR,2025-06-19,33.0625
BADLAR,2025-06-23,32.0
BADLAR,2025-06-24,32.9375
BADLAR,2025-06-25,32.375
BADLAR,2025-06-26,32.3125
BADLAR,2025-06-27,32.5
BADLAR,2025-06-30,32.0
BADLAR,2025-07-01,32.6875
BADLAR,2025-07-02,32.4375
BADLAR,2025-07-03,32.4375
BADLAR,2025-07-04,31.6875
BADLAR,2025-07-07,31.75
BADLAR,2025-07-08,32.4375
BADLAR,2025-07-10,31.3125
BADLAR,2025-07-11,30.4375
BADLAR,2025-07-14,28.875
BADLAR,2025-07-15,28.75
BADLAR,2025-07-16,30.0
BADLAR,2025-07-17,30.1875
BADLAR,2025-07-18,31.4375
BADLAR,2025-07-21,32.1875
BADLAR,2025-07-22,34.4375
BADLAR,2025-07-23,34.625
BADLAR,2025-07-24,34.6875
BADLAR,2025-07-25,33.8125
BADLAR,2025-07-28,33.1875
BADLAR,2025-07-29,35.4375
BADLAR,2025-07-30,35.3125
BADLAR,2025-07-31,36.8125
BADLAR,2025-08-01,38.0
BADLAR,2025-08-04,38.8125
BADLAR,2025-08-05,39.375
BADLAR,2025-08-06,38.1875
BADLAR,2025-08-07,39.4375
BADLAR,2025-08-08,40.75
BADLAR,2025-08-11,41.875
BADLAR,2025-08-12,45.9375
BADLAR,2025-08-13,44.375
BADLAR,2025-08-14,46.6875
BADLAR,2025-08-18,49.6875
BADLAR,2025-08-19,54.125
BADLAR,2025-08-20,53.4375
BADLAR,2025-08-21,53.8125
BADLAR,2025-08-22,53.125
BADLAR,2025-08-25,52.1875
BADLAR,2025-08-26,58.375
BADLAR,2025-08-27,55.375
BADLAR,2025-08-28,59.0625
BADLAR,2025-08-29,58.0
BADLAR,2025-09-01,58.1875
BADLAR,2025-09-02,55.6875
BADLAR,2025-09-03,56.5625
BADLAR,2025-09-04,57.1875
BADLAR,2025-09-05,55.25
BADLAR,2025-09-08,56.5
BADLAR,2025-09-09,59.0
BADLAR,2025-09-10,53.625
BADLAR,2025-09-11,50.9375
BADLAR,2025-09-12,46.125
BADLAR,2025-09-15,44.625
BADLAR,2025-09-16,43.375
BADLAR,2025-09-17,43.25
BADLAR,2025-09-18,44.3125
BADLAR,2025-09-19,45.25
BADLAR,2025-09-22,45.375
BADLAR,2025-09-23,46.4375
BADLAR,2025-09-24,43.5
BADLAR,2025-09-25,40.375
BADLAR,2025-09-26,39.25
BADLAR,2025-09-29,39.625
BADLAR,2025-09-30,41.0
BADLAR,2025-10-01,40.625
BADLAR,2025-10-02,40.375
BADLAR,2025-10-03,40.875
BADLAR,2025-10-06,40.8125
BADLAR,2025-10-07,44.125
BADLAR,2025-10-08,44.3125
BADLAR,2025-10-09,49.5625
BADLAR,2025-10-13,46.5625
BADLAR,2025-10-14,51.9375
BADLAR,2025-10-15,56.25
BADLAR,2025-10-16,57.25
BADLAR,2025-10-17,53.0625
BADLAR,2025-10-20,49.375
BADLAR,2025-10-21,48.75
BADLAR,2025-10-22,48.125
BADLAR,2025-10-23,48.625
BADLAR,2025-10-24,49.4375
BADLAR,2025-10-27,41.8125
BADLAR,2025-10-28,44.5
BADLAR,2025-10-29,41.1875
BADLAR,2025-10-30,40.9375
BADLAR,2025-10-31,37.1875
BADLAR,2025-11-03,34.75
BADLAR,2025-11-04,35.0
BADLAR,2025-11-05,34.0625
BADLAR,2025-11-07,32.9375
BADLAR,2025-11-10,32.5
BADLAR,2025-11-11,33.375
BADLAR,2025-11-12,31.3125
BADLAR,2025-11-13,31.5625
BADLAR,2025-11-14,32.0625
BADLAR,2025-11-17,31.125
BADLAR,2025-11-18,32.4375
BADLAR,2025-11-19,32.1875
BADLAR,2025-11-20,31.0
BADLAR,2025-11-25,30.125
BADLAR,2025-11-26,29.8125
BADLAR,2025-11-27,30.25
BADLAR,2025-11-28,29.9375
BADLAR,2025-12-01,29.4375
BADLAR,2025-12-02,28.5
BADLAR,2025-12-03,26.5
BADLAR,2025-12-04,26.0
BADLAR,2025-12-05,25.75
BADLAR,2025-12-09,25.25
BADLAR,2025-12-10,25.5
BADLAR,2025-12-11,25.75
BADLAR,2025-12-12,24.9375
BADLAR,2025-12-15,25.25
BADLAR,2025-12-16,25.75
BADLAR,2025-12-17,25.8125
BADLAR,2025-12-18,26.1875
BADLAR,2025-12-19,27.0
BADLAR,2025-12-22,26.875
BADLAR,2025-12-23,28.625
BADLAR,2025-12-26,26.875
BADLAR,2025-12-29,26.0625
BADLAR,2025-12-30,26.6875
BADLAR,2026-01-02,26.6875
BADLAR,2026-01-05,26.875
BADLAR,2026-01-06,28.0
BADLAR,2026-01-07,29.9375
BADLAR,2026-01-08,30.25
BADLAR,2026-01-09,29.4375
BADLAR,2026-01-12,27.375
BADLAR,2026-01-13,29.25
BADLAR,2026-01-14,31.1875
BADLAR,2026-01-15,31.9375
BADLAR,2026-01-16,32.8125
BADLAR,2026-01-19,32.75
BADLAR,2026-01-20,34.875
BADLAR,2026-01-21,34.6875
BADLAR,2026-01-22,35.625
BADLAR,2026-01-23,36.4375
BADLAR,2026-01-26,32.0
BADLAR,2026-01-27,33.0
BADLAR,2026-01-28,30.75
BADLAR,2026-01-29,30.1875
BADLAR,2026-01-30,31.1875
BADLAR,2026-02-02,29.375
BADLAR,2026-02-03,31.625
BADLAR,2026-02-04,30.5
BADLAR,2026-02-05,30.3125
BADLAR,2026-02-06,30.4375
BADLAR,2026-02-09,29.1875
BADLAR,2026-02-10,30.0
BADLAR,2026-02-11,28.6875
BADLAR,2026-02-12,29.875
BADLAR,2026-02-13,31.3125
BADLAR,2026-02-18,30.5
BADLAR,2026-02-19,31.8125
BADLAR,2026-02-20,32.6875
BADLAR,2026-02-23,33.125
BADLAR,2026-02-24,34.3125
BADLAR,2026-02-25,30.75
BADLAR,2026-02-26,30.25
BADLAR,2026-02-27,29.5
BADLAR,2026-03-02,28.9375
BADLAR,2026-03-03,29.5
BADLAR,2026-03-04,28.4375
BADLAR,2026-03-05,29.5
BADLAR,2026-03-06,28.3125
BADLAR,2026-03-09,28.5
BADLAR,2026-03-10,29.3125
BADLAR,2026-03-11,29.0
BADLAR,2026-03-12,29.375
BADLAR,2026-03-13,28.5625
BADLAR,2026-03-16,28.5625
BADLAR,2026-03-17,28.25
BADLAR,2026-03-18,26.875
BADLAR,2026-03-19,26.25
BADLAR,2026-03-20,25.6875
BADLAR,2026-03-25,25.375
BADLAR,2026-03-26,25.6875
BADLAR,2026-03-27,24.8125
BADLAR,2026-03-30,25.0625
BADLAR,2026-03-31,25.375
BADLAR,2026-04-01,25.1875
BADLAR,2026-04-06,24.4375
BADLAR,2026-04-07,25.3125
BADLAR,2026-04-08,24.9375
BADLAR,2026-04-09,23.25
BADLAR,2026-04-10,22.375
BADLAR,2026-04-13,21.6875
BADLAR,2026-04-14,22.5
BADLAR,2026-04-15,22.125
BADLAR,2026-04-16,22.4375
BADLAR,2026-04-17,22.375
BADLAR,2026-04-20,21.3125
BADLAR,2026-04-21,21.8125
BADLAR,2026-04-22,22.0
BADLAR,2026-04-23,22.0
BADLAR,2026-04-24,21.3125
BADLAR,2026-04-27,20.375
BADLAR,2026-04-28,21.625
BADLAR,2026-04-29,21.0
BADLAR,2026-04-30,20.875
BADLAR,2026-05-04,21.4375
BADLAR,2026-05-05,22.3125
BADLAR,2026-05-06,20.9375
BADLAR,2026-05-07,21.375
BADLAR,2026-05-08,20.875
BADLAR,2026-05-11,20.875
BADLAR,2026-05-12,21.5625
BADLAR,2026-05-13,20.25
BADLAR,2026-05-14,21.25
BADLAR,2026-05-15,21.125
BADLAR,2026-05-18,21.5
BADLAR,2026-05-19,22.0
BADLAR,2026-05-20,21.25
BADLAR,2026-05-21,22.0
BADLAR,2026-05-22,22.0
BADLAR,2026-05-26,21.5625
BADLAR,2026-05-27,20.6875
BADLAR,2026-05-28,21.9375
BADLAR,2026-05-29,20.625
BADLAR,2026-06-01,20.8125
BADLAR,2026-06-02,21.6875
BADLAR,2026-06-03,21.0
BADLAR,2026-06-04,21.0625
BADLAR,2026-06-05,19.75
BADLAR,2026-06-08,19.875
BADLAR,2026-06-09,20.375
BADLAR,2026-06-10,19.6875
BADLAR,2026-06-11,20.1875
BADLAR,2026-06-12,20.0
BADLAR,2026-06-16,20.0
BADLAR,2026-06-17,20.75
BADLAR,2026-06-18,21.0
BADLAR,2026-06-19,20.6875
BADLAR,2026-06-22,20.875
BADLAR,2026-06-23,21.6875
BADLAR,2026-06-24,21.5625
BADLAR,2026-06-25,21.25
BADLAR,2026-06-26,20.25
BADLAR,2026-06-29,21.0
BADLAR,2026-06-30,21.0
BADLAR,2026-07-01,20.9375
BADLAR,2026-07-02,21.3125
BADLAR,2026-07-03,20.8125
BADLAR,2026-07-06,20.3125
BADLAR,2026-07-07,21.0
BADLAR,2026-07-08,20.5
BADLAR,2026-07-13,20.0
BADLAR,2026-07-14,21.3125
BADLAR,2026-07-15,21.875
BADLAR,2026-07-16,21.0
BADLAR,2026-07-17,21.6875
BADLAR,2026-07-20,21.125
BADLAR,2026-07-21,21.875
BADLAR,2026-07-22,22.0
BADLAR,2026-07-23,22.1875
BADLAR,2026-07-24,22.0
BADLAR,2026-07-27,20.9375
BADLAR,2026-07-28,22.0
BADLAR,2026-07-29,21.25
BADLAR,2026-07-30,21.9375
BADLAR,2026-07-31,21.625
BADLAR,2026-08-03,21.4375
BADLAR,2026-08-04,22.3125
BADLAR,2026-08-05,20.875
BADLAR,2026-08-06,22.0
BADLAR,2026-08-07,21.5
BADLAR,2026-08-10,21.625
BADLAR,2026-08-11,22.8125
BADLAR,2026-08-12,21.0
BADLAR,2026-08-13,22.5625
BADLAR,2026-08-14,23.3125
BADLAR,2026-08-18,22.25
BADLAR,2026-08-19,23.0
BADLAR,2026-08-20,24.3125
BADLAR,2026-08-21,24.125
BADLAR,2026-08-24,23.625
BADLAR,2026-08-25,24.375
BADLAR,2026-08-26,23.1875
BADLAR,2026-08-27,23.9375
BADLAR,2026-08-28,23.1875
BADLAR,2026-08-31,23.0
BADLAR,2026-09-01,23.0625
BADLAR,2026-09-02,23.125
BADLAR,2026-09-03,23.25
BADLAR,2026-09-04,22.0625
BADLAR,2026-09-07,22.125
BADLAR,2026-09-08,22.75
BADLAR,2026-09-09,22.4375
BADLAR,2026-09-10,22.3125
BADLAR,2026-09-11,21.4375
BADLAR,2026-09-14,22.125
BADLAR,2026-09-15,22.5625
BADLAR,2026-09-16,22.75
BADLAR,2026-09-17,22.0625
BADLAR,2026-09-18,22.0625
BADLAR,2026-09-21,22.0
BADLAR,2026-09-22,22.5
BADLAR,2026-09-23,22.5
BADLAR,2026-09-24,23.0
BADLAR,2026-09-25,21.9375
BADLAR,2026-09-28,22.0625
BADLAR,2026-09-29,23.375
BADLAR,2026-09-30,22.8125
BADLAR,2026-10-01,23.1875
BADLAR,2026-10-02,22.625
BADLAR,2026-10-05,21.625
BADLAR,2026-10-06,22.8125
TAMAR,2024-10-01,44.1875
TAMAR,2024-10-02,43.6875
TAMAR,2024-10-03,43.6875
TAMAR,2024-10-04,43.375
TAMAR,2024-10-07,42.8125
TAMAR,2024-10-08,40.75
TAMAR,2024-10-09,43.125
TAMAR,2024-10-10,44.25
TAMAR,2024-10-14,43.125
TAMAR,2024-10-15,40.6875
TAMAR,2024-10-16,43.625
TAMAR,2024-10-17,44.25
TAMAR,2024-10-18,43.875
TAMAR,2024-10-21,43.3125
TAMAR,2024-10-22,44.25
TAMAR,2024-10-23,44.125
TAMAR,2024-10-24,44.3125
TAMAR,2024-10-25,44.0
TAMAR,2024-10-28,43.625
TAMAR,2024-10-29,44.4375
TAMAR,2024-10-30,43.875
TAMAR,2024-10-31,42.125
TAMAR,2024-11-01,39.75
TAMAR,2024-11-04,39.1875
TAMAR,2024-11-05,39.4375
TAMAR,2024-11-07,38.625
TAMAR,2024-11-08,39.0
TAMAR,2024-11-11,38.4375
TAMAR,2024-11-12,38.875
TAMAR,2024-11-13,38.75
TAMAR,2024-11-14,38.9375
TAMAR,2024-11-15,38.625
TAMAR,2024-11-19,37.6875
TAMAR,2024-11-20,39.0
TAMAR,2024-11-21,38.8125
TAMAR,2024-11-22,38.4375
TAMAR,2024-11-25,38.4375
TAMAR,2024-11-26,38.4375
TAMAR,2024-11-27,38.8125
TAMAR,2024-11-28,38.625
TAMAR,2024-11-29,38.625
TAMAR,2024-12-02,38.4375
TAMAR,2024-12-03,38.8125
TAMAR,2024-12-04,38.5
TAMAR,2024-12-05,38.5625
TAMAR,2024-12-06,35.0
TAMAR,2024-12-09,34.375
TAMAR,2024-12-10,34.875
TAMAR,2024-12-11,34.4375
TAMAR,2024-12-12,35.25
TAMAR,2024-12-13,34.5625
TAMAR,2024-12-16,34.375
TAMAR,2024-12-17,34.3125
TAMAR,2024-12-18,34.5
TAMAR,2024-12-19,34.125
TAMAR,2024-12-20,34.875
TAMAR,2024-12-23,34.3125
TAMAR,2024-12-26,34.3125
TAMAR,2024-12-27,34.4375
TAMAR,2024-12-30,34.25
TAMAR,2025-01-02,34.3125
TAMAR,2025-01-03,34.5
TAMAR,2025-01-06,34.75
TAMAR,2025-01-07,34.8125
TAMAR,2025-01-08,33.9375
TAMAR,2025-01-09,34.1875
TAMAR,2025-01-10,34.1875
TAMAR,2025-01-13,34.25
TAMAR,2025-01-14,34.5625
TAMAR,2025-01-15,32.875
TAMAR,2025-01-16,33.1875
TAMAR,2025-01-17,32.5625
TAMAR,2025-01-20,32.8125
TAMAR,2025-01-21,33.1875
TAMAR,2025-01-22,33.1875
TAMAR,2025-01-23,33.3125
TAMAR,2025-01-24,33.9375
TAMAR,2025-01-27,32.75
TAMAR,2025-01-28,33.875
TAMAR,2025-01-29,33.8125
TAMAR,2025-01-30,33.5
TAMAR,2025-01-31,30.625
TAMAR,2025-02-03,30.4375
TAMAR,2025-02-04,30.6875
TAMAR,2025-02-05,30.8125
TAMAR,2025-02-06,30.625
TAMAR,2025-02-07,30.5
TAMAR,2025-02-10,30.4375
TAMAR,2025-02-11,30.375
TAMAR,2025-02-12,30.1875
TAMAR,2025-02-13,30.25
TAMAR,2025-02-14,30.1875
TAMAR,2025-02-17,30.3125
TAMAR,2025-02-18,30.125
TAMAR,2025-02-19,29.9375
TAMAR,2025-02-20,28.25
TAMAR,2025-02-21,29.4375
TAMAR,2025-02-24,29.0625
TAMAR,2025-02-25,29.0625
TAMAR,2025-02-26,29.375
TAMAR,2025-02-27,29.5625
TAMAR,2025-02-28,29.625
TAMAR,2025-03-05,29.5625
TAMAR,2025-03-06,29.8125
TAMAR,2025-03-07,29.875
TAMAR,2025-03-10,29.875
TAMAR,2025-03-11,29.9375
TAMAR,2025-03-12,30.125
TAMAR,2025-03-13,30.1875
TAMAR,2025-03-14,30.625
TAMAR,2025-03-17,30.8125
TAMAR,2025-03-18,31.0625
TAMAR,2025-03-19,31.375
TAMAR,2025-03-20,31.625
TAMAR,2025-03-21,31.5
TAMAR,2025-03-25,31.3125
TAMAR,2025-03-26,31.875
TAMAR,2025-03-27,31.6875
TAMAR,2025-03-28,31.875
TAMAR,2025-03-31,32.0625
TAMAR,2025-04-01,32.625
TAMAR,2025-04-03,32.9375
TAMAR,2025-04-04,32.4375
TAMAR,2025-04-07,33.25
TAMAR,2025-04-08,32.8125
TAMAR,2025-04-09,32.875
TAMAR,2025-04-10,33.875
TAMAR,2025-04-11,34.1875
TAMAR,2025-04-14,39.1875
TAMAR,2025-04-15,36.5
TAMAR,2025-04-16,39.125
TAMAR,2025-04-21,36.5
TAMAR,2025-04-22,35.6875
TAMAR,2025-04-23,35.625
TAMAR,2025-04-24,35.0625
TAMAR,2025-04-25,34.875
TAMAR,2025-04-28,34.8125
TAMAR,2025-04-29,34.0625
TAMAR,2025-04-30,34.625
TAMAR,2025-05-05,33.4375
TAMAR,2025-05-06,35.3125
TAMAR,2025-05-07,34.8125
TAMAR,2025-05-08,34.5
TAMAR,2025-05-09,34.25
TAMAR,2025-05-12,33.8125
TAMAR,2025-05-13,34.875
TAMAR,2025-05-14,34.5
TAMAR,2025-05-15,34.5625
TAMAR,2025-05-16,32.0625
TAMAR,2025-05-19,34.6875
TAMAR,2025-05-20,34.6875
TAMAR,2025-05-21,34.125
TAMAR,2025-05-22,34.0625
TAMAR,2025-05-23,34.5625
TAMAR,2025-05-26,33.6875
TAMAR,2025-05-27,34.1875
TAMAR,2025-05-28,33.875
TAMAR,2025-05-29,34.0625
TAMAR,2025-05-30,33.1875
TAMAR,2025-06-02,34.25
TAMAR,2025-06-03,34.4375
TAMAR,2025-06-04,33.0
TAMAR,2025-06-05,33.5625
TAMAR,2025-06-06,34.0625
TAMAR,2025-06-09,32.9375
TAMAR,2025-06-10,34.0
TAMAR,2025-06-11,33.75
TAMAR,2025-06-12,33.8125
TAMAR,2025-06-13,33.5625
TAMAR,2025-06-17,33.9375
TAMAR,2025-06-18,32.375
TAMAR,2025-06-19,34.0625
TAMAR,2025-06-23,33.25
TAMAR,2025-06-24,34.25
TAMAR,2025-06-25,34.0
TAMAR,2025-06-26,33.25
TAMAR,2025-06-27,34.3125
TAMAR,2025-06-30,33.625
TAMAR,2025-07-01,34.1875
TAMAR,2025-07-02,34.1875
TAMAR,2025-07-03,34.0625
TAMAR,2025-07-04,33.75
TAMAR,2025-07-07,33.625
TAMAR,2025-07-08,33.5
TAMAR,2025-07-10,32.8125
TAMAR,2025-07-11,31.125
TAMAR,2025-07-14,29.1875
TAMAR,2025-07-15,29.5
TAMAR,2025-07-16,31.25
TAMAR,2025-07-17,32.375
TAMAR,2025-07-18,33.3125
TAMAR,2025-07-21,34.1875
TAMAR,2025-07-22,37.875
TAMAR,2025-07-23,36.875
TAMAR,2025-07-24,37.0
TAMAR,2025-07-25,35.625
TAMAR,2025-07-28,35.25
TAMAR,2025-07-29,38.0
TAMAR,2025-07-30,39.125
TAMAR,2025-07-31,40.25
TAMAR,2025-08-01,41.75
TAMAR,2025-08-04,42.1875
TAMAR,2025-08-05,42.625
TAMAR,2025-08-06,41.75
TAMAR,2025-08-07,43.75
TAMAR,2025-08-08,45.375
TAMAR,2025-08-11,47.75
TAMAR,2025-08-12,49.75
TAMAR,2025-08-13,49.9375
TAMAR,2025-08-14,52.5625
TAMAR,2025-08-18,56.5625
TAMAR,2025-08-19,58.3125
TAMAR,2025-08-20,58.8125
TAMAR,2025-08-21,59.25
TAMAR,2025-08-22,59.8125
TAMAR,2025-08-25,60.25
TAMAR,2025-08-26,64.125
TAMAR,2025-08-27,61.1875
TAMAR,2025-08-28,66.125
TAMAR,2025-08-29,66.1875
TAMAR,2025-09-01,67.0
TAMAR,2025-09-02,58.4375
TAMAR,2025-09-03,66.0
TAMAR,2025-09-04,65.9375
TAMAR,2025-09-05,64.0625
TAMAR,2025-09-08,63.5
TAMAR,2025-09-09,64.9375
TAMAR,2025-09-10,59.0
TAMAR,2025-09-11,52.5
TAMAR,2025-09-12,47.6875
TAMAR,2025-09-15,45.9375
TAMAR,2025-09-16,43.6875
TAMAR,2025-09-17,45.125
TAMAR,2025-09-18,46.375
TAMAR,2025-09-19,47.5625
TAMAR,2025-09-22,48.1875
TAMAR,2025-09-23,48.8125
TAMAR,2025-09-24,44.1875
TAMAR,2025-09-25,41.625
TAMAR,2025-09-26,41.0
TAMAR,2025-09-29,41.5
TAMAR,2025-09-30,42.375
TAMAR,2025-10-01,42.875
TAMAR,2025-10-02,42.0
TAMAR,2025-10-03,44.125
TAMAR,2025-10-06,44.75
TAMAR,2025-10-07,47.125
TAMAR,2025-10-08,50.1875
TAMAR,2025-10-09,54.375
TAMAR,2025-10-13,53.75
TAMAR,2025-10-14,59.125
TAMAR,2025-10-15,66.0
TAMAR,2025-10-16,60.125
TAMAR,2025-10-17,57.9375
TAMAR,2025-10-20,53.0625
TAMAR,2025-10-21,52.8125
TAMAR,2025-10-22,53.6875
TAMAR,2025-10-23,54.875
TAMAR,2025-10-24,58.5
TAMAR,2025-10-27,45.9375
TAMAR,2025-10-28,49.1875
TAMAR,2025-10-29,44.625
TAMAR,2025-10-30,43.375
TAMAR,2025-10-31,38.3125
TAMAR,2025-11-03,36.75
TAMAR,2025-11-04,37.5625
TAMAR,2025-11-05,36.3125
TAMAR,2025-11-07,34.8125
TAMAR,2025-11-10,34.75
TAMAR,2025-11-11,35.0
TAMAR,2025-11-12,34.625
TAMAR,2025-11-13,33.9375
TAMAR,2025-11-14,33.4375
TAMAR,2025-11-17,33.0
TAMAR,2025-11-18,33.5
TAMAR,2025-11-19,33.8125
TAMAR,2025-11-20,31.6875
TAMAR,2025-11-25,32.0625
TAMAR,2025-11-26,31.6875
TAMAR,2025-11-27,31.75
TAMAR,2025-11-28,31.4375
TAMAR,2025-12-01,30.9375
TAMAR,2025-12-02,29.6875
TAMAR,2025-12-03,27.8125
TAMAR,2025-12-04,26.625
TAMAR,2025-12-05,26.8125
TAMAR,2025-12-09,26.4375
TAMAR,2025-12-10,26.6875
TAMAR,2025-12-11,26.75
TAMAR,2025-12-12,26.75
TAMAR,2025-12-15,26.75
TAMAR,2025-12-16,27.125
TAMAR,2025-12-17,27.375
TAMAR,2025-12-18,27.3125
TAMAR,2025-12-19,28.25
TAMAR,2025-12-22,28.375
TAMAR,2025-12-23,29.4375
TAMAR,2025-12-26,28.6875
TAMAR,2025-12-29,27.9375
TAMAR,2025-12-30,28.875
TAMAR,2026-01-02,29.375
TAMAR,2026-01-05,28.75
TAMAR,2026-01-06,29.375
TAMAR,2026-01-07,31.75
TAMAR,2026-01-08,33.125
TAMAR,2026-01-09,32.625
TAMAR,2026-01-12,32.4375
TAMAR,2026-01-13,34.4375
TAMAR,2026-01-14,34.9375
TAMAR,2026-01-15,35.6875
TAMAR,2026-01-16,35.5625
TAMAR,2026-01-19,36.6875
TAMAR,2026-01-20,36.6875
TAMAR,2026-01-21,36.9375
TAMAR,2026-01-22,38.0625
TAMAR,2026-01-23,37.8125
TAMAR,2026-01-26,35.625
TAMAR,2026-01-27,34.5
TAMAR,2026-01-28,32.625
TAMAR,2026-01-29,31.75
TAMAR,2026-01-30,32.9375
TAMAR,2026-02-02,32.6875
TAMAR,2026-02-03,34.0
TAMAR,2026-02-04,32.5625
TAMAR,2026-02-05,32.1875
TAMAR,2026-02-06,31.8125
TAMAR,2026-02-09,31.1875
TAMAR,2026-02-10,31.375
TAMAR,2026-02-11,31.5625
TAMAR,2026-02-12,32.375
TAMAR,2026-02-13,33.4375
TAMAR,2026-02-18,33.6875
TAMAR,2026-02-19,34.625
TAMAR,2026-02-20,34.875
TAMAR,2026-02-23,36.5
TAMAR,2026-02-24,35.625
TAMAR,2026-02-25,33.25
TAMAR,2026-02-26,31.25
TAMAR,2026-02-27,31.0625
TAMAR,2026-03-02,30.75
TAMAR,2026-03-03,31.0
TAMAR,2026-03-04,31.0
TAMAR,2026-03-05,31.25
TAMAR,2026-03-06,30.875
TAMAR,2026-03-09,30.875
TAMAR,2026-03-10,31.0625
TAMAR,2026-03-11,31.0
TAMAR,2026-03-12,31.0
TAMAR,2026-03-13,31.0625
TAMAR,2026-03-16,30.625
TAMAR,2026-03-17,28.8125
TAMAR,2026-03-18,27.1875
TAMAR,2026-03-19,26.5625
TAMAR,2026-03-20,26.75
TAMAR,2026-03-25,26.4375
TAMAR,2026-03-26,26.3125
TAMAR,2026-03-27,26.125
TAMAR,2026-03-30,26.1875
TAMAR,2026-03-31,26.3125
TAMAR,2026-04-01,26.25
TAMAR,2026-04-06,26.125
TAMAR,2026-04-07,26.1875
TAMAR,2026-04-08,25.625
TAMAR,2026-04-09,23.4375
TAMAR,2026-04-10,22.8125
TAMAR,2026-04-13,22.5
TAMAR,2026-04-14,23.0625
TAMAR,2026-04-15,22.875
TAMAR,2026-04-16,23.125
TAMAR,2026-04-17,22.75
TAMAR,2026-04-20,22.3125
TAMAR,2026-04-21,22.4375
TAMAR,2026-04-22,22.5
TAMAR,2026-04-23,22.5625
TAMAR,2026-04-24,22.4375
TAMAR,2026-04-27,22.3125
TAMAR,2026-04-28,22.625
TAMAR,2026-04-29,22.625
TAMAR,2026-04-30,23.125
TAMAR,2026-05-04,23.125
TAMAR,2026-05-05,23.4375
TAMAR,2026-05-06,22.75
TAMAR,2026-05-07,22.8125
TAMAR,2026-05-08,22.5625
TAMAR,2026-05-11,22.75
TAMAR,2026-05-12,22.625
TAMAR,2026-05-13,22.5
TAMAR,2026-05-14,22.8125
TAMAR,2026-05-15,22.8125
TAMAR,2026-05-18,22.8125
TAMAR,2026-05-19,22.9375
TAMAR,2026-05-20,22.75
TAMAR,2026-05-21,22.9375
TAMAR,2026-05-22,22.9375
TAMAR,2026-05-26,22.8125
TAMAR,2026-05-27,22.8125
TAMAR,2026-05-28,23.0
TAMAR,2026-05-29,22.25
TAMAR,2026-06-01,22.9375
TAMAR,2026-06-02,22.75
TAMAR,2026-06-03,22.125
TAMAR,2026-06-04,22.25
TAMAR,2026-06-05,21.8125
TAMAR,2026-06-08,21.625
TAMAR,2026-06-09,21.5
TAMAR,2026-06-10,21.5625
TAMAR,2026-06-11,21.5
TAMAR,2026-06-12,21.375
TAMAR,2026-06-16,21.75
TAMAR,2026-06-17,21.9375
TAMAR,2026-06-18,22.25
TAMAR,2026-06-19,22.1875
TAMAR,2026-06-22,22.375
TAMAR,2026-06-23,22.5
TAMAR,2026-06-24,22.25
TAMAR,2026-06-25,22.8125
TAMAR,2026-06-26,22.5625
TAMAR,2026-06-29,22.9375
TAMAR,2026-06-30,22.6875
TAMAR,2026-07-01,22.1875
TAMAR,2026-07-02,22.125
TAMAR,2026-07-03,21.875
TAMAR,2026-07-06,21.9375
TAMAR,2026-07-07,21.9375
TAMAR,2026-07-08,21.9375
TAMAR,2026-07-13,22.4375
TAMAR,2026-07-14,22.625
TAMAR,2026-07-15,22.625
TAMAR,2026-07-16,22.625
TAMAR,2026-07-17,22.875
TAMAR,2026-07-20,22.6875
TAMAR,2026-07-21,22.9375
TAMAR,2026-07-22,22.9375
TAMAR,2026-07-23,22.9375
TAMAR,2026-07-24,22.6875
TAMAR,2026-07-27,22.8125
TAMAR,2026-07-28,22.875
TAMAR,2026-07-29,22.375
TAMAR,2026-07-30,22.875
TAMAR,2026-07-31,23.3125
TAMAR,2026-08-03,22.9375
TAMAR,2026-08-04,23.125
TAMAR,2026-08-05,22.875
TAMAR,2026-08-06,23.25
TAMAR,2026-08-07,23.375
TAMAR,2026-08-10,23.3125
TAMAR,2026-08-11,23.875
TAMAR,2026-08-12,23.1875
TAMAR,2026-08-13,24.1875
TAMAR,2026-08-14,24.5625
TAMAR,2026-08-18,24.5
TAMAR,2026-08-19,25.1875
TAMAR,2026-08-20,26.5
TAMAR,2026-08-21,25.3125
TAMAR,2026-08-24,25.0625
TAMAR,2026-08-25,25.25
TAMAR,2026-08-26,25.125
TAMAR,2026-08-27,25.1875
TAMAR,2026-08-28,24.625
TAMAR,2026-08-31,24.6875
TAMAR,2026-09-01,23.8125
TAMAR,2026-09-02,24.5
TAMAR,2026-09-03,24.25
TAMAR,2026-09-04,24.0625
TAMAR,2026-09-07,24.1875
TAMAR,2026-09-08,24.0
TAMAR,2026-09-09,23.5625
TAMAR,2026-09-10,23.8125
TAMAR,2026-09-11,23.4375
TAMAR,2026-09-14,23.625
TAMAR,2026-09-15,23.625
TAMAR,2026-09-16,23.625
TAMAR,2026-09-17,23.5625
TAMAR,2026-09-18,23.25
TAMAR,2026-09-21,23.5
TAMAR,2026-09-22,23.625
TAMAR,2026-09-23,23.6875
TAMAR,2026-09-24,23.75
TAMAR,2026-09-25,23.625
TAMAR,2026-09-28,23.4375
TAMAR,2026-09-29,24.3125
TAMAR,2026-09-30,24.125
TAMAR,2026-10-01,24.4375
TAMAR,2026-10-02,24.5625
TAMAR,2026-10-05,23.75
TAMAR,2026-10-06,24.1875
TASA_POLITICA,2016-01-04,33.0
TASA_POLITICA,2016-01-05,33.0
TASA_POLITICA,2016-01-06,32.0
TASA_POLITICA,2016-01-07,32.0
TASA_POLITICA,2016-01-08,32.0
TASA_POLITICA,2016-01-11,32.0
TASA_POLITICA,2016-01-12,32.0
TASA_POLITICA,2016-01-13,31.0
TASA_POLITICA,2016-01-14,31.0
TASA_POLITICA,2016-01-15,31.0
TASA_POLITICA,2016-01-18,31.0
TASA_POLITICA,2016-01-19,31.0
TASA_POLITICA,2016-01-20,31.0
TASA_POLITICA,2016-01-21,31.0
TASA_POLITICA,2016-01-22,31.0
TASA_POLITICA,2016-01-25,31.0
TASA_POLITICA,2016-01-26,31.0
TASA_POLITICA,2016-01-27,30.75
TASA_POLITICA,2016-01-28,30.75
TASA_POLITICA,2016-01-29,30.75
TASA_POLITICA,2016-02-01,30.75
TASA_POLITICA,2016-02-02,30.75
TASA_POLITICA,2016-02-03,30.5
TASA_POLITICA,2016-02-04,30.5
TASA_POLITICA,2016-02-05,30.5
TASA_POLITICA,2016-02-10,30.25
TASA_POLITICA,2016-02-11,30.25
TASA_POLITICA,2016-02-12,30.25
TASA_POLITICA,2016-02-15,30.25
TASA_POLITICA,2016-02-16,30.25
TASA_POLITICA,2016-02-17,30.5
TASA_POLITICA,2016-02-18,30.5
TASA_POLITICA,2016-02-19,30.5
TASA_POLITICA,2016-02-22,30.5
TASA_POLITICA,2016-02-23,30.5
TASA_POLITICA,2016-02-24,31.15
TASA_POLITICA,2016-02-25,31.15
TASA_POLITICA,2016-02-26,31.15
TASA_POLITICA,2016-02-29,31.15
TASA_POLITICA,2016-03-01,31.15
TASA_POLITICA,2016-03-02,37.0
TASA_POLITICA,2016-03-03,37.0
TASA_POLITICA,2016-03-04,37.0
TASA_POLITICA,2016-03-07,37.0
TASA_POLITICA,2016-03-08,37.0
TASA_POLITICA,2016-03-09,38.0
TASA_POLITICA,2016-03-10,38.0
TASA_POLITICA,2016-03-11,38.0
TASA_POLITICA,2016-03-14,38.0
TASA_POLITICA,2016-03-15,38.0
TASA_POLITICA,2016-03-16,38.0
TASA_POLITICA,2016-03-17,38.0
TASA_POLITICA,2016-03-18,38.0
TASA_POLITICA,2016-03-21,38.0
TASA_POLITICA,2016-03-22,38.0
TASA_POLITICA,2016-03-23,38.0
TASA_POLITICA,2016-03-28,38.0
TASA_POLITICA,2016-03-29,38.0
TASA_POLITICA,2016-03-30,38.0
TASA_POLITICA,2016-03-31,38.0
TASA_POLITICA,2016-04-01,38.0
TASA_POLITICA,2016-04-04,38.0
TASA_POLITICA,2016-04-05,38.0
TASA_POLITICA,2016-04-06,38.0
TASA_POLITICA,2016-04-07,38.0
TASA_POLITICA,2016-04-08,38.0
TASA_POLITICA,2016-04-11,38.0
TASA_POLITICA,2016-04-12,38.0
TASA_POLITICA,2016-04-13,38.0
TASA_POLITICA,2016-04-14,38.0
TASA_POLITICA,2016-04-15,38.0
TASA_POLITICA,2016-04-18,38.0
TASA_POLITICA,2016-04-19,38.0
TASA_POLITICA,2016-04-20,38.0
TASA_POLITICA,2016-04-21,38.0
TASA_POLITICA,2016-04-22,38.0
TASA_POLITICA,2016-04-25,38.0
TASA_POLITICA,2016-04-26,38.0
TASA_POLITICA,2016-04-27,38.0
TASA_POLITICA,2016-04-28,38.0
TASA_POLITICA,2016-04-29,38.0
TASA_POLITICA,2016-05-02,38.0
TASA_POLITICA,2016-05-03,38.0
TASA_POLITICA,2016-05-04,37.5
TASA_POLITICA,2016-05-05,37.5
TASA_POLITICA,2016-05-06,37.5
TASA_POLITICA,2016-05-09,37.5
TASA_POLITICA,2016-05-10,37.5
TASA_POLITICA,2016-05-11,37.5
TASA_POLITICA,2016-05-12,37.5
TASA_POLITICA,2016-05-13,37.5
TASA_POLITICA,2016-05-16,37.5
TASA_POLITICA,2016-05-17,37.5
TASA_POLITICA,2016-05-18,36.75
TASA_POLITICA,2016-05-19,36.75
TASA_POLITICA,2016-05-20,36.75
TASA_POLITICA,2016-05-23,36.75
TASA_POLITICA,2016-05-24,36.75
TASA_POLITICA,2016-05-26,35.25
TASA_POLITICA,2016-05-27,35.25
TASA_POLITICA,2016-05-30,35.25
TASA_POLITICA,2016-05-31,35.25
TASA_POLITICA,2016-06-01,34.25
TASA_POLITICA,2016-06-02,34.25
TASA_POLITICA,2016-06-03,34.25
TASA_POLITICA,2016-06-06,34.25
TASA_POLITICA,2016-06-07,34.25
TASA_POLITICA,2016-06-08,33.25
TASA_POLITICA,2016-06-09,33.25
TASA_POLITICA,2016-06-10,33.25
TASA_POLITICA,2016-06-13,33.25
TASA_POLITICA,2016-06-14,33.25
TASA_POLITICA,2016-06-15,32.25
TASA_POLITICA,2016-06-16,32.25
TASA_POLITICA,2016-06-21,32.25
TASA_POLITICA,2016-06-22,31.5
TASA_POLITICA,2016-06-23,31.5
TASA_POLITICA,2016-06-24,31.5
TASA_POLITICA,2016-06-27,31.5
TASA_POLITICA,2016-06-28,31.5
TASA_POLITICA,2016-06-29,30.75
TASA_POLITICA,2016-06-30,30.75
TASA_POLITICA,2016-07-01,30.75
TASA_POLITICA,2016-07-04,30.75
TASA_POLITICA,2016-07-05,30.75
TASA_POLITICA,2016-07-06,30.25
TASA_POLITICA,2016-07-07,30.25
TASA_POLITICA,2016-07-11,30.25
TASA_POLITICA,2016-07-12,30.25
TASA_POLITICA,2016-07-13,30.25
TASA_POLITICA,2016-07-14,30.25
TASA_POLITICA,2016-07-15,30.25
TASA_POLITICA,2016-07-18,30.25
TASA_POLITICA,2016-07-19,30.25
TASA_POLITICA,2016-07-20,30.25
TASA_POLITICA,2016-07-21,30.25
TASA_POLITICA,2016-07-22,30.25
TASA_POLITICA,2016-07-25,30.25
TASA_POLITICA,2016-07-26,30.25
TASA_POLITICA,2016-07-27,30.25
TASA_POLITICA,2016-07-28,30.25
TASA_POLITICA,2016-07-29,30.25
TASA_POLITICA,2016-08-01,30.25
TASA_POLITICA,2016-08-02,30.25
TASA_POLITICA,2016-08-03,30.0
TASA_POLITICA,2016-08-04,30.0
TASA_POLITICA,2016-08-05,30.0
TASA_POLITICA,2016-08-08,30.0
TASA_POLITICA,2016-08-09,30.0
TASA_POLITICA,2016-08-10,29.75
TASA_POLITICA,2016-08-11,29.75
TASA_POLITICA,2016-08-12,29.75
TASA_POLITICA,2016-08-16,29.75
TASA_POLITICA,2016-08-17,29.25
TASA_POLITICA,2016-08-18,29.25
TASA_POLITICA,2016-08-19,29.25
TASA_POLITICA,2016-08-22,29.25
TASA_POLITICA,2016-08-23,29.25
TASA_POLITICA,2016-08-24,28.75
TASA_POLITICA,2016-08-25,28.75
TASA_POLITICA,2016-08-26,28.75
TASA_POLITICA,2016-08-29,28.75
TASA_POLITICA,2016-08-30,28.75
TASA_POLITICA,2016-08-31,28.25
TASA_POLITICA,2016-09-01,28.25
TASA_POLITICA,2016-09-02,28.25
TASA_POLITICA,2016-09-05,28.25
TASA_POLITICA,2016-09-06,28.25
TASA_POLITICA,2016-09-07,27.75
TASA_POLITICA,2016-09-08,27.75
TASA_POLITICA,2016-09-09,27.75
TASA_POLITICA,2016-09-12,27.75
TASA_POLITICA,2016-09-13,27.75
TASA_POLITICA,2016-09-14,27.25
TASA_POLITICA,2016-09-15,27.25
TASA_POLITICA,2016-09-16,27.25
TASA_POLITICA,2016-09-19,27.25
TASA_POLITICA,2016-09-20,27.25
TASA_POLITICA,2016-09-21,26.75
TASA_POLITICA,2016-09-22,26.75
TASA_POLITICA,2016-09-23,26.75
TASA_POLITICA,2016-09-26,26.75
TASA_POLITICA,2016-09-27,26.75
TASA_POLITICA,2016-09-28,26.75
TASA_POLITICA,2016-09-29,26.75
TASA_POLITICA,2016-09-30,26.75
TASA_POLITICA,2016-10-03,26.75
TASA_POLITICA,2016-10-04,26.75
TASA_POLITICA,2016-10-05,26.75
TASA_POLITICA,2016-10-06,26.75
TASA_POLITICA,2016-10-07,26.75
TASA_POLITICA,2016-10-11,26.75
TASA_POLITICA,2016-10-12,26.75
TASA_POLITICA,2016-10-13,26.75
TASA_POLITICA,2016-10-14,26.75
TASA_POLITICA,2016-10-17,26.75
TASA_POLITICA,2016-10-18,26.75
TASA_POLITICA,2016-10-19,26.75
TASA_POLITICA,2016-10-20,26.75
TASA_POLITICA,2016-10-21,26.75
TASA_POLITICA,2016-10-24,26.75
TASA_POLITICA,2016-10-25,26.75
TASA_POLITICA,2016-10-26,26.75
TASA_POLITICA,2016-10-27,26.75
TASA_POLITICA,2016-10-28,26.75
TASA_POLITICA,2016-10-31,26.75
TASA_POLITICA,2016-11-01,26.75
TASA_POLITICA,2016-11-02,26.75
TASA_POLITICA,2016-11-03,26.75
TASA_POLITICA,2016-11-04,26.75
TASA_POLITICA,2016-11-07,26.75
TASA_POLITICA,2016-11-08,26.75
TASA_POLITICA,2016-11-09,26.25
TASA_POLITICA,2016-11-10,26.25
TASA_POLITICA,2016-11-11,26.25
TASA_POLITICA,2016-11-14,26.25
TASA_POLITICA,2016-11-15,26.25
TASA_POLITICA,2016-11-16,25.75
TASA_POLITICA,2016-11-17,25.75
TASA_POLITICA,2016-11-18,25.75
TASA_POLITICA,2016-11-21,25.75
TASA_POLITICA,2016-11-22,25.75
TASA_POLITICA,2016-11-23,25.25
TASA_POLITICA,2016-11-24,25.25
TASA_POLITICA,2016-11-25,25.25
TASA_POLITICA,2016-11-29,25.25
TASA_POLITICA,2016-11-30,24.75
TASA_POLITICA,2016-12-01,24.75
TASA_POLITICA,2016-12-02,24.75
TASA_POLITICA,2016-12-05,24.75
TASA_POLITICA,2016-12-06,24.75
TASA_POLITICA,2016-12-07,24.75
TASA_POLITICA,2016-12-12,24.75
TASA_POLITICA,2016-12-13,24.75
TASA_POLITICA,2016-12-14,24.75
TASA_POLITICA,2016-12-15,24.75
TASA_POLITICA,2016-12-16,24.75
TASA_POLITICA,2016-12-19,24.75
TASA_POLITICA,2016-12-20,24.75
TASA_POLITICA,2016-12-21,24.75
TASA_POLITICA,2016-12-22,24.75
TASA_POLITICA,2016-12-23,24.75
TASA_POLITICA,2016-12-26,24.75
TASA_POLITICA,2016-12-27,24.75
TASA_POLITICA,2016-12-28,24.75
TASA_POLITICA,2016-12-29,24.75
TASA_POLITICA,2016-12-30,24.75
TASA_POLITICA,2017-01-02,24.75
TASA_POLITICA,2017-01-03,24.75
TASA_POLITICA,2017-01-04,24.75
TASA_POLITICA,2017-01-05,24.75
TASA_POLITICA,2017-01-06,24.75
TASA_POLITICA,2017-01-09,24.75
TASA_POLITICA,2017-01-10,24.75
TASA_POLITICA,2017-01-11,24.75
TASA_POLITICA,2017-01-12,24.75
TASA_POLITICA,2017-01-13,24.75
TASA_POLITICA,2017-01-16,24.75
TASA_POLITICA,2017-01-17,24.75
TASA_POLITICA,2017-01-18,24.75
TASA_POLITICA,2017-01-19,24.75
TASA_POLITICA,2017-01-20,24.75
TASA_POLITICA,2017-01-23,24.75
TASA_POLITICA,2017-01-24,24.75
TASA_POLITICA,2017-01-25,24.75
TASA_POLITICA,2017-01-26,24.75
TASA_POLITICA,2017-01-27,24.75
TASA_POLITICA,2017-01-30,24.75
TASA_POLITICA,2017-01-31,24.75
TASA_POLITICA,2017-02-01,24.75
TASA_POLITICA,2017-02-02,24.75
TASA_POLITICA,2017-02-03,24.75
TASA_POLITICA,2017-02-06,24.75
TASA_POLITICA,2017-02-07,24.75
TASA_POLITICA,2017-02-08,24.75
TASA_POLITICA,2017-02-09,24.75
TASA_POLITICA,2017-02-10,24.75
TASA_POLITICA,2017-02-13,24.75
TASA_POLITICA,2017-02-14,24.75
TASA_POLITICA,2017-02-15,24.75
TASA_POLITICA,2017-02-16,24.75
TASA_POLITICA,2017-02-17,24.75
TASA_POLITICA,2017-02-20,24.75
TASA_POLITICA,2017-02-21,24.75
TASA_POLITICA,2017-02-22,24.75
TASA_POLITICA,2017-02-23,24.75
TASA_POLITICA,2017-02-24,24.75
TASA_POLITICA,2017-03-01,24.75
TASA_POLITICA,2017-03-02,24.75
TASA_POLITICA,2017-03-03,24.75
TASA_POLITICA,2017-03-06,24.75
TASA_POLITICA,2017-03-07,24.75
TASA_POLITICA,2017-03-08,24.75
TASA_POLITICA,2017-03-09,24.75
TASA_POLITICA,2017-03-10,24.75
TASA_POLITICA,2017-03-13,24.75
TASA_POLITICA,2017-03-14,24.75
TASA_POLITICA,2017-03-15,24.75
TASA_POLITICA,2017-03-16,24.75
TASA_POLITICA,2017-03-17,24.75
TASA_POLITICA,2017-03-20,24.75
TASA_POLITICA,2017-03-21,24.75
TASA_POLITICA,2017-03-22,24.75
TASA_POLITICA,2017-03-23,24.75
TASA_POLITICA,2017-03-27,24.75
TASA_POLITICA,2017-03-28,24.75
TASA_POLITICA,2017-03-29,24.75
TASA_POLITICA,2017-03-30,24.75
TASA_POLITICA,2017-03-31,24.75
TASA_POLITICA,2017-04-03,24.75
TASA_POLITICA,2017-04-04,24.75
TASA_POLITICA,2017-04-05,24.75
TASA_POLITICA,2017-04-06,24.75
TASA_POLITICA,2017-04-07,24.75
TASA_POLITICA,2017-04-10,24.75
TASA_POLITICA,2017-04-11,24.75
TASA_POLITICA,2017-04-12,26.25
TASA_POLITICA,2017-04-17,26.25
TASA_POLITICA,2017-04-18,26.25
TASA_POLITICA,2017-04-19,26.25
TASA_POLITICA,2017-04-20,26.25
TASA_POLITICA,2017-04-21,26.25
TASA_POLITICA,2017-04-24,26.25
TASA_POLITICA,2017-04-25,26.25
TASA_POLITICA,2017-04-26,26.25
TASA_POLITICA,2017-04-27,26.25
TASA_POLITICA,2017-04-28,26.25
TASA_POLITICA,2017-05-02,26.25
TASA_POLITICA,2017-05-03,26.25
TASA_POLITICA,2017-05-04,26.25
TASA_POLITICA,2017-05-05,26.25
TASA_POLITICA,2017-05-08,26.25
TASA_POLITICA,2017-05-09,26.25
TASA_POLITICA,2017-05-10,26.25
TASA_POLITICA,2017-05-11,26.25
TASA_POLITICA,2017-05-12,26.25
TASA_POLITICA,2017-05-15,26.25
TASA_POLITICA,2017-05-16,26.25
TASA_POLITICA,2017-05-17,26.25
TASA_POLITICA,2017-05-18,26.25
TASA_POLITICA,2017-05-19,26.25
TASA_POLITICA,2017-05-22,26.25
TASA_POLITICA,2017-05-23,26.25
TASA_POLITICA,2017-05-24,26.25
TASA_POLITICA,2017-05-26,26.25
TASA_POLITICA,2017-05-29,26.25
TASA_POLITICA,2017-05-30,26.25
TASA_POLITICA,2017-05-31,26.25
TASA_POLITICA,2017-06-01,26.25
TASA_POLITICA,2017-06-02,26.25
TASA_POLITICA,2017-06-05,26.25
TASA_POLITICA,2017-06-06,26.25
TASA_POLITICA,2017-06-07,26.25
TASA_POLITICA,2017-06-08,26.25
TASA_POLITICA,2017-06-09,26.25
TASA_POLITICA,2017-06-12,26.25
TASA_POLITICA,2017-06-13,26.25
TASA_POLITICA,2017-06-14,26.25
TASA_POLITICA,2017-06-15,26.25
TASA_POLITICA,2017-06-16,26.25
TASA_POLITICA,2017-06-19,26.25
TASA_POLITICA,2017-06-21,26.25
TASA_POLITICA,2017-06-22,26.25
TASA_POLITICA,2017-06-23,26.25
TASA_POLITICA,2017-06-26,26.25
TASA_POLITICA,2017-06-27,26.25
TASA_POLITICA,2017-06-28,26.25
TASA_POLITICA,2017-06-29,26.25
TASA_POLITICA,2017-06-30,26.25
TASA_POLITICA,2017-07-03,26.25
TASA_POLITICA,2017-07-04,26.25
TASA_POLITICA,2017-07-05,26.25
TASA_POLITICA,2017-07-06,26.25
TASA_POLITICA,2017-07-07,26.25
TASA_POLITICA,2017-07-10,26.25
TASA_POLITICA,2017-07-11,26.25
TASA_POLITICA,2017-07-12,26.25
TASA_POLITICA,2017-07-13,26.25
TASA_POLITICA,2017-07-14,26.25
TASA_POLITICA,2017-07-17,26.25
TASA_POLITICA,2017-07-18,26.25
TASA_POLITICA,2017-07-19,26.25
TASA_POLITICA,2017-07-20,26.25
TASA_POLITICA,2017-07-21,26.25
TASA_POLITICA,2017-07-24,26.25
TASA_POLITICA,2017-07-25,26.25
TASA_POLITICA,2017-07-26,26.25
TASA_POLITICA,2017-07-27,26.25
TASA_POLITICA,2017-07-28,26.25
TASA_POLITICA,2017-07-31,26.25
TASA_POLITICA,2017-08-01,26.25
TASA_POLITICA,2017-08-02,26.25
TASA_POLITICA,2017-08-03,26.25
TASA_POLITICA,2017-08-04,26.25
TASA_POLITICA,2017-08-07,26.25
TASA_POLITICA,2017-08-08,26.25
TASA_POLITICA,2017-08-09,26.25
TASA_POLITICA,2017-08-10,26.25
TASA_POLITICA,2017-08-11,26.25
TASA_POLITICA,2017-08-14,26.25
TASA_POLITICA,2017-08-15,26.25
TASA_POLITICA,2017-08-16,26.25
TASA_POLITICA,2017-08-17,26.25
TASA_POLITICA,2017-08-18,26.25
TASA_POLITICA,2017-08-22,26.25
TASA_POLITICA,2017-08-23,26.25
TASA_POLITICA,2017-08-24,26.25
TASA_POLITICA,2017-08-25,26.25
TASA_POLITICA,2017-08-28,26.25
TASA_POLITICA,2017-08-29,26.25
TASA_POLITICA,2017-08-30,26.25
TASA_POLITICA,2017-08-31,26.25
TASA_POLITICA,2017-09-01,26.25
TASA_POLITICA,2017-09-04,26.25
TASA_POLITICA,2017-09-05,26.25
TASA_POLITICA,2017-09-06,26.25
TASA_POLITICA,2017-09-07,26.25
TASA_POLITICA,2017-09-08,26.25
TASA_POLITICA,2017-09-11,26.25
TASA_POLITICA,2017-09-12,26.25
TASA_POLITICA,2017-09-13,26.25
TASA_POLITICA,2017-09-14,26.25
TASA_POLITICA,2017-09-15,26.25
TASA_POLITICA,2017-09-18,26.25
TASA_POLITICA,2017-09-19,26.25
TASA_POLITICA,2017-09-20,26.25
TASA_POLITICA,2017-09-21,26.25
TASA_POLITICA,2017-09-22,26.25
TASA_POLITICA,2017-09-25,26.25
TASA_POLITICA,2017-09-26,26.25
TASA_POLITICA,2017-09-27,26.25
TASA_POLITICA,2017-09-28,26.25
TASA_POLITICA,2017-09-29,26.25
TASA_POLITICA,2017-10-02,26.25
TASA_POLITICA,2017-10-03,26.25
TASA_POLITICA,2017-10-04,26.25
TASA_POLITICA,2017-10-05,26.25
TASA_POLITICA,2017-10-06,26.25
TASA_POLITICA,2017-10-09,26.25
TASA_POLITICA,2017-10-10,26.25
TASA_POLITICA,2017-10-11,26.25
TASA_POLITICA,2017-10-12,26.25
TASA_POLITICA,2017-10-13,26.25
TASA_POLITICA,2017-10-17,26.25
TASA_POLITICA,2017-10-18,26.25
TASA_POLITICA,2017-10-19,26.25
TASA_POLITICA,2017-10-20,26.25
TASA_POLITICA,2017-10-23,26.25
TASA_POLITICA,2017-10-24,26.25
TASA_POLITICA,2017-10-25,27.75
TASA_POLITICA,2017-10-26,27.75
TASA_POLITICA,2017-10-27,27.75
TASA_POLITICA,2017-10-30,27.75
TASA_POLITICA,2017-10-31,27.75
TASA_POLITICA,2017-11-01,27.75
TASA_POLITICA,2017-11-02,27.75
TASA_POLITICA,2017-11-03,27.75
TASA_POLITICA,2017-11-07,27.75
TASA_POLITICA,2017-11-08,28.75
TASA_POLITICA,2017-11-09,28.75
TASA_POLITICA,2017-11-10,28.75
TASA_POLITICA,2017-11-13,28.75
TASA_POLITICA,2017-11-14,28.75
TASA_POLITICA,2017-11-15,28.75
TASA_POLITICA,2017-11-16,28.75
TASA_POLITICA,2017-11-17,28.75
TASA_POLITICA,2017-11-21,28.75
TASA_POLITICA,2017-11-22,28.75
TASA_POLITICA,2017-11-23,28.75
TASA_POLITICA,2017-11-24,28.75
TASA_POLITICA,2017-11-27,28.75
TASA_POLITICA,2017-11-28,28.75
TASA_POLITICA,2017-11-29,28.75
TASA_POLITICA,2017-11-30,28.75
TASA_POLITICA,2017-12-01,28.75
TASA_POLITICA,2017-12-04,28.75
TASA_POLITICA,2017-12-05,28.75
TASA_POLITICA,2017-12-06,28.75
TASA_POLITICA,2017-12-07,28.75
TASA_POLITICA,2017-12-11,28.75
TASA_POLITICA,2017-12-12,28.75
TASA_POLITICA,2017-12-13,28.75
TASA_POLITICA,2017-12-14,28.75
TASA_POLITICA,2017-12-15,28.75
TASA_POLITICA,2017-12-18,28.75
TASA_POLITICA,2017-12-19,28.75
TASA_POLITICA,2017-12-20,28.75
TASA_POLITICA,2017-12-21,28.75
TASA_POLITICA,2017-12-22,28.75
TASA_POLITICA,2017-12-26,28.75
TASA_POLITICA,2017-12-27,28.75
TASA_POLITICA,2017-12-28,28.75
TASA_POLITICA,2017-12-29,28.75
TASA_POLITICA,2018-01-02,28.75
TASA_POLITICA,2018-01-03,28.75
TASA_POLITICA,2018-01-04,28.75
TASA_POLITICA,2018-01-05,28.75
TASA_POLITICA,2018-01-08,28.75
TASA_POLITICA,2018-01-09,28.75
TASA_POLITICA,2018-01-10,28.0
TASA_POLITICA,2018-01-11,28.0
TASA_POLITICA,2018-01-12,28.0
TASA_POLITICA,2018-01-15,28.0
TASA_POLITICA,2018-01-16,28.0
TASA_POLITICA,2018-01-17,28.0
TASA_POLITICA,2018-01-18,28.0
TASA_POLITICA,2018-01-19,28.0
TASA_POLITICA,2018-01-22,28.0
TASA_POLITICA,2018-01-23,28.0
TASA_POLITICA,2018-01-24,27.25
TASA_POLITICA,2018-01-25,27.25
TASA_POLITICA,2018-01-26,27.25
TASA_POLITICA,2018-01-29,27.25
TASA_POLITICA,2018-01-30,27.25
TASA_POLITICA,2018-01-31,27.25
TASA_POLITICA,2018-02-01,27.25
TASA_POLITICA,2018-02-02,27.25
TASA_POLITICA,2018-02-05,27.25
TASA_POLITICA,2018-02-06,27.25
TASA_POLITICA,2018-02-07,27.25
TASA_POLITICA,2018-02-08,27.25
TASA_POLITICA,2018-02-09,27.25
TASA_POLITICA,2018-02-14,27.25
TASA_POLITICA,2018-02-15,27.25
TASA_POLITICA,2018-02-16,27.25
TASA_POLITICA,2018-02-19,27.25
TASA_POLITICA,2018-02-20,27.25
TASA_POLITICA,2018-02-21,27.25
TASA_POLITICA,2018-02-22,27.25
TASA_POLITICA,2018-02-23,27.25
TASA_POLITICA,2018-02-26,27.25
TASA_POLITICA,2018-02-27,27.25
TASA_POLITICA,2018-02-28,27.25
TASA_POLITICA,2018-03-01,27.25
TASA_POLITICA,2018-03-02,27.25
TASA_POLITICA,2018-03-05,27.25
TASA_POLITICA,2018-03-06,27.25
TASA_POLITICA,2018-03-07,27.25
TASA_POLITICA,2018-03-08,27.25
TASA_POLITICA,2018-03-09,27.25
TASA_POLITICA,2018-03-12,27.25
TASA_POLITICA,2018-03-13,27.25
TASA_POLITICA,2018-03-14,27.25
TASA_POLITICA,2018-03-15,27.25
TASA_POLITICA,2018-03-16,27.25
TASA_POLITICA,2018-03-19,27.25
TASA_POLITICA,2018-03-20,27.25
TASA_POLITICA,2018-03-21,27.25
TASA_POLITICA,2018-03-22,27.25
TASA_POLITICA,2018-03-23,27.25
TASA_POLITICA,2018-03-26,27.25
TASA_POLITICA,2018-03-27,27.25
TASA_POLITICA,2018-03-28,27.25
TASA_POLITICA,2018-04-03,27.25
TASA_POLITICA,2018-04-04,27.25
TASA_POLITICA,2018-04-05,27.25
TASA_POLITICA,2018-04-06,27.25
TASA_POLITICA,2018-04-09,27.25
TASA_POLITICA,2018-04-10,27.25
TASA_POLITICA,2018-04-11,27.25
TASA_POLITICA,2018-04-12,27.25
TASA_POLITICA,2018-04-13,27.25
TASA_POLITICA,2018-04-16,27.25
TASA_POLITICA,2018-04-17,27.25
TASA_POLITICA,2018-04-18,27.25
TASA_POLITICA,2018-04-19,27.25
TASA_POLITICA,2018-04-20,27.25
TASA_POLITICA,2018-04-23,27.25
TASA_POLITICA,2018-04-24,27.25
TASA_POLITICA,2018-04-25,27.25
TASA_POLITICA,2018-04-26,27.25
TASA_POLITICA,2018-04-27,30.25
TASA_POLITICA,2018-05-02,30.25
TASA_POLITICA,2018-05-03,33.25
TASA_POLITICA,2018-05-04,40.0
TASA_POLITICA,2018-05-07,40.0
TASA_POLITICA,2018-05-08,40.0
TASA_POLITICA,2018-05-09,40.0
TASA_POLITICA,2018-05-10,40.0
TASA_POLITICA,2018-05-11,40.0
TASA_POLITICA,2018-05-14,40.0
TASA_POLITICA,2018-05-15,40.0
TASA_POLITICA,2018-05-16,40.0
TASA_POLITICA,2018-05-17,40.0
TASA_POLITICA,2018-05-18,40.0
TASA_POLITICA,2018-05-21,40.0
TASA_POLITICA,2018-05-22,40.0
TASA_POLITICA,2018-05-23,40.0
TASA_POLITICA,2018-05-24,40.0
TASA_POLITICA,2018-05-28,40.0
TASA_POLITICA,2018-05-29,40.0
TASA_POLITICA,2018-05-30,40.0
TASA_POLITICA,2018-05-31,40.0
TASA_POLITICA,2018-06-01,40.0
TASA_POLITICA,2018-06-04,40.0
TASA_POLITICA,2018-06-05,40.0
TASA_POLITICA,2018-06-06,40.0
TASA_POLITICA,2018-06-07,40.0
TASA_POLITICA,2018-06-08,40.0
TASA_POLITICA,2018-06-11,40.0
TASA_POLITICA,2018-06-12,40.0
TASA_POLITICA,2018-06-13,40.0
TASA_POLITICA,2018-06-14,40.0
TASA_POLITICA,2018-06-15,40.0
TASA_POLITICA,2018-06-18,40.0
TASA_POLITICA,2018-06-19,40.0
TASA_POLITICA,2018-06-21,40.0
TASA_POLITICA,2018-06-22,40.0
TASA_POLITICA,2018-06-25,40.0
TASA_POLITICA,2018-06-26,40.0
TASA_POLITICA,2018-06-27,40.0
TASA_POLITICA,2018-06-28,40.0
TASA_POLITICA,2018-06-29,40.0
TASA_POLITICA,2018-07-02,40.0
TASA_POLITICA,2018-07-03,40.0
TASA_POLITICA,2018-07-04,40.0
TASA_POLITICA,2018-07-05,40.0
TASA_POLITICA,2018-07-06,40.0
TASA_POLITICA,2018-07-10,40.0
TASA_POLITICA,2018-07-11,40.0
TASA_POLITICA,2018-07-12,40.0
TASA_POLITICA,2018-07-13,40.0
TASA_POLITICA,2018-07-16,40.0
TASA_POLITICA,2018-07-17,40.0
TASA_POLITICA,2018-07-18,40.0
TASA_POLITICA,2018-07-19,40.0
TASA_POLITICA,2018-07-20,40.0
TASA_POLITICA,2018-07-23,40.0
TASA_POLITICA,2018-07-24,40.0
TASA_POLITICA,2018-07-25,40.0
TASA_POLITICA,2018-07-26,40.0
TASA_POLITICA,2018-07-27,40.0
TASA_POLITICA,2018-07-30,40.0
TASA_POLITICA,2018-07-31,40.0
TASA_POLITICA,2018-08-01,40.0
TASA_POLITICA,2018-08-02,40.0
TASA_POLITICA,2018-08-03,40.0
TASA_POLITICA,2018-08-06,40.0
TASA_POLITICA,2018-08-07,40.0
TASA_POLITICA,2018-08-08,40.0
TASA_POLITICA,2018-08-09,40.0
TASA_POLITICA,2018-08-10,40.0
TASA_POLITICA,2018-08-13,45.0
TASA_POLITICA,2018-08-14,45.0
TASA_POLITICA,2018-08-15,45.0
TASA_POLITICA,2018-08-16,45.0
TASA_POLITICA,2018-08-17,45.0
TASA_POLITICA,2018-08-21,45.0
TASA_POLITICA,2018-08-22,45.0
TASA_POLITICA,2018-08-23,45.0
TASA_POLITICA,2018-08-24,45.0
TASA_POLITICA,2018-08-27,45.0
TASA_POLITICA,2018-08-28,45.0
TASA_POLITICA,2018-08-29,45.0
TASA_POLITICA,2018-08-30,60.0
TASA_POLITICA,2018-08-31,60.0
TASA_POLITICA,2018-09-03,60.0
TASA_POLITICA,2018-09-04,60.0
TASA_POLITICA,2018-09-05,60.0
TASA_POLITICA,2018-09-06,60.0
TASA_POLITICA,2018-09-07,60.0
TASA_POLITICA,2018-09-10,60.0
TASA_POLITICA,2018-09-11,60.0
TASA_POLITICA,2018-09-12,60.0
TASA_POLITICA,2018-09-13,60.0
TASA_POLITICA,2018-09-14,60.0
TASA_POLITICA,2018-09-17,60.0
TASA_POLITICA,2018-09-18,60.0
TASA_POLITICA,2018-09-19,60.0
TASA_POLITICA,2018-09-20,60.0
TASA_POLITICA,2018-09-21,60.0
TASA_POLITICA,2018-09-24,60.0
TASA_POLITICA,2018-09-25,60.0
TASA_POLITICA,2018-09-26,60.0
TASA_POLITICA,2018-09-27,60.0
TASA_POLITICA,2018-09-28,65.0
TASA_POLITICA,2018-10-01,67.175
TASA_POLITICA,2018-10-02,69.465
TASA_POLITICA,2018-10-03,71.267
TASA_POLITICA,2018-10-04,72.831
TASA_POLITICA,2018-10-05,73.314
TASA_POLITICA,2018-10-08,73.524
TASA_POLITICA,2018-10-09,72.602
TASA_POLITICA,2018-10-10,72.409
TASA_POLITICA,2018-10-11,72.728
TASA_POLITICA,2018-10-12,71.997
TASA_POLITICA,2018-10-16,72.198
TASA_POLITICA,2018-10-17,72.661
TASA_POLITICA,2018-10-18,72.537
TASA_POLITICA,2018-10-19,72.881
TASA_POLITICA,2018-10-22,71.729
TASA_POLITICA,2018-10-23,71.392
TASA_POLITICA,2018-10-24,71.869
TASA_POLITICA,2018-10-25,71.935
TASA_POLITICA,2018-10-26,71.756
TASA_POLITICA,2018-10-29,70.626
TASA_POLITICA,2018-10-30,70.048
TASA_POLITICA,2018-10-31,68.048
TASA_POLITICA,2018-11-01,68.801
TASA_POLITICA,2018-11-02,68.519
TASA_POLITICA,2018-11-05,68.197
TASA_POLITICA,2018-11-07,67.433
TASA_POLITICA,2018-11-08,67.133
TASA_POLITICA,2018-11-09,66.654
TASA_POLITICA,2018-11-12,65.772
TASA_POLITICA,2018-11-13,65.044
TASA_POLITICA,2018-11-14,63.291
TASA_POLITICA,2018-11-15,62.499
TASA_POLITICA,2018-11-16,62.208
TASA_POLITICA,2018-11-20,62.118
TASA_POLITICA,2018-11-21,61.954
TASA_POLITICA,2018-11-22,61.699
TASA_POLITICA,2018-11-23,61.405
TASA_POLITICA,2018-11-26,61.237
TASA_POLITICA,2018-11-27,61.248
TASA_POLITICA,2018-11-28,61.198
TASA_POLITICA,2018-11-29,60.753
TASA_POLITICA,2018-12-03,60.278
TASA_POLITICA,2018-12-04,60.003
TASA_POLITICA,2018-12-05,59.102
TASA_POLITICA,2018-12-06,59.009
TASA_POLITICA,2018-12-07,59.16
TASA_POLITICA,2018-12-10,59.226
TASA_POLITICA,2018-12-11,58.97
TASA_POLITICA,2018-12-12,59.133
TASA_POLITICA,2018-12-13,59.164
TASA_POLITICA,2018-12-14,59.077
TASA_POLITICA,2018-12-17,59.411
TASA_POLITICA,2018-12-18,59.441
TASA_POLITICA,2018-12-19,59.45
TASA_POLITICA,2018-12-20,59.582
TASA_POLITICA,2018-12-21,59.383
TASA_POLITICA,2018-12-26,59.356
TASA_POLITICA,2018-12-27,59.394
TASA_POLITICA,2018-12-28,59.252
TASA_POLITICA,2019-01-02,59.252
TASA_POLITICA,2019-01-03,59.252
TASA_POLITICA,2019-01-04,59.287
TASA_POLITICA,2019-01-07,58.964
TASA_POLITICA,2019-01-08,58.8
TASA_POLITICA,2019-01-09,58.782
TASA_POLITICA,2019-01-10,58.459
TASA_POLITICA,2019-01-11,58.107
TASA_POLITICA,2019-01-14,57.801
TASA_POLITICA,2019-01-15,57.61
TASA_POLITICA,2019-01-16,57.542
TASA_POLITICA,2019-01-17,57.316
TASA_POLITICA,2019-01-18,57.253
TASA_POLITICA,2019-01-21,57.134
TASA_POLITICA,2019-01-22,56.942
TASA_POLITICA,2019-01-23,56.872
TASA_POLITICA,2019-01-24,56.697
TASA_POLITICA,2019-01-25,56.598
TASA_POLITICA,2019-01-28,56.314
TASA_POLITICA,2019-01-29,55.639
TASA_POLITICA,2019-01-30,54.889
TASA_POLITICA,2019-01-31,53.687
TASA_POLITICA,2019-02-01,52.441
TASA_POLITICA,2019-02-04,51.304
TASA_POLITICA,2019-02-05,50.02
TASA_POLITICA,2019-02-06,48.824
TASA_POLITICA,2019-02-07,47.55
TASA_POLITICA,2019-02-08,46.243
TASA_POLITICA,2019-02-11,45.155
TASA_POLITICA,2019-02-12,44.356
TASA_POLITICA,2019-02-13,43.971
TASA_POLITICA,2019-02-14,43.937
TASA_POLITICA,2019-02-15,44.214
TASA_POLITICA,2019-02-18,44.312
TASA_POLITICA,2019-02-19,44.486
TASA_POLITICA,2019-02-20,46.014
TASA_POLITICA,2019-02-21,49.026
TASA_POLITICA,2019-02-22,49.521
TASA_POLITICA,2019-02-25,49.829
TASA_POLITICA,2019-02-26,50.065
TASA_POLITICA,2019-02-27,49.982
TASA_POLITICA,2019-02-28,50.127
TASA_POLITICA,2019-03-01,50.219
TASA_POLITICA,2019-03-06,50.551
TASA_POLITICA,2019-03-07,51.862
TASA_POLITICA,2019-03-08,57.894
TASA_POLITICA,2019-03-11,59.863
TASA_POLITICA,2019-03-12,62.119
TASA_POLITICA,2019-03-13,63.328
TASA_POLITICA,2019-03-14,63.664
TASA_POLITICA,2019-03-15,63.744
TASA_POLITICA,2019-03-18,63.707
TASA_POLITICA,2019-03-19,63.873
TASA_POLITICA,2019-03-20,64.885
TASA_POLITICA,2019-03-21,65.758
TASA_POLITICA,2019-03-22,66.655
TASA_POLITICA,2019-03-25,66.827
TASA_POLITICA,2019-03-26,66.925
TASA_POLITICA,2019-03-27,67.758
TASA_POLITICA,2019-03-28,68.349
TASA_POLITICA,2019-03-29,68.155
TASA_POLITICA,2019-04-01,68.149
TASA_POLITICA,2019-04-03,67.981
TASA_POLITICA,2019-04-04,67.691
TASA_POLITICA,2019-04-05,67.379
TASA_POLITICA,2019-04-08,67.172
TASA_POLITICA,2019-04-09,66.937
TASA_POLITICA,2019-04-10,66.755
TASA_POLITICA,2019-04-11,66.813
TASA_POLITICA,2019-04-12,66.86
TASA_POLITICA,2019-04-15,66.852
TASA_POLITICA,2019-04-16,66.792
TASA_POLITICA,2019-04-17,67.12
TASA_POLITICA,2019-04-22,67.872
TASA_POLITICA,2019-04-23,67.891
TASA_POLITICA,2019-04-24,68.366
TASA_POLITICA,2019-04-25,71.039
TASA_POLITICA,2019-04-26,71.868
TASA_POLITICA,2019-04-29,73.191
TASA_POLITICA,2019-04-30,73.93
TASA_POLITICA,2019-05-02,74.069
TASA_POLITICA,2019-05-03,73.766
TASA_POLITICA,2019-05-06,73.53
TASA_POLITICA,2019-05-07,73.242
TASA_POLITICA,2019-05-08,72.875
TASA_POLITICA,2019-05-09,72.481
TASA_POLITICA,2019-05-10,72.053
TASA_POLITICA,2019-05-13,71.743
TASA_POLITICA,2019-05-14,71.627
TASA_POLITICA,2019-05-15,71.602
TASA_POLITICA,2019-05-16,71.571
TASA_POLITICA,2019-05-17,71.476
TASA_POLITICA,2019-05-20,71.441
TASA_POLITICA,2019-05-21,71.218
TASA_POLITICA,2019-05-22,70.985
TASA_POLITICA,2019-05-23,70.892
TASA_POLITICA,2019-05-24,70.904
TASA_POLITICA,2019-05-27,70.823
TASA_POLITICA,2019-05-28,70.793
TASA_POLITICA,2019-05-29,70.747
TASA_POLITICA,2019-05-30,70.752
TASA_POLITICA,2019-05-31,70.73
TASA_POLITICA,2019-06-03,70.691
TASA_POLITICA,2019-06-04,70.532
TASA_POLITICA,2019-06-05,70.275
TASA_POLITICA,2019-06-06,69.967
TASA_POLITICA,2019-06-07,69.61
TASA_POLITICA,2019-06-10,69.241
TASA_POLITICA,2019-06-11,68.889
TASA_POLITICA,2019-06-12,67.977
TASA_POLITICA,2019-06-13,67.313
TASA_POLITICA,2019-06-14,66.663
TASA_POLITICA,2019-06-18,66.105
TASA_POLITICA,2019-06-19,65.441
TASA_POLITICA,2019-06-21,64.616
TASA_POLITICA,2019-06-24,63.839
TASA_POLITICA,2019-06-25,63.025
TASA_POLITICA,2019-06-26,62.604
TASA_POLITICA,2019-06-27,62.595
TASA_POLITICA,2019-06-28,62.688
TASA_POLITICA,2019-07-01,62.08
TASA_POLITICA,2019-07-02,61.378
TASA_POLITICA,2019-07-03,60.795
TASA_POLITICA,2019-07-04,60.339
TASA_POLITICA,2019-07-05,59.895
TASA_POLITICA,2019-07-10,59.484
TASA_POLITICA,2019-07-11,59.161
TASA_POLITICA,2019-07-12,59.011
TASA_POLITICA,2019-07-15,58.833
TASA_POLITICA,2019-07-16,58.8
TASA_POLITICA,2019-07-17,58.738
TASA_POLITICA,2019-07-18,58.724
TASA_POLITICA,2019-07-19,58.708
TASA_POLITICA,2019-07-22,58.777
TASA_POLITICA,2019-07-23,58.91
TASA_POLITICA,2019-07-24,59.009
TASA_POLITICA,2019-07-25,59.232
TASA_POLITICA,2019-07-26,59.587
TASA_POLITICA,2019-07-29,59.994
TASA_POLITICA,2019-07-30,60.272
TASA_POLITICA,2019-07-31,60.396
TASA_POLITICA,2019-08-01,60.648
TASA_POLITICA,2019-08-02,61.009
TASA_POLITICA,2019-08-05,61.589
TASA_POLITICA,2019-08-06,62.28
TASA_POLITICA,2019-08-07,62.93
TASA_POLITICA,2019-08-08,63.383
TASA_POLITICA,2019-08-09,63.706
TASA_POLITICA,2019-08-12,74.782
TASA_POLITICA,2019-08-13,74.854
TASA_POLITICA,2019-08-14,74.929
TASA_POLITICA,2019-08-15,74.96
TASA_POLITICA,2019-08-16,74.972
TASA_POLITICA,2019-08-20,74.964
TASA_POLITICA,2019-08-21,74.977
TASA_POLITICA,2019-08-22,74.979
TASA_POLITICA,2019-08-23,74.984
TASA_POLITICA,2019-08-26,74.987
TASA_POLITICA,2019-08-27,74.988
TASA_POLITICA,2019-08-28,74.983
TASA_POLITICA,2019-08-29,78.207
TASA_POLITICA,2019-08-30,83.264
TASA_POLITICA,2019-09-02,85.275
TASA_POLITICA,2019-09-03,85.732
TASA_POLITICA,2019-09-04,85.798
TASA_POLITICA,2019-09-05,85.801
TASA_POLITICA,2019-09-06,85.828
TASA_POLITICA,2019-09-09,85.983
TASA_POLITICA,2019-09-10,85.991
TASA_POLITICA,2019-09-11,85.987
TASA_POLITICA,2019-09-12,85.991
TASA_POLITICA,2019-09-13,84.149
TASA_POLITICA,2019-09-16,84.011
TASA_POLITICA,2019-09-17,83.46
TASA_POLITICA,2019-09-18,83.205
TASA_POLITICA,2019-09-19,82.788
TASA_POLITICA,2019-09-20,82.245
TASA_POLITICA,2019-09-23,81.781
TASA_POLITICA,2019-09-24,81.319
TASA_POLITICA,2019-09-25,80.828
TASA_POLITICA,2019-09-26,79.994
TASA_POLITICA,2019-09-27,79.207
TASA_POLITICA,2019-09-30,78.372
TASA_POLITICA,2019-10-01,77.711
TASA_POLITICA,2019-10-02,76.986
TASA_POLITICA,2019-10-03,75.979
TASA_POLITICA,2019-10-04,74.98
TASA_POLITICA,2019-10-07,72.969
TASA_POLITICA,2019-10-08,71.915
TASA_POLITICA,2019-10-09,70.985
TASA_POLITICA,2019-10-10,69.486
TASA_POLITICA,2019-10-11,68.022
TASA_POLITICA,2019-10-15,68.003
TASA_POLITICA,2019-10-16,68.002
TASA_POLITICA,2019-10-17,68.002
TASA_POLITICA,2019-10-18,68.002
TASA_POLITICA,2019-10-21,68.003
TASA_POLITICA,2019-10-22,68.003
TASA_POLITICA,2019-10-23,68.003
TASA_POLITICA,2019-10-24,68.003
TASA_POLITICA,2019-10-25,68.003
TASA_POLITICA,2019-10-28,68.003
TASA_POLITICA,2019-10-29,68.003
TASA_POLITICA,2019-10-30,68.002
TASA_POLITICA,2019-10-31,68.002
TASA_POLITICA,2019-11-01,67.033
TASA_POLITICA,2019-11-04,65.934
TASA_POLITICA,2019-11-05,64.942
TASA_POLITICA,2019-11-07,64.013
TASA_POLITICA,2019-11-08,63.209
TASA_POLITICA,2019-11-11,63.047
TASA_POLITICA,2019-11-12,63.009
TASA_POLITICA,2019-11-13,63.006
TASA_POLITICA,2019-11-14,63.004
TASA_POLITICA,2019-11-15,63.003
TASA_POLITICA,2019-11-19,63.002
TASA_POLITICA,2019-11-20,63.003
TASA_POLITICA,2019-11-21,63.002
TASA_POLITICA,2019-11-22,63.003
TASA_POLITICA,2019-11-25,63.003
TASA_POLITICA,2019-11-26,63.003
TASA_POLITICA,2019-11-27,63.003
TASA_POLITICA,2019-11-28,63.002
TASA_POLITICA,2019-11-29,63.002
TASA_POLITICA,2019-12-02,63.002
TASA_POLITICA,2019-12-03,63.0
TASA_POLITICA,2019-12-04,63.0
TASA_POLITICA,2019-12-05,63.0
TASA_POLITICA,2019-12-06,63.0
TASA_POLITICA,2019-12-09,63.0
TASA_POLITICA,2019-12-10,63.0
TASA_POLITICA,2019-12-11,63.0
TASA_POLITICA,2019-12-12,63.0
TASA_POLITICA,2019-12-13,63.0
TASA_POLITICA,2019-12-16,63.0
TASA_POLITICA,2019-12-17,63.0
TASA_POLITICA,2019-12-18,63.0
TASA_POLITICA,2019-12-19,63.0
TASA_POLITICA,2019-12-20,58.0
TASA_POLITICA,2019-12-23,58.0
TASA_POLITICA,2019-12-26,58.0
TASA_POLITICA,2019-12-27,55.0
TASA_POLITICA,2019-12-30,55.0
TASA_POLITICA,2020-01-02,55.0
TASA_POLITICA,2020-01-03,55.0
TASA_POLITICA,2020-01-06,55.0
TASA_POLITICA,2020-01-07,55.0
TASA_POLITICA,2020-01-08,55.0
TASA_POLITICA,2020-01-09,55.0
TASA_POLITICA,2020-01-10,52.0
TASA_POLITICA,2020-01-13,52.0
TASA_POLITICA,2020-01-14,52.0
TASA_POLITICA,2020-01-15,52.0
TASA_POLITICA,2020-01-16,52.0
TASA_POLITICA,2020-01-17,50.0
TASA_POLITICA,2020-01-20,50.0
TASA_POLITICA,2020-01-21,50.0
TASA_POLITICA,2020-01-22,50.0
TASA_POLITICA,2020-01-23,50.0
TASA_POLITICA,2020-01-24,50.0
TASA_POLITICA,2020-01-27,50.0
TASA_POLITICA,2020-01-28,50.0
TASA_POLITICA,2020-01-29,50.0
TASA_POLITICA,2020-01-30,50.0
TASA_POLITICA,2020-01-31,50.0
TASA_POLITICA,2020-02-03,50.0
TASA_POLITICA,2020-02-04,48.0
TASA_POLITICA,2020-02-05,48.0
TASA_POLITICA,2020-02-06,48.0
TASA_POLITICA,2020-02-07,48.0
TASA_POLITICA,2020-02-10,48.0
TASA_POLITICA,2020-02-11,48.0
TASA_POLITICA,2020-02-12,48.0
TASA_POLITICA,2020-02-13,48.0
TASA_POLITICA,2020-02-14,48.0
TASA_POLITICA,2020-02-17,48.0
TASA_POLITICA,2020-02-18,44.0
TASA_POLITICA,2020-02-19,44.0
TASA_POLITICA,2020-02-20,40.0
TASA_POLITICA,2020-02-21,40.0
TASA_POLITICA,2020-02-26,40.0
TASA_POLITICA,2020-02-27,40.0
TASA_POLITICA,2020-02-28,40.0
TASA_POLITICA,2020-03-02,40.0
TASA_POLITICA,2020-03-03,40.0
TASA_POLITICA,2020-03-04,40.0
TASA_POLITICA,2020-03-05,40.0
TASA_POLITICA,2020-03-06,40.0
TASA_POLITICA,2020-03-09,40.0
TASA_POLITICA,2020-03-10,38.0
TASA_POLITICA,2020-03-11,38.0
TASA_POLITICA,2020-03-12,38.0
TASA_POLITICA,2020-03-13,38.0
TASA_POLITICA,2020-03-16,38.0
TASA_POLITICA,2020-03-17,38.0
TASA_POLITICA,2020-03-18,38.0
TASA_POLITICA,2020-03-19,38.0
TASA_POLITICA,2020-03-20,38.0
TASA_POLITICA,2020-03-25,38.0
TASA_POLITICA,2020-03-26,38.0
TASA_POLITICA,2020-03-27,38.0
TASA_POLITICA,2020-03-30,38.0
TASA_POLITICA,2020-04-01,38.0
TASA_POLITICA,2020-04-02,38.0
TASA_POLITICA,2020-04-03,38.0
TASA_POLITICA,2020-04-06,38.0
TASA_POLITICA,2020-04-07,38.0
TASA_POLITICA,2020-04-08,38.0
TASA_POLITICA,2020-04-13,38.0
TASA_POLITICA,2020-04-14,38.0
TASA_POLITICA,2020-04-15,38.0
TASA_POLITICA,2020-04-16,38.0
TASA_POLITICA,2020-04-17,38.0
TASA_POLITICA,2020-04-20,38.0
TASA_POLITICA,2020-04-21,38.0
TASA_POLITICA,2020-04-22,38.0
TASA_POLITICA,2020-04-23,38.0
TASA_POLITICA,2020-04-24,38.0
TASA_POLITICA,2020-04-27,38.0
TASA_POLITICA,2020-04-28,38.0
TASA_POLITICA,2020-04-29,38.0
TASA_POLITICA,2020-04-30,38.0
TASA_POLITICA,2020-05-04,38.0
TASA_POLITICA,2020-05-05,38.0
TASA_POLITICA,2020-05-06,38.0
TASA_POLITICA,2020-05-07,38.0
TASA_POLITICA,2020-05-08,38.0
TASA_POLITICA,2020-05-11,38.0
TASA_POLITICA,2020-05-12,38.0
TASA_POLITICA,2020-05-13,38.0
TASA_POLITICA,2020-05-14,38.0
TASA_POLITICA,2020-05-15,38.0
TASA_POLITICA,2020-05-18,38.0
TASA_POLITICA,2020-05-19,38.0
TASA_POLITICA,2020-05-20,38.0
TASA_POLITICA,2020-05-21,38.0
TASA_POLITICA,2020-05-22,38.0
TASA_POLITICA,2020-05-26,38.0
TASA_POLITICA,2020-05-27,38.0
TASA_POLITICA,2020-05-28,38.0
TASA_POLITICA,2020-05-29,38.0
TASA_POLITICA,2020-06-01,38.0
TASA_POLITICA,2020-06-02,38.0
TASA_POLITICA,2020-06-03,38.0
TASA_POLITICA,2020-06-04,38.0
TASA_POLITICA,2020-06-05,38.0
TASA_POLITICA,2020-06-08,38.0
TASA_POLITICA,2020-06-09,38.0
TASA_POLITICA,2020-06-10,38.0
TASA_POLITICA,2020-06-11,38.0
TASA_POLITICA,2020-06-12,38.0
TASA_POLITICA,2020-06-16,38.0
TASA_POLITICA,2020-06-17,38.0
TASA_POLITICA,2020-06-18,38.0
TASA_POLITICA,2020-06-19,38.0
TASA_POLITICA,2020-06-22,38.0
TASA_POLITICA,2020-06-23,38.0
TASA_POLITICA,2020-06-24,38.0
TASA_POLITICA,2020-06-25,38.0
TASA_POLITICA,2020-06-26,38.0
TASA_POLITICA,2020-06-29,38.0
TASA_POLITICA,2020-06-30,38.0
TASA_POLITICA,2020-07-01,38.0
TASA_POLITICA,2020-07-02,38.0
TASA_POLITICA,2020-07-03,38.0
TASA_POLITICA,2020-07-06,38.0
TASA_POLITICA,2020-07-07,38.0
TASA_POLITICA,2020-07-08,38.0
TASA_POLITICA,2020-07-13,38.0
TASA_POLITICA,2020-07-14,38.0
TASA_POLITICA,2020-07-15,38.0
TASA_POLITICA,2020-07-16,38.0
TASA_POLITICA,2020-07-17,38.0
TASA_POLITICA,2020-07-20,38.0
TASA_POLITICA,2020-07-21,38.0
TASA_POLITICA,2020-07-22,38.0
TASA_POLITICA,2020-07-23,38.0
TASA_POLITICA,2020-07-24,38.0
TASA_POLITICA,2020-07-27,38.0
TASA_POLITICA,2020-07-28,38.0
TASA_POLITICA,2020-07-29,38.0
TASA_POLITICA,2020-07-30,38.0
TASA_POLITICA,2020-07-31,38.0
TASA_POLITICA,2020-08-03,38.0
TASA_POLITICA,2020-08-04,38.0
TASA_POLITICA,2020-08-05,38.0
TASA_POLITICA,2020-08-06,38.0
TASA_POLITICA,2020-08-07,38.0
TASA_POLITICA,2020-08-10,38.0
TASA_POLITICA,2020-08-11,38.0
TASA_POLITICA,2020-08-12,38.0
TASA_POLITICA,2020-08-13,38.0
TASA_POLITICA,2020-08-14,38.0
TASA_POLITICA,2020-08-18,38.0
TASA_POLITICA,2020-08-19,38.0
TASA_POLITICA,2020-08-20,38.0
TASA_POLITICA,2020-08-21,38.0
TASA_POLITICA,2020-08-24,38.0
TASA_POLITICA,2020-08-25,38.0
TASA_POLITICA,2020-08-26,38.0
TASA_POLITICA,2020-08-27,38.0
TASA_POLITICA,2020-08-28,38.0
TASA_POLITICA,2020-08-31,38.0
TASA_POLITICA,2020-09-01,38.0
TASA_POLITICA,2020-09-02,38.0
TASA_POLITICA,2020-09-03,38.0
TASA_POLITICA,2020-09-04,38.0
TASA_POLITICA,2020-09-07,38.0
TASA_POLITICA,2020-09-08,38.0
TASA_POLITICA,2020-09-09,38.0
TASA_POLITICA,2020-09-10,38.0
TASA_POLITICA,2020-09-11,38.0
TASA_POLITICA,2020-09-14,38.0
TASA_POLITICA,2020-09-15,38.0
TASA_POLITICA,2020-09-16,38.0
TASA_POLITICA,2020-09-17,38.0
TASA_POLITICA,2020-09-18,38.0
TASA_POLITICA,2020-09-21,38.0
TASA_POLITICA,2020-09-22,38.0
TASA_POLITICA,2020-09-23,38.0
TASA_POLITICA,2020-09-24,38.0
TASA_POLITICA,2020-09-25,38.0
TASA_POLITICA,2020-09-28,38.0
TASA_POLITICA,2020-09-29,38.0
TASA_POLITICA,2020-09-30,38.0
TASA_POLITICA,2020-10-01,38.0
TASA_POLITICA,2020-10-02,38.0
TASA_POLITICA,2020-10-05,38.0
TASA_POLITICA,2020-10-06,38.0
TASA_POLITICA,2020-10-07,38.0
TASA_POLITICA,2020-10-08,38.0
TASA_POLITICA,2020-10-09,38.0
TASA_POLITICA,2020-10-13,37.0
TASA_POLITICA,2020-10-14,37.0
TASA_POLITICA,2020-10-15,37.0
TASA_POLITICA,2020-10-16,37.0
TASA_POLITICA,2020-10-19,37.0
TASA_POLITICA,2020-10-20,36.0
TASA_POLITICA,2020-10-21,36.0
TASA_POLITICA,2020-10-22,36.0
TASA_POLITICA,2020-10-23,36.0
TASA_POLITICA,2020-10-26,36.0
TASA_POLITICA,2020-10-27,36.0
TASA_POLITICA,2020-10-28,36.0
TASA_POLITICA,2020-10-29,36.0
TASA_POLITICA,2020-10-30,36.0
TASA_POLITICA,2020-11-02,36.0
TASA_POLITICA,2020-11-03,36.0
TASA_POLITICA,2020-11-04,36.0
TASA_POLITICA,2020-11-05,36.0
TASA_POLITICA,2020-11-09,36.0
TASA_POLITICA,2020-11-10,36.0
TASA_POLITICA,2020-11-11,36.0
TASA_POLITICA,2020-11-12,36.0
TASA_POLITICA,2020-11-13,36.0
TASA_POLITICA,2020-11-16,36.0
TASA_POLITICA,2020-11-17,38.0
TASA_POLITICA,2020-11-18,38.0
TASA_POLITICA,2020-11-19,38.0
TASA_POLITICA,2020-11-20,38.0
TASA_POLITICA,2020-11-24,38.0
TASA_POLITICA,2020-11-25,38.0
TASA_POLITICA,2020-11-26,38.0
TASA_POLITICA,2020-11-27,38.0
TASA_POLITICA,2020-11-30,38.0
TASA_POLITICA,2020-12-01,38.0
TASA_POLITICA,2020-12-02,38.0
TASA_POLITICA,2020-12-03,38.0
TASA_POLITICA,2020-12-04,38.0
TASA_POLITICA,2020-12-09,38.0
TASA_POLITICA,2020-12-10,38.0
TASA_POLITICA,2020-12-11,38.0
TASA_POLITICA,2020-12-14,38.0
TASA_POLITICA,2020-12-15,38.0
TASA_POLITICA,2020-12-16,38.0
TASA_POLITICA,2020-12-17,38.0
TASA_POLITICA,2020-12-18,38.0
TASA_POLITICA,2020-12-21,38.0
TASA_POLITICA,2020-12-22,38.0
TASA_POLITICA,2020-12-23,38.0
TASA_POLITICA,2020-12-28,38.0
TASA_POLITICA,2020-12-29,38.0
TASA_POLITICA,2020-12-30,38.0
TASA_POLITICA,2021-01-04,38.0
TASA_POLITICA,2021-01-05,38.0
TASA_POLITICA,2021-01-06,38.0
TASA_POLITICA,2021-01-07,38.0
TASA_POLITICA,2021-01-08,38.0
TASA_POLITICA,2021-01-11,38.0
TASA_POLITICA,2021-01-12,38.0
TASA_POLITICA,2021-01-13,38.0
TASA_POLITICA,2021-01-14,38.0
TASA_POLITICA,2021-01-15,38.0
TASA_POLITICA,2021-01-18,38.0
TASA_POLITICA,2021-01-19,38.0
TASA_POLITICA,2021-01-20,38.0
TASA_POLITICA,2021-01-21,38.0
TASA_POLITICA,2021-01-22,38.0
TASA_POLITICA,2021-01-25,38.0
TASA_POLITICA,2021-01-26,38.0
TASA_POLITICA,2021-01-27,38.0
TASA_POLITICA,2021-01-28,38.0
TASA_POLITICA,2021-01-29,38.0
TASA_POLITICA,2021-02-01,38.0
TASA_POLITICA,2021-02-02,38.0
TASA_POLITICA,2021-02-03,38.0
TASA_POLITICA,2021-02-04,38.0
TASA_POLITICA,2021-02-05,38.0
TASA_POLITICA,2021-02-08,38.0
TASA_POLITICA,2021-02-09,38.0
TASA_POLITICA,2021-02-10,38.0
TASA_POLITICA,2021-02-11,38.0
TASA_POLITICA,2021-02-12,38.0
TASA_POLITICA,2021-02-17,38.0
TASA_POLITICA,2021-02-18,38.0
TASA_POLITICA,2021-02-19,38.0
TASA_POLITICA,2021-02-22,38.0
TASA_POLITICA,2021-02-23,38.0
TASA_POLITICA,2021-02-24,38.0
TASA_POLITICA,2021-02-25,38.0
TASA_POLITICA,2021-02-26,38.0
TASA_POLITICA,2021-03-01,38.0
TASA_POLITICA,2021-03-02,38.0
TASA_POLITICA,2021-03-03,38.0
TASA_POLITICA,2021-03-04,38.0
TASA_POLITICA,2021-03-05,38.0
TASA_POLITICA,2021-03-08,38.0
TASA_POLITICA,2021-03-09,38.0
TASA_POLITICA,2021-03-10,38.0
TASA_POLITICA,2021-03-11,38.0
TASA_POLITICA,2021-03-12,38.0
TASA_POLITICA,2021-03-15,38.0
TASA_POLITICA,2021-03-16,38.0
TASA_POLITICA,2021-03-17,38.0
TASA_POLITICA,2021-03-18,38.0
TASA_POLITICA,2021-03-19,38.0
TASA_POLITICA,2021-03-22,38.0
TASA_POLITICA,2021-03-23,38.0
TASA_POLITICA,2021-03-25,38.0
TASA_POLITICA,2021-03-26,38.0
TASA_POLITICA,2021-03-29,38.0
TASA_POLITICA,2021-03-30,38.0
TASA_POLITICA,2021-03-31,38.0
TASA_POLITICA,2021-04-05,38.0
TASA_POLITICA,2021-04-06,38.0
TASA_POLITICA,2021-04-07,38.0
TASA_POLITICA,2021-04-08,38.0
TASA_POLITICA,2021-04-09,38.0
TASA_POLITICA,2021-04-12,38.0
TASA_POLITICA,2021-04-13,38.0
TASA_POLITICA,2021-04-14,38.0
TASA_POLITICA,2021-04-15,38.0
TASA_POLITICA,2021-04-16,38.0
TASA_POLITICA,2021-04-19,38.0
TASA_POLITICA,2021-04-20,38.0
TASA_POLITICA,2021-04-21,38.0
TASA_POLITICA,2021-04-22,38.0
TASA_POLITICA,2021-04-23,38.0
TASA_POLITICA,2021-04-26,38.0
TASA_POLITICA,2021-04-27,38.0
TASA_POLITICA,2021-04-28,38.0
TASA_POLITICA,2021-04-29,38.0
TASA_POLITICA,2021-04-30,38.0
TASA_POLITICA,2021-05-03,38.0
TASA_POLITICA,2021-05-04,38.0
TASA_POLITICA,2021-05-05,38.0
TASA_POLITICA,2021-05-06,38.0
TASA_POLITICA,2021-05-07,38.0
TASA_POLITICA,2021-05-10,38.0
TASA_POLITICA,2021-05-11,38.0
TASA_POLITICA,2021-05-12,38.0
TASA_POLITICA,2021-05-13,38.0
TASA_POLITICA,2021-05-14,38.0
TASA_POLITICA,2021-05-17,38.0
TASA_POLITICA,2021-05-18,38.0
TASA_POLITICA,2021-05-19,38.0
TASA_POLITICA,2021-05-20,38.0
TASA_POLITICA,2021-05-21,38.0
TASA_POLITICA,2021-05-26,38.0
TASA_POLITICA,2021-05-27,38.0
TASA_POLITICA,2021-05-28,38.0
TASA_POLITICA,2021-05-31,38.0
TASA_POLITICA,2021-06-01,38.0
TASA_POLITICA,2021-06-02,38.0
TASA_POLITICA,2021-06-03,38.0
TASA_POLITICA,2021-06-04,38.0
TASA_POLITICA,2021-06-07,38.0
TASA_POLITICA,2021-06-08,38.0
TASA_POLITICA,2021-06-09,38.0
TASA_POLITICA,2021-06-10,38.0
TASA_POLITICA,2021-06-11,38.0
TASA_POLITICA,2021-06-14,38.0
TASA_POLITICA,2021-06-15,38.0
TASA_POLITICA,2021-06-16,38.0
TASA_POLITICA,2021-06-17,38.0
TASA_POLITICA,2021-06-18,38.0
TASA_POLITICA,2021-06-22,38.0
TASA_POLITICA,2021-06-23,38.0
TASA_POLITICA,2021-06-24,38.0
TASA_POLITICA,2021-06-25,38.0
TASA_POLITICA,2021-06-28,38.0
TASA_POLITICA,2021-06-29,38.0
TASA_POLITICA,2021-06-30,38.0
TASA_POLITICA,2021-07-01,38.0
TASA_POLITICA,2021-07-02,38.0
TASA_POLITICA,2021-07-05,38.0
TASA_POLITICA,2021-07-06,38.0
TASA_POLITICA,2021-07-07,38.0
TASA_POLITICA,2021-07-08,38.0
TASA_POLITICA,2021-07-12,38.0
TASA_POLITICA,2021-07-13,38.0
TASA_POLITICA,2021-07-14,38.0
TASA_POLITICA,2021-07-15,38.0
TASA_POLITICA,2021-07-16,38.0
TASA_POLITICA,2021-07-19,38.0
TASA_POLITICA,2021-07-20,38.0
TASA_POLITICA,2021-07-21,38.0
TASA_POLITICA,2021-07-22,38.0
TASA_POLITICA,2021-07-23,38.0
TASA_POLITICA,2021-07-26,38.0
TASA_POLITICA,2021-07-27,38.0
TASA_POLITICA,2021-07-28,38.0
TASA_POLITICA,2021-07-29,38.0
TASA_POLITICA,2021-07-30,38.0
TASA_POLITICA,2021-08-02,38.0
TASA_POLITICA,2021-08-03,38.0
TASA_POLITICA,2021-08-04,38.0
TASA_POLITICA,2021-08-05,38.0
TASA_POLITICA,2021-08-06,38.0
TASA_POLITICA,2021-08-09,38.0
TASA_POLITICA,2021-08-10,38.0
TASA_POLITICA,2021-08-11,38.0
TASA_POLITICA,2021-08-12,38.0
TASA_POLITICA,2021-08-13,38.0
TASA_POLITICA,2021-08-17,38.0
TASA_POLITICA,2021-08-18,38.0
TASA_POLITICA,2021-08-19,38.0
TASA_POLITICA,2021-08-20,38.0
TASA_POLITICA,2021-08-23,38.0
TASA_POLITICA,2021-08-24,38.0
TASA_POLITICA,2021-08-25,38.0
TASA_POLITICA,2021-08-26,38.0
TASA_POLITICA,2021-08-27,38.0
TASA_POLITICA,2021-08-30,38.0
TASA_POLITICA,2021-08-31,38.0
TASA_POLITICA,2021-09-01,38.0
TASA_POLITICA,2021-09-02,38.0
TASA_POLITICA,2021-09-03,38.0
TASA_POLITICA,2021-09-06,38.0
TASA_POLITICA,2021-09-07,38.0
TASA_POLITICA,2021-09-08,38.0
TASA_POLITICA,2021-09-09,38.0
TASA_POLITICA,2021-09-10,38.0
TASA_POLITICA,2021-09-13,38.0
TASA_POLITICA,2021-09-14,38.0
TASA_POLITICA,2021-09-15,38.0
TASA_POLITICA,2021-09-16,38.0
TASA_POLITICA,2021-09-17,38.0
TASA_POLITICA,2021-09-20,38.0
TASA_POLITICA,2021-09-21,38.0
TASA_POLITICA,2021-09-22,38.0
TASA_POLITICA,2021-09-23,38.0
TASA_POLITICA,2021-09-24,38.0
TASA_POLITICA,2021-09-27,38.0
TASA_POLITICA,2021-09-28,38.0
TASA_POLITICA,2021-09-29,38.0
TASA_POLITICA,2021-09-30,38.0
TASA_POLITICA,2021-10-01,38.0
TASA_POLITICA,2021-10-04,38.0
TASA_POLITICA,2021-10-05,38.0
TASA_POLITICA,2021-10-06,38.0
TASA_POLITICA,2021-10-07,38.0
TASA_POLITICA,2021-10-12,38.0
TASA_POLITICA,2021-10-13,38.0
TASA_POLITICA,2021-10-14,38.0
TASA_POLITICA,2021-10-15,38.0
TASA_POLITICA,2021-10-18,38.0
TASA_POLITICA,2021-10-19,38.0
TASA_POLITICA,2021-10-20,38.0
TASA_POLITICA,2021-10-21,38.0
TASA_POLITICA,2021-10-22,38.0
TASA_POLITICA,2021-10-25,38.0
TASA_POLITICA,2021-10-26,38.0
TASA_POLITICA,2021-10-27,38.0
TASA_POLITICA,2021-10-28,38.0
TASA_POLITICA,2021-10-29,38.0
TASA_POLITICA,2021-11-01,38.0
TASA_POLITICA,2021-11-02,38.0
TASA_POLITICA,2021-11-03,38.0
TASA_POLITICA,2021-11-04,38.0
TASA_POLITICA,2021-11-05,38.0
TASA_POLITICA,2021-11-08,38.0
TASA_POLITICA,2021-11-09,38.0
TASA_POLITICA,2021-11-10,38.0
TASA_POLITICA,2021-11-11,38.0
TASA_POLITICA,2021-11-12,38.0
TASA_POLITICA,2021-11-15,38.0
TASA_POLITICA,2021-11-16,38.0
TASA_POLITICA,2021-11-17,38.0
TASA_POLITICA,2021-11-18,38.0
TASA_POLITICA,2021-11-19,38.0
TASA_POLITICA,2021-11-23,38.0
TASA_POLITICA,2021-11-24,38.0
TASA_POLITICA,2021-11-25,38.0
TASA_POLITICA,2021-11-26,38.0
TASA_POLITICA,2021-11-29,38.0
TASA_POLITICA,2021-11-30,38.0
TASA_POLITICA,2021-12-01,38.0
TASA_POLITICA,2021-12-02,38.0
TASA_POLITICA,2021-12-03,38.0
TASA_POLITICA,2021-12-06,38.0
TASA_POLITICA,2021-12-07,38.0
TASA_POLITICA,2021-12-09,38.0
TASA_POLITICA,2021-12-10,38.0
TASA_POLITICA,2021-12-13,38.0
TASA_POLITICA,2021-12-14,38.0
TASA_POLITICA,2021-12-15,38.0
TASA_POLITICA,2021-12-16,38.0
TASA_POLITICA,2021-12-17,38.0
TASA_POLITICA,2021-12-20,38.0
TASA_POLITICA,2021-12-21,38.0
TASA_POLITICA,2021-12-22,38.0
TASA_POLITICA,2021-12-23,38.0
TASA_POLITICA,2021-12-27,38.0
TASA_POLITICA,2021-12-28,38.0
TASA_POLITICA,2021-12-29,38.0
TASA_POLITICA,2021-12-30,38.0
TASA_POLITICA,2022-01-03,38.0
TASA_POLITICA,2022-01-04,38.0
TASA_POLITICA,2022-01-05,38.0
TASA_POLITICA,2022-01-06,40.0
TASA_POLITICA,2022-01-07,40.0
TASA_POLITICA,2022-01-10,40.0
TASA_POLITICA,2022-01-11,40.0
TASA_POLITICA,2022-01-12,40.0
TASA_POLITICA,2022-01-13,40.0
TASA_POLITICA,2022-01-14,40.0
TASA_POLITICA,2022-01-17,40.0
TASA_POLITICA,2022-01-18,40.0
TASA_POLITICA,2022-01-19,40.0
TASA_POLITICA,2022-01-20,40.0
TASA_POLITICA,2022-01-21,40.0
TASA_POLITICA,2022-01-24,40.0
TASA_POLITICA,2022-01-25,40.0
TASA_POLITICA,2022-01-26,40.0
TASA_POLITICA,2022-01-27,40.0
TASA_POLITICA,2022-01-28,40.0
TASA_POLITICA,2022-01-31,40.0
TASA_POLITICA,2022-02-01,40.0
TASA_POLITICA,2022-02-02,40.0
TASA_POLITICA,2022-02-03,40.0
TASA_POLITICA,2022-02-04,40.0
TASA_POLITICA,2022-02-07,40.0
TASA_POLITICA,2022-02-08,40.0
TASA_POLITICA,2022-02-09,40.0
TASA_POLITICA,2022-02-10,40.0
TASA_POLITICA,2022-02-11,40.0
TASA_POLITICA,2022-02-14,40.0
TASA_POLITICA,2022-02-15,40.0
TASA_POLITICA,2022-02-16,40.0
TASA_POLITICA,2022-02-17,42.5
TASA_POLITICA,2022-02-18,42.5
TASA_POLITICA,2022-02-21,42.5
TASA_POLITICA,2022-02-22,42.5
TASA_POLITICA,2022-02-23,42.5
TASA_POLITICA,2022-02-24,42.5
TASA_POLITICA,2022-02-25,42.5
TASA_POLITICA,2022-03-02,42.5
TASA_POLITICA,2022-03-03,42.5
TASA_POLITICA,2022-03-04,42.5
TASA_POLITICA,2022-03-07,42.5
TASA_POLITICA,2022-03-08,42.5
TASA_POLITICA,2022-03-09,42.5
TASA_POLITICA,2022-03-10,42.5
TASA_POLITICA,2022-03-11,42.5
TASA_POLITICA,2022-03-14,42.5
TASA_POLITICA,2022-03-15,42.5
TASA_POLITICA,2022-03-16,42.5
TASA_POLITICA,2022-03-17,42.5
TASA_POLITICA,2022-03-18,42.5
TASA_POLITICA,2022-03-21,42.5
TASA_POLITICA,2022-03-22,44.5
TASA_POLITICA,2022-03-23,44.5
TASA_POLITICA,2022-03-25,44.5
TASA_POLITICA,2022-03-28,44.5
TASA_POLITICA,2022-03-29,44.5
TASA_POLITICA,2022-03-30,44.5
TASA_POLITICA,2022-03-31,44.5
TASA_POLITICA,2022-04-01,44.5
TASA_POLITICA,2022-04-04,44.5
TASA_POLITICA,2022-04-05,44.5
TASA_POLITICA,2022-04-06,44.5
TASA_POLITICA,2022-04-07,44.5
TASA_POLITICA,2022-04-08,44.5
TASA_POLITICA,2022-04-11,44.5
TASA_POLITICA,2022-04-12,44.5
TASA_POLITICA,2022-04-13,47.0
TASA_POLITICA,2022-04-18,47.0
TASA_POLITICA,2022-04-19,47.0
TASA_POLITICA,2022-04-20,47.0
TASA_POLITICA,2022-04-21,47.0
TASA_POLITICA,2022-04-22,47.0
TASA_POLITICA,2022-04-25,47.0
TASA_POLITICA,2022-04-26,47.0
TASA_POLITICA,2022-04-27,47.0
TASA_POLITICA,2022-04-28,47.0
TASA_POLITICA,2022-04-29,47.0
TASA_POLITICA,2022-05-02,47.0
TASA_POLITICA,2022-05-03,47.0
TASA_POLITICA,2022-05-04,47.0
TASA_POLITICA,2022-05-05,47.0
TASA_POLITICA,2022-05-06,47.0
TASA_POLITICA,2022-05-09,47.0
TASA_POLITICA,2022-05-10,47.0
TASA_POLITICA,2022-05-11,47.0
TASA_POLITICA,2022-05-12,49.0
TASA_POLITICA,2022-05-13,49.0
TASA_POLITICA,2022-05-16,49.0
TASA_POLITICA,2022-05-17,49.0
TASA_POLITICA,2022-05-19,49.0
TASA_POLITICA,2022-05-20,49.0
TASA_POLITICA,2022-05-23,49.0
TASA_POLITICA,2022-05-24,49.0
TASA_POLITICA,2022-05-26,49.0
TASA_POLITICA,2022-05-27,49.0
TASA_POLITICA,2022-05-30,49.0
TASA_POLITICA,2022-05-31,49.0
TASA_POLITICA,2022-06-01,49.0
TASA_POLITICA,2022-06-02,49.0
TASA_POLITICA,2022-06-03,49.0
TASA_POLITICA,2022-06-06,49.0
TASA_POLITICA,2022-06-07,49.0
TASA_POLITICA,2022-06-08,49.0
TASA_POLITICA,2022-06-09,49.0
TASA_POLITICA,2022-06-10,49.0
TASA_POLITICA,2022-06-13,49.0
TASA_POLITICA,2022-06-14,49.0
TASA_POLITICA,2022-06-15,49.0
TASA_POLITICA,2022-06-16,52.0
TASA_POLITICA,2022-06-21,52.0
TASA_POLITICA,2022-06-22,52.0
TASA_POLITICA,2022-06-23,52.0
TASA_POLITICA,2022-06-24,52.0
TASA_POLITICA,2022-06-27,52.0
TASA_POLITICA,2022-06-28,52.0
TASA_POLITICA,2022-06-29,52.0
TASA_POLITICA,2022-06-30,52.0
TASA_POLITICA,2022-07-01,52.0
TASA_POLITICA,2022-07-04,52.0
TASA_POLITICA,2022-07-05,52.0
TASA_POLITICA,2022-07-06,52.0
TASA_POLITICA,2022-07-07,52.0
TASA_POLITICA,2022-07-08,52.0
TASA_POLITICA,2022-07-11,52.0
TASA_POLITICA,2022-07-12,52.0
TASA_POLITICA,2022-07-13,52.0
TASA_POLITICA,2022-07-14,52.0
TASA_POLITICA,2022-07-15,52.0
TASA_POLITICA,2022-07-18,52.0
TASA_POLITICA,2022-07-19,52.0
TASA_POLITICA,2022-07-20,52.0
TASA_POLITICA,2022-07-21,52.0
TASA_POLITICA,2022-07-22,52.0
TASA_POLITICA,2022-07-25,52.0
TASA_POLITICA,2022-07-26,52.0
TASA_POLITICA,2022-07-27,52.0
TASA_POLITICA,2022-07-28,60.0
TASA_POLITICA,2022-07-29,60.0
TASA_POLITICA,2022-08-01,60.0
TASA_POLITICA,2022-08-02,60.0
TASA_POLITICA,2022-08-03,60.0
TASA_POLITICA,2022-08-04,60.0
TASA_POLITICA,2022-08-05,60.0
TASA_POLITICA,2022-08-08,60.0
TASA_POLITICA,2022-08-09,60.0
TASA_POLITICA,2022-08-10,60.0
TASA_POLITICA,2022-08-11,69.5
TASA_POLITICA,2022-08-12,69.5
TASA_POLITICA,2022-08-16,69.5
TASA_POLITICA,2022-08-17,69.5
TASA_POLITICA,2022-08-18,69.5
TASA_POLITICA,2022-08-19,69.5
TASA_POLITICA,2022-08-22,69.5
TASA_POLITICA,2022-08-23,69.5
TASA_POLITICA,2022-08-24,69.5
TASA_POLITICA,2022-08-25,69.5
TASA_POLITICA,2022-08-26,69.5
TASA_POLITICA,2022-08-29,69.5
TASA_POLITICA,2022-08-30,69.5
TASA_POLITICA,2022-08-31,69.5
TASA_POLITICA,2022-09-01,69.5
TASA_POLITICA,2022-09-05,69.5
TASA_POLITICA,2022-09-06,69.5
TASA_POLITICA,2022-09-07,69.5
TASA_POLITICA,2022-09-08,69.5
TASA_POLITICA,2022-09-09,69.5
TASA_POLITICA,2022-09-12,69.5
TASA_POLITICA,2022-09-13,69.5
TASA_POLITICA,2022-09-14,69.5
TASA_POLITICA,2022-09-15,75.0
TASA_POLITICA,2022-09-16,75.0
TASA_POLITICA,2022-09-19,75.0
TASA_POLITICA,2022-09-20,75.0
TASA_POLITICA,2022-09-21,75.0
TASA_POLITICA,2022-09-22,75.0
TASA_POLITICA,2022-09-23,75.0
TASA_POLITICA,2022-09-26,75.0
TASA_POLITICA,2022-09-27,75.0
TASA_POLITICA,2022-09-28,75.0
TASA_POLITICA,2022-09-29,75.0
TASA_POLITICA,2022-09-30,75.0
TASA_POLITICA,2022-10-03,75.0
TASA_POLITICA,2022-10-04,75.0
TASA_POLITICA,2022-10-05,75.0
TASA_POLITICA,2022-10-06,75.0
TASA_POLITICA,2022-10-11,75.0
TASA_POLITICA,2022-10-12,75.0
TASA_POLITICA,2022-10-13,75.0
TASA_POLITICA,2022-10-14,75.0
TASA_POLITICA,2022-10-17,75.0
TASA_POLITICA,2022-10-18,75.0
TASA_POLITICA,2022-10-19,75.0
TASA_POLITICA,2022-10-20,75.0
TASA_POLITICA,2022-10-21,75.0
TASA_POLITICA,2022-10-24,75.0
TASA_POLITICA,2022-10-25,75.0
TASA_POLITICA,2022-10-26,75.0
TASA_POLITICA,2022-10-27,75.0
TASA_POLITICA,2022-10-28,75.0
TASA_POLITICA,2022-10-31,75.0
TASA_POLITICA,2022-11-01,75.0
TASA_POLITICA,2022-11-02,75.0
TASA_POLITICA,2022-11-03,75.0
TASA_POLITICA,2022-11-04,75.0
TASA_POLITICA,2022-11-07,75.0
TASA_POLITICA,2022-11-08,75.0
TASA_POLITICA,2022-11-09,75.0
TASA_POLITICA,2022-11-10,75.0
TASA_POLITICA,2022-11-11,75.0
TASA_POLITICA,2022-11-14,75.0
TASA_POLITICA,2022-11-15,75.0
TASA_POLITICA,2022-11-16,75.0
TASA_POLITICA,2022-11-17,75.0
TASA_POLITICA,2022-11-18,75.0
TASA_POLITICA,2022-11-22,75.0
TASA_POLITICA,2022-11-23,75.0
TASA_POLITICA,2022-11-24,75.0
TASA_POLITICA,2022-11-25,75.0
TASA_POLITICA,2022-11-28,75.0
TASA_POLITICA,2022-11-29,75.0
TASA_POLITICA,2022-11-30,75.0
TASA_POLITICA,2022-12-01,75.0
TASA_POLITICA,2022-12-02,75.0
TASA_POLITICA,2022-12-05,75.0
TASA_POLITICA,2022-12-06,75.0
TASA_POLITICA,2022-12-07,75.0
TASA_POLITICA,2022-12-12,75.0
TASA_POLITICA,2022-12-13,75.0
TASA_POLITICA,2022-12-14,75.0
TASA_POLITICA,2022-12-15,75.0
TASA_POLITICA,2022-12-16,75.0
TASA_POLITICA,2022-12-19,75.0
TASA_POLITICA,2022-12-20,75.0
TASA_POLITICA,2022-12-21,75.0
TASA_POLITICA,2022-12-22,75.0
TASA_POLITICA,2022-12-23,75.0
TASA_POLITICA,2022-12-26,75.0
TASA_POLITICA,2022-12-27,75.0
TASA_POLITICA,2022-12-28,75.0
TASA_POLITICA,2022-12-29,75.0
TASA_POLITICA,2022-12-30,75.0
TASA_POLITICA,2023-01-02,75.0
TASA_POLITICA,2023-01-03,75.0
TASA_POLITICA,2023-01-04,75.0
TASA_POLITICA,2023-01-05,75.0
TASA_POLITICA,2023-01-06,75.0
TASA_POLITICA,2023-01-09,75.0
TASA_POLITICA,2023-01-10,75.0
TASA_POLITICA,2023-01-11,75.0
TASA_POLITICA,2023-01-12,75.0
TASA_POLITICA,2023-01-13,75.0
TASA_POLITICA,2023-01-16,75.0
TASA_POLITICA,2023-01-17,75.0
TASA_POLITICA,2023-01-18,75.0
TASA_POLITICA,2023-01-19,75.0
TASA_POLITICA,2023-01-20,75.0
TASA_POLITICA,2023-01-23,75.0
TASA_POLITICA,2023-01-24,75.0
TASA_POLITICA,2023-01-25,75.0
TASA_POLITICA,2023-01-26,75.0
TASA_POLITICA,2023-01-27,75.0
TASA_POLITICA,2023-01-30,75.0
TASA_POLITICA,2023-01-31,75.0
TASA_POLITICA,2023-02-01,75.0
TASA_POLITICA,2023-02-02,75.0
TASA_POLITICA,2023-02-03,75.0
TASA_POLITICA,2023-02-06,75.0
TASA_POLITICA,2023-02-07,75.0
TASA_POLITICA,2023-02-08,75.0
TASA_POLITICA,2023-02-09,75.0
TASA_POLITICA,2023-02-10,75.0
TASA_POLITICA,2023-02-13,75.0
TASA_POLITICA,2023-02-14,75.0
TASA_POLITICA,2023-02-15,75.0
TASA_POLITICA,2023-02-16,75.0
TASA_POLITICA,2023-02-17,75.0
TASA_POLITICA,2023-02-22,75.0
TASA_POLITICA,2023-02-23,75.0
TASA_POLITICA,2023-02-24,75.0
TASA_POLITICA,2023-02-27,75.0
TASA_POLITICA,2023-02-28,75.0
TASA_POLITICA,2023-03-01,75.0
TASA_POLITICA,2023-03-02,75.0
TASA_POLITICA,2023-03-03,75.0
TASA_POLITICA,2023-03-06,75.0
TASA_POLITICA,2023-03-07,75.0
TASA_POLITICA,2023-03-08,75.0
TASA_POLITICA,2023-03-09,75.0
TASA_POLITICA,2023-03-10,75.0
TASA_POLITICA,2023-03-13,75.0
TASA_POLITICA,2023-03-14,75.0
TASA_POLITICA,2023-03-15,75.0
TASA_POLITICA,2023-03-16,78.0
TASA_POLITICA,2023-03-17,78.0
TASA_POLITICA,2023-03-20,78.0
TASA_POLITICA,2023-03-21,78.0
TASA_POLITICA,2023-03-22,78.0
TASA_POLITICA,2023-03-23,78.0
TASA_POLITICA,2023-03-27,78.0
TASA_POLITICA,2023-03-28,78.0
TASA_POLITICA,2023-03-29,78.0
TASA_POLITICA,2023-03-30,78.0
TASA_POLITICA,2023-03-31,78.0
TASA_POLITICA,2023-04-03,78.0
TASA_POLITICA,2023-04-04,78.0
TASA_POLITICA,2023-04-05,78.0
TASA_POLITICA,2023-04-10,78.0
TASA_POLITICA,2023-04-11,78.0
TASA_POLITICA,2023-04-12,78.0
TASA_POLITICA,2023-04-13,78.0
TASA_POLITICA,2023-04-14,78.0
TASA_POLITICA,2023-04-17,78.0
TASA_POLITICA,2023-04-18,78.0
TASA_POLITICA,2023-04-19,78.0
TASA_POLITICA,2023-04-20,81.0
TASA_POLITICA,2023-04-21,81.0
TASA_POLITICA,2023-04-24,81.0
TASA_POLITICA,2023-04-25,81.0
TASA_POLITICA,2023-04-26,81.0
TASA_POLITICA,2023-04-27,91.0
TASA_POLITICA,2023-04-28,91.0
TASA_POLITICA,2023-05-02,91.0
TASA_POLITICA,2023-05-03,91.0
TASA_POLITICA,2023-05-04,91.0
TASA_POLITICA,2023-05-05,91.0
TASA_POLITICA,2023-05-08,91.0
TASA_POLITICA,2023-05-09,91.0
TASA_POLITICA,2023-05-10,91.0
TASA_POLITICA,2023-05-11,91.0
TASA_POLITICA,2023-05-12,91.0
TASA_POLITICA,2023-05-15,97.0
TASA_POLITICA,2023-05-16,97.0
TASA_POLITICA,2023-05-17,97.0
TASA_POLITICA,2023-05-18,97.0
TASA_POLITICA,2023-05-19,97.0
TASA_POLITICA,2023-05-22,97.0
TASA_POLITICA,2023-05-23,97.0
TASA_POLITICA,2023-05-24,97.0
TASA_POLITICA,2023-05-29,97.0
TASA_POLITICA,2023-05-30,97.0
TASA_POLITICA,2023-05-31,97.0
TASA_POLITICA,2023-06-01,97.0
TASA_POLITICA,2023-06-02,97.0
TASA_POLITICA,2023-06-05,97.0
TASA_POLITICA,2023-06-06,97.0
TASA_POLITICA,2023-06-07,97.0
TASA_POLITICA,2023-06-08,97.0
TASA_POLITICA,2023-06-09,97.0
TASA_POLITICA,2023-06-12,97.0
TASA_POLITICA,2023-06-13,97.0
TASA_POLITICA,2023-06-14,97.0
TASA_POLITICA,2023-06-15,97.0
TASA_POLITICA,2023-06-16,97.0
TASA_POLITICA,2023-06-21,97.0
TASA_POLITICA,2023-06-22,97.0
TASA_POLITICA,2023-06-23,97.0
TASA_POLITICA,2023-06-26,97.0
TASA_POLITICA,2023-06-27,97.0
TASA_POLITICA,2023-06-28,97.0
TASA_POLITICA,2023-06-29,97.0
TASA_POLITICA,2023-06-30,97.0
TASA_POLITICA,2023-07-03,97.0
TASA_POLITICA,2023-07-04,97.0
TASA_POLITICA,2023-07-05,97.0
TASA_POLITICA,2023-07-06,97.0
TASA_POLITICA,2023-07-07,97.0
TASA_POLITICA,2023-07-10,97.0
TASA_POLITICA,2023-07-11,97.0
TASA_POLITICA,2023-07-12,97.0
TASA_POLITICA,2023-07-13,97.0
TASA_POLITICA,2023-07-14,97.0
TASA_POLITICA,2023-07-17,97.0
TASA_POLITICA,2023-07-18,97.0
TASA_POLITICA,2023-07-19,97.0
TASA_POLITICA,2023-07-20,97.0
TASA_POLITICA,2023-07-21,97.0
TASA_POLITICA,2023-07-24,97.0
TASA_POLITICA,2023-07-25,97.0
TASA_POLITICA,2023-07-26,97.0
TASA_POLITICA,2023-07-27,97.0
TASA_POLITICA,2023-07-28,97.0
TASA_POLITICA,2023-07-31,97.0
TASA_POLITICA,2023-08-01,97.0
TASA_POLITICA,2023-08-02,97.0
TASA_POLITICA,2023-08-03,97.0
TASA_POLITICA,2023-08-04,97.0
TASA_POLITICA,2023-08-07,97.0
TASA_POLITICA,2023-08-08,97.0
TASA_POLITICA,2023-08-09,97.0
TASA_POLITICA,2023-08-10,97.0
TASA_POLITICA,2023-08-11,97.0
TASA_POLITICA,2023-08-14,118.0
TASA_POLITICA,2023-08-15,118.0
TASA_POLITICA,2023-08-16,118.0
TASA_POLITICA,2023-08-17,118.0
TASA_POLITICA,2023-08-18,118.0
TASA_POLITICA,2023-08-22,118.0
TASA_POLITICA,2023-08-23,118.0
TASA_POLITICA,2023-08-24,118.0
TASA_POLITICA,2023-08-25,118.0
TASA_POLITICA,2023-08-28,118.0
TASA_POLITICA,2023-08-29,118.0
TASA_POLITICA,2023-08-30,118.0
TASA_POLITICA,2023-08-31,118.0
TASA_POLITICA,2023-09-01,118.0
TASA_POLITICA,2023-09-04,118.0
TASA_POLITICA,2023-09-05,118.0
TASA_POLITICA,2023-09-06,118.0
TASA_POLITICA,2023-09-07,118.0
TASA_POLITICA,2023-09-08,118.0
TASA_POLITICA,2023-09-11,118.0
TASA_POLITICA,2023-09-12,118.0
TASA_POLITICA,2023-09-13,118.0
TASA_POLITICA,2023-09-14,118.0
TASA_POLITICA,2023-09-15,118.0
TASA_POLITICA,2023-09-18,118.0
TASA_POLITICA,2023-09-19,118.0
TASA_POLITICA,2023-09-20,118.0
TASA_POLITICA,2023-09-21,118.0
TASA_POLITICA,2023-09-22,118.0
TASA_POLITICA,2023-09-25,118.0
TASA_POLITICA,2023-09-26,118.0
TASA_POLITICA,2023-09-27,118.0
TASA_POLITICA,2023-09-28,118.0
TASA_POLITICA,2023-09-29,118.0
TASA_POLITICA,2023-10-02,118.0
TASA_POLITICA,2023-10-03,118.0
TASA_POLITICA,2023-10-04,118.0
TASA_POLITICA,2023-10-05,118.0
TASA_POLITICA,2023-10-06,118.0
TASA_POLITICA,2023-10-09,118.0
TASA_POLITICA,2023-10-10,118.0
TASA_POLITICA,2023-10-11,118.0
TASA_POLITICA,2023-10-12,133.0
TASA_POLITICA,2023-10-17,133.0
TASA_POLITICA,2023-10-18,133.0
TASA_POLITICA,2023-10-19,133.0
TASA_POLITICA,2023-10-20,133.0
TASA_POLITICA,2023-10-23,133.0
TASA_POLITICA,2023-10-24,133.0
TASA_POLITICA,2023-10-25,133.0
TASA_POLITICA,2023-10-26,133.0
TASA_POLITICA,2023-10-27,133.0
TASA_POLITICA,2023-10-30,133.0
TASA_POLITICA,2023-10-31,133.0
TASA_POLITICA,2023-11-01,133.0
TASA_POLITICA,2023-11-02,133.0
TASA_POLITICA,2023-11-03,133.0
TASA_POLITICA,2023-11-07,133.0
TASA_POLITICA,2023-11-08,133.0
TASA_POLITICA,2023-11-09,133.0
TASA_POLITICA,2023-11-10,133.0
TASA_POLITICA,2023-11-13,133.0
TASA_POLITICA,2023-11-14,133.0
TASA_POLITICA,2023-11-15,133.0
TASA_POLITICA,2023-11-16,133.0
TASA_POLITICA,2023-11-17,133.0
TASA_POLITICA,2023-11-21,133.0
TASA_POLITICA,2023-11-22,133.0
TASA_POLITICA,2023-11-23,133.0
TASA_POLITICA,2023-11-24,133.0
TASA_POLITICA,2023-11-27,133.0
TASA_POLITICA,2023-11-28,133.0
TASA_POLITICA,2023-11-29,133.0
TASA_POLITICA,2023-11-30,133.0
TASA_POLITICA,2023-12-01,133.0
TASA_POLITICA,2023-12-04,133.0
TASA_POLITICA,2023-12-05,133.0
TASA_POLITICA,2023-12-06,133.0
TASA_POLITICA,2023-12-07,133.0
TASA_POLITICA,2023-12-11,133.0
TASA_POLITICA,2023-12-12,133.0
TASA_POLITICA,2023-12-13,133.0
TASA_POLITICA,2023-12-14,133.0
TASA_POLITICA,2023-12-15,133.0
TASA_POLITICA,2023-12-18,100.0
TASA_POLITICA,2023-12-19,100.0
TASA_POLITICA,2023-12-20,100.0
TASA_POLITICA,2023-12-21,100.0
TASA_POLITICA,2023-12-22,100.0
TASA_POLITICA,2023-12-26,100.0
TASA_POLITICA,2023-12-27,100.0
TASA_POLITICA,2023-12-28,100.0
TASA_POLITICA,2023-12-29,100.0
TASA_POLITICA,2024-01-02,100.0
TASA_POLITICA,2024-01-03,100.0
TASA_POLITICA,2024-01-04,100.0
TASA_POLITICA,2024-01-05,100.0
TASA_POLITICA,2024-01-08,100.0
TASA_POLITICA,2024-01-09,100.0
TASA_POLITICA,2024-01-10,100.0
TASA_POLITICA,2024-01-11,100.0
TASA_POLITICA,2024-01-12,100.0
TASA_POLITICA,2024-01-15,100.0
TASA_POLITICA,2024-01-16,100.0
TASA_POLITICA,2024-01-17,100.0
TASA_POLITICA,2024-01-18,100.0
TASA_POLITICA,2024-01-19,100.0
TASA_POLITICA,2024-01-22,100.0
TASA_POLITICA,2024-01-23,100.0
TASA_POLITICA,2024-01-24,100.0
TASA_POLITICA,2024-01-25,100.0
TASA_POLITICA,2024-01-26,100.0
TASA_POLITICA,2024-01-29,100.0
TASA_POLITICA,2024-01-30,100.0
TASA_POLITICA,2024-01-31,100.0
TASA_POLITICA,2024-02-01,100.0
TASA_POLITICA,2024-02-02,100.0
TASA_POLITICA,2024-02-05,100.0
TASA_POLITICA,2024-02-06,100.0
TASA_POLITICA,2024-02-07,100.0
TASA_POLITICA,2024-02-08,100.0
TASA_POLITICA,2024-02-09,100.0
TASA_POLITICA,2024-02-14,100.0
TASA_POLITICA,2024-02-15,100.0
TASA_POLITICA,2024-02-16,100.0
TASA_POLITICA,2024-02-19,100.0
TASA_POLITICA,2024-02-20,100.0
TASA_POLITICA,2024-02-21,100.0
TASA_POLITICA,2024-02-22,100.0
TASA_POLITICA,2024-02-23,100.0
TASA_POLITICA,2024-02-26,100.0
TASA_POLITICA,2024-02-27,100.0
TASA_POLITICA,2024-02-28,100.0
TASA_POLITICA,2024-02-29,100.0
TASA_POLITICA,2024-03-01,100.0
TASA_POLITICA,2024-03-04,100.0
TASA_POLITICA,2024-03-05,100.0
TASA_POLITICA,2024-03-06,100.0
TASA_POLITICA,2024-03-07,100.0
TASA_POLITICA,2024-03-08,100.0
TASA_POLITICA,2024-03-11,100.0
TASA_POLITICA,2024-03-12,80.0
TASA_POLITICA,2024-03-13,80.0
TASA_POLITICA,2024-03-14,80.0
TASA_POLITICA,2024-03-15,80.0
TASA_POLITICA,2024-03-18,80.0
TASA_POLITICA,2024-03-19,80.0
TASA_POLITICA,2024-03-20,80.0
TASA_POLITICA,2024-03-21,80.0
TASA_POLITICA,2024-03-22,80.0
TASA_POLITICA,2024-03-25,80.0
TASA_POLITICA,2024-03-26,80.0
TASA_POLITICA,2024-03-27,80.0
TASA_POLITICA,2024-04-03,80.0
TASA_POLITICA,2024-04-04,80.0
TASA_POLITICA,2024-04-05,80.0
TASA_POLITICA,2024-04-08,80.0
TASA_POLITICA,2024-04-09,80.0
TASA_POLITICA,2024-04-10,80.0
TASA_POLITICA,2024-04-11,70.0
TASA_POLITICA,2024-04-12,70.0
TASA_POLITICA,2024-04-15,70.0
TASA_POLITICA,2024-04-16,70.0
TASA_POLITICA,2024-04-17,70.0
TASA_POLITICA,2024-04-18,70.0
TASA_POLITICA,2024-04-19,70.0
TASA_POLITICA,2024-04-22,70.0
TASA_POLITICA,2024-04-23,70.0
TASA_POLITICA,2024-04-24,70.0
TASA_POLITICA,2024-04-25,60.0
TASA_POLITICA,2024-04-26,60.0
TASA_POLITICA,2024-04-29,60.0
TASA_POLITICA,2024-04-30,60.0
TASA_POLITICA,2024-05-02,50.0
TASA_POLITICA,2024-05-03,50.0
TASA_POLITICA,2024-05-06,50.0
TASA_POLITICA,2024-05-07,50.0
TASA_POLITICA,2024-05-08,50.0
TASA_POLITICA,2024-05-09,50.0
TASA_POLITICA,2024-05-10,50.0
TASA_POLITICA,2024-05-13,50.0
TASA_POLITICA,2024-05-14,40.0
TASA_POLITICA,2024-05-15,40.0
TASA_POLITICA,2024-05-16,40.0
TASA_POLITICA,2024-05-17,40.0
TASA_POLITICA,2024-05-20,40.0
TASA_POLITICA,2024-05-21,40.0
TASA_POLITICA,2024-05-22,40.0
TASA_POLITICA,2024-05-23,40.0
TASA_POLITICA,2024-05-24,40.0
TASA_POLITICA,2024-05-27,40.0
TASA_POLITICA,2024-05-28,40.0
TASA_POLITICA,2024-05-29,40.0
TASA_POLITICA,2024-05-30,40.0
TASA_POLITICA,2024-05-31,40.0
TASA_POLITICA,2024-06-03,40.0
TASA_POLITICA,2024-06-04,40.0
TASA_POLITICA,2024-06-05,40.0
TASA_POLITICA,2024-06-06,40.0
TASA_POLITICA,2024-06-07,40.0
TASA_POLITICA,2024-06-10,40.0
TASA_POLITICA,2024-06-11,40.0
TASA_POLITICA,2024-06-12,40.0
TASA_POLITICA,2024-06-13,40.0
TASA_POLITICA,2024-06-14,40.0
TASA_POLITICA,2024-06-18,40.0
TASA_POLITICA,2024-06-19,40.0
TASA_POLITICA,2024-06-24,40.0
TASA_POLITICA,2024-06-25,40.0
TASA_POLITICA,2024-06-26,40.0
TASA_POLITICA,2024-06-27,40.0
TASA_POLITICA,2024-06-28,40.0
TASA_POLITICA,2024-07-01,40.0
TASA_POLITICA,2024-07-02,40.0
TASA_POLITICA,2024-07-03,40.0
TASA_POLITICA,2024-07-04,40.0
TASA_POLITICA,2024-07-05,40.0
TASA_POLITICA,2024-07-08,40.0
TASA_POLITICA,2024-07-10,40.0
TASA_POLITICA,2024-07-11,40.0
TASA_POLITICA,2024-07-12,40.0
TASA_POLITICA,2024-07-15,40.0
TASA_POLITICA,2024-07-16,40.0
TASA_POLITICA,2024-07-17,40.0
TASA_POLITICA,2024-07-18,40.0
TASA_POLITICA,2024-07-19,40.0
TASA_POLITICA,2024-07-22,40.0
TASA_POLITICA,2024-07-23,40.0
TASA_POLITICA,2024-07-24,40.0
TASA_POLITICA,2024-07-25,40.0
TASA_POLITICA,2024-07-26,40.0
TASA_POLITICA,2024-07-29,40.0
TASA_POLITICA,2024-07-30,40.0
TASA_POLITICA,2024-07-31,40.0
TASA_POLITICA,2024-08-01,40.0
TASA_POLITICA,2024-08-02,40.0
TASA_POLITICA,2024-08-05,40.0
TASA_POLITICA,2024-08-06,40.0
TASA_POLITICA,2024-08-07,40.0
TASA_POLITICA,2024-08-08,40.0
TASA_POLITICA,2024-08-09,40.0
TASA_POLITICA,2024-08-12,40.0
TASA_POLITICA,2024-08-13,40.0
TASA_POLITICA,2024-08-14,40.0
TASA_POLITICA,2024-08-15,40.0
TASA_POLITICA,2024-08-16,40.0
TASA_POLITICA,2024-08-19,40.0
TASA_POLITICA,2024-08-20,40.0
TASA_POLITICA,2024-08-21,40.0
TASA_POLITICA,2024-08-22,40.0
TASA_POLITICA,2024-08-23,40.0
TASA_POLITICA,2024-08-26,40.0
TASA_POLITICA,2024-08-27,40.0
TASA_POLITICA,2024-08-28,40.0
TASA_POLITICA,2024-08-29,40.0
TASA_POLITICA,2024-08-30,40.0
TASA_POLITICA,2024-09-02,40.0
TASA_POLITICA,2024-09-03,40.0
TASA_POLITICA,2024-09-04,40.0
TASA_POLITICA,2024-09-05,40.0
TASA_POLITICA,2024-09-06,40.0
TASA_POLITICA,2024-09-09,40.0
TASA_POLITICA,2024-09-10,40.0
TASA_POLITICA,2024-09-11,40.0
TASA_POLITICA,2024-09-12,40.0
TASA_POLITICA,2024-09-13,40.0
TASA_POLITICA,2024-09-16,40.0
TASA_POLITICA,2024-09-17,40.0
TASA_POLITICA,2024-09-18,40.0
TASA_POLITICA,2024-09-19,40.0
TASA_POLITICA,2024-09-20,40.0
TASA_POLITICA,2024-09-23,40.0
TASA_POLITICA,2024-09-24,40.0
TASA_POLITICA,2024-09-25,40.0
TASA_POLITICA,2024-09-26,40.0
TASA_POLITICA,2024-09-27,40.0
TASA_POLITICA,2024-09-30,40.0
TASA_POLITICA,2024-10-01,40.0
TASA_POLITICA,2024-10-02,40.0
TASA_POLITICA,2024-10-03,40.0
TASA_POLITICA,2024-10-04,40.0
TASA_POLITICA,2024-10-07,40.0
TASA_POLITICA,2024-10-08,40.0
TASA_POLITICA,2024-10-09,40.0
TASA_POLITICA,2024-10-10,40.0
TASA_POLITICA,2024-10-14,40.0
TASA_POLITICA,2024-10-15,40.0
TASA_POLITICA,2024-10-16,40.0
TASA_POLITICA,2024-10-17,40.0
TASA_POLITICA,2024-10-18,40.0
TASA_POLITICA,2024-10-21,40.0
TASA_POLITICA,2024-10-22,40.0
TASA_POLITICA,2024-10-23,40.0
TASA_POLITICA,2024-10-24,40.0
TASA_POLITICA,2024-10-25,40.0
TASA_POLITICA,2024-10-28,40.0
TASA_POLITICA,2024-10-29,40.0
TASA_POLITICA,2024-10-30,40.0
TASA_POLITICA,2024-10-31,40.0
TASA_POLITICA,2024-11-01,35.0
TASA_POLITICA,2024-11-04,35.0
TASA_POLITICA,2024-11-05,35.0
TASA_POLITICA,2024-11-07,35.0
TASA_POLITICA,2024-11-08,35.0
TASA_POLITICA,2024-11-11,35.0
TASA_POLITICA,2024-11-12,35.0
TASA_POLITICA,2024-11-13,35.0
TASA_POLITICA,2024-11-14,35.0
TASA_POLITICA,2024-11-15,35.0
TASA_POLITICA,2024-11-19,35.0
TASA_POLITICA,2024-11-20,35.0
TASA_POLITICA,2024-11-21,35.0
TASA_POLITICA,2024-11-22,35.0
TASA_POLITICA,2024-11-25,35.0
TASA_POLITICA,2024-11-26,35.0
TASA_POLITICA,2024-11-27,35.0
TASA_POLITICA,2024-11-28,35.0
TASA_POLITICA,2024-11-29,35.0
TASA_POLITICA,2024-12-02,35.0
TASA_POLITICA,2024-12-03,35.0
TASA_POLITICA,2024-12-04,35.0
TASA_POLITICA,2024-12-05,35.0
TASA_POLITICA,2024-12-06,32.0
TASA_POLITICA,2024-12-09,32.0
TASA_POLITICA,2024-12-10,32.0
TASA_POLITICA,2024-12-11,32.0
TASA_POLITICA,2024-12-12,32.0
TASA_POLITICA,2024-12-13,32.0
TASA_POLITICA,2024-12-16,32.0
TASA_POLITICA,2024-12-17,32.0
TASA_POLITICA,2024-12-18,32.0
TASA_POLITICA,2024-12-19,32.0
TASA_POLITICA,2024-12-20,32.0
TASA_POLITICA,2024-12-23,32.0
TASA_POLITICA,2024-12-26,32.0
TASA_POLITICA,2024-12-27,32.0
TASA_POLITICA,2024-12-30,32.0
TASA_POLITICA,2025-01-02,32.0
TASA_POLITICA,2025-01-03,32.0
TASA_POLITICA,2025-01-06,32.0
TASA_POLITICA,2025-01-07,32.0
TASA_POLITICA,2025-01-08,32.0
TASA_POLITICA,2025-01-09,32.0
TASA_POLITICA,2025-01-10,32.0
TASA_POLITICA,2025-01-13,32.0
TASA_POLITICA,2025-01-14,32.0
TASA_POLITICA,2025-01-15,32.0
TASA_POLITICA,2025-01-16,32.0
TASA_POLITICA,2025-01-17,32.0
TASA_POLITICA,2025-01-20,32.0
TASA_POLITICA,2025-01-21,32.0
TASA_POLITICA,2025-01-22,32.0
TASA_POLITICA,2025-01-23,32.0
TASA_POLITICA,2025-01-24,32.0
TASA_POLITICA,2025-01-27,32.0
TASA_POLITICA,2025-01-28,32.0
TASA_POLITICA,2025-01-29,32.0
TASA_POLITICA,2025-01-30,32.0
TASA_POLITICA,2025-01-31,29.0
TASA_POLITICA,2025-02-03,29.0
TASA_POLITICA,2025-02-04,29.0
TASA_POLITICA,2025-02-05,29.0
TASA_POLITICA,2025-02-06,29.0
TASA_POLITICA,2025-02-07,29.0
TASA_POLITICA,2025-02-10,29.0
TASA_POLITICA,2025-02-11,29.0
TASA_POLITICA,2025-02-12,29.0
TASA_POLITICA,2025-02-13,29.0
TASA_POLITICA,2025-02-14,29.0
TASA_POLITICA,2025-02-17,29.0
TASA_POLITICA,2025-02-18,29.0
TASA_POLITICA,2025-02-19,29.0
TASA_POLITICA,2025-02-20,29.0
TASA_POLITICA,2025-02-21,29.0
TASA_POLITICA,2025-02-24,29.0
TASA_POLITICA,2025-02-25,29.0
TASA_POLITICA,2025-02-26,29.0
TASA_POLITICA,2025-02-27,29.0
TASA_POLITICA,2025-02-28,29.0
TASA_POLITICA,2025-03-05,29.0
TASA_POLITICA,2025-03-06,29.0
TASA_POLITICA,2025-03-07,29.0
TASA_POLITICA,2025-03-10,29.0
TASA_POLITICA,2025-03-11,29.0
TASA_POLITICA,2025-03-12,29.0
TASA_POLITICA,2025-03-13,29.0
TASA_POLITICA,2025-03-14,29.0
TASA_POLITICA,2025-03-17,29.0
TASA_POLITICA,2025-03-18,29.0
TASA_POLITICA,2025-03-19,29.0
TASA_POLITICA,2025-03-20,29.0
TASA_POLITICA,2025-03-21,29.0
TASA_POLITICA,2025-03-25,29.0
TASA_POLITICA,2025-03-26,29.0
TASA_POLITICA,2025-03-27,29.0
TASA_POLITICA,2025-03-28,29.0
TASA_POLITICA,2025-03-31,29.0
TASA_POLITICA,2025-04-01,29.0
TASA_POLITICA,2025-04-03,29.0
TASA_POLITICA,2025-04-04,29.0
TASA_POLITICA,2025-04-07,29.0
TASA_POLITICA,2025-04-08,29.0
TASA_POLITICA,2025-04-09,29.0
TASA_POLITICA,2025-04-10,29.0
TASA_POLITICA,2025-04-11,29.0
TASA_POLITICA,2025-04-14,29.0
TASA_POLITICA,2025-04-15,29.0
TASA_POLITICA,2025-04-16,29.0
TASA_POLITICA,2025-04-21,29.0
TASA_POLITICA,2025-04-22,29.0
TASA_POLITICA,2025-04-23,29.0
TASA_POLITICA,2025-04-24,29.0
TASA_POLITICA,2025-04-25,29.0
TASA_POLITICA,2025-04-28,29.0
TASA_POLITICA,2025-04-29,29.0
TASA_POLITICA,2025-04-30,29.0
TASA_POLITICA,2025-05-05,29.0
TASA_POLITICA,2025-05-06,29.0
TASA_POLITICA,2025-05-07,29.0
TASA_POLITICA,2025-05-08,29.0
TASA_POLITICA,2025-05-09,29.0
TASA_POLITICA,2025-05-12,29.0
TASA_POLITICA,2025-05-13,29.0
TASA_POLITICA,2025-05-14,29.0
TASA_POLITICA,2025-05-15,29.0
TASA_POLITICA,2025-05-16,29.0
TASA_POLITICA,2025-05-19,29.0
TASA_POLITICA,2025-05-20,29.0
TASA_POLITICA,2025-05-21,29.0
TASA_POLITICA,2025-05-22,29.0
TASA_POLITICA,2025-05-23,29.0
TASA_POLITICA,2025-05-26,29.0
TASA_POLITICA,2025-05-27,29.0
TASA_POLITICA,2025-05-28,29.0
TASA_POLITICA,2025-05-29,29.0
TASA_POLITICA,2025-05-30,29.0
TASA_POLITICA,2025-06-02,29.0
TASA_POLITICA,2025-06-03,29.0
TASA_POLITICA,2025-06-04,29.0
TASA_POLITICA,2025-06-05,29.0
TASA_POLITICA,2025-06-06,29.0
TASA_POLITICA,2025-06-09,29.0
TASA_POLITICA,2025-06-10,29.0
TASA_POLITICA,2025-06-11,29.0
TASA_POLITICA,2025-06-12,29.0
TASA_POLITICA,2025-06-13,29.0
TASA_POLITICA,2025-06-17,29.0
TASA_POLITICA,2025-06-18,29.0
TASA_POLITICA,2025-06-19,29.0
TASA_POLITICA,2025-06-23,29.0
TASA_POLITICA,2025-06-24,29.0
TASA_POLITICA,2025-06-25,29.0
TASA_POLITICA,2025-06-26,29.0
TASA_POLITICA,2025-06-27,29.0
TASA_POLITICA,2025-06-30,29.0
TASA_POLITICA,2025-07-01,29.0
TASA_POLITICA,2025-07-02,29.0
TASA_POLITICA,2025-07-03,29.0
TASA_POLITICA,2025-07-04,29.0
TASA_POLITICA,2025-07-07,29.0
TASA_POLITICA,2025-07-08,29.0
TASA_POLITICA,2025-07-10,29.0
