fecha,variable,valor,etiqueta,unidad,fuente,tipo,agregacion
2016-06-01,BASE_MONETARIA,631231.0,Base monetaria (fin de mes),ARS mn,BCRA,stock,last
2016-07-01,BASE_MONETARIA,661130.0,Base monetaria (fin de mes),ARS mn,BCRA,stock,last
2016-08-01,BASE_MONETARIA,679730.0,Base monetaria (fin de mes),ARS mn,BCRA,stock,last
2016-09-01,BASE_MONETARIA,682655.0,Base monetaria (fin de mes),ARS mn,BCRA,stock,last
2016-10-01,BASE_MONETARIA,674209.0,Base monetaria (fin de mes),ARS mn,BCRA,stock,last
2016-11-01,BASE_MONETARIA,716689.0,Base monetaria (fin de mes),ARS mn,BCRA,stock,last
2016-12-01,BASE_MONETARIA,821664.0,Base monetaria (fin de mes),ARS mn,BCRA,stock,last
2017-01-01,BASE_MONETARIA,827889.0,Base monetaria (fin de mes),ARS mn,BCRA,stock,last
2017-02-01,BASE_MONETARIA,814742.0,Base monetaria (fin de mes),ARS mn,BCRA,stock,last
2017-03-01,BASE_MONETARIA,754752.0,Base monetaria (fin de mes),ARS mn,BCRA,stock,last
2017-04-01,BASE_MONETARIA,795910.0,Base monetaria (fin de mes),ARS mn,BCRA,stock,last
2017-05-01,BASE_MONETARIA,757087.0,Base monetaria (fin de mes),ARS mn,BCRA,stock,last
2017-06-01,BASE_MONETARIA,833104.0,Base monetaria (fin de mes),ARS mn,BCRA,stock,last
2017-07-01,BASE_MONETARIA,832274.0,Base monetaria (fin de mes),ARS mn,BCRA,stock,last
2017-08-01,BASE_MONETARIA,838398.0,Base monetaria (fin de mes),ARS mn,BCRA,stock,last
2017-09-01,BASE_MONETARIA,868105.0,Base monetaria (fin de mes),ARS mn,BCRA,stock,last
2017-10-01,BASE_MONETARIA,870104.0,Base monetaria (fin de mes),ARS mn,BCRA,stock,last
2017-11-01,BASE_MONETARIA,880313.0,Base monetaria (fin de mes),ARS mn,BCRA,stock,last
2017-12-01,BASE_MONETARIA,1001113.0,Base monetaria (fin de mes),ARS mn,BCRA,stock,last
2018-01-01,BASE_MONETARIA,966089.0,Base monetaria (fin de mes),ARS mn,BCRA,stock,last
2018-02-01,BASE_MONETARIA,1002919.0,Base monetaria (fin de mes),ARS mn,BCRA,stock,last
2018-03-01,BASE_MONETARIA,995473.0,Base monetaria (fin de mes),ARS mn,BCRA,stock,last
2018-04-01,BASE_MONETARIA,999359.0,Base monetaria (fin de mes),ARS mn,BCRA,stock,last
2018-05-01,BASE_MONETARIA,1020466.0,Base monetaria (fin de mes),ARS mn,BCRA,stock,last
2018-06-01,BASE_MONETARIA,1043632.0,Base monetaria (fin de mes),ARS mn,BCRA,stock,last
2018-07-01,BASE_MONETARIA,1066809.0,Base monetaria (fin de mes),ARS mn,BCRA,stock,last
2018-08-01,BASE_MONETARIA,1208276.0,Base monetaria (fin de mes),ARS mn,BCRA,stock,last
2018-09-01,BASE_MONETARIA,1249657.0,Base monetaria (fin de mes),ARS mn,BCRA,stock,last
2018-10-01,BASE_MONETARIA,1155082.0,Base monetaria (fin de mes),ARS mn,BCRA,stock,last
2018-11-01,BASE_MONETARIA,1238891.0,Base monetaria (fin de mes),ARS mn,BCRA,stock,last
2018-12-01,BASE_MONETARIA,1408977.0,Base monetaria (fin de mes),ARS mn,BCRA,stock,last
2019-01-01,BASE_MONETARIA,1352805.0,Base monetaria (fin de mes),ARS mn,BCRA,stock,last
2019-02-01,BASE_MONETARIA,1403081.0,Base monetaria (fin de mes),ARS mn,BCRA,stock,last
2019-03-01,BASE_MONETARIA,1351521.0,Base monetaria (fin de mes),ARS mn,BCRA,stock,last
2019-04-01,BASE_MONETARIA,1402919.0,Base monetaria (fin de mes),ARS mn,BCRA,stock,last
2019-05-01,BASE_MONETARIA,1356452.0,Base monetaria (fin de mes),ARS mn,BCRA,stock,last
2019-06-01,BASE_MONETARIA,1375803.0,Base monetaria (fin de mes),ARS mn,BCRA,stock,last
2019-07-01,BASE_MONETARIA,1339297.0,Base monetaria (fin de mes),ARS mn,BCRA,stock,last
2019-08-01,BASE_MONETARIA,1296173.0,Base monetaria (fin de mes),ARS mn,BCRA,stock,last
2019-09-01,BASE_MONETARIA,1310029.0,Base monetaria (fin de mes),ARS mn,BCRA,stock,last
2019-10-01,BASE_MONETARIA,1387243.0,Base monetaria (fin de mes),ARS mn,BCRA,stock,last
2019-11-01,BASE_MONETARIA,1671621.0,Base monetaria (fin de mes),ARS mn,BCRA,stock,last
2019-12-01,BASE_MONETARIA,1895381.0,Base monetaria (fin de mes),ARS mn,BCRA,stock,last
2020-01-01,BASE_MONETARIA,1708871.0,Base monetaria (fin de mes),ARS mn,BCRA,stock,last
2020-02-01,BASE_MONETARIA,1716134.0,Base monetaria (fin de mes),ARS mn,BCRA,stock,last
2020-03-01,BASE_MONETARIA,2292083.0,Base monetaria (fin de mes),ARS mn,BCRA,stock,last
2020-04-01,BASE_MONETARIA,1867128.0,Base monetaria (fin de mes),ARS mn,BCRA,stock,last
2020-05-01,BASE_MONETARIA,2131292.0,Base monetaria (fin de mes),ARS mn,BCRA,stock,last
2020-06-01,BASE_MONETARIA,2164501.0,Base monetaria (fin de mes),ARS mn,BCRA,stock,last
2020-07-01,BASE_MONETARIA,2428900.0,Base monetaria (fin de mes),ARS mn,BCRA,stock,last
2020-08-01,BASE_MONETARIA,2287225.0,Base monetaria (fin de mes),ARS mn,BCRA,stock,last
2020-09-01,BASE_MONETARIA,2393695.0,Base monetaria (fin de mes),ARS mn,BCRA,stock,last
2020-10-01,BASE_MONETARIA,2225061.0,Base monetaria (fin de mes),ARS mn,BCRA,stock,last
2020-11-01,BASE_MONETARIA,2227275.0,Base monetaria (fin de mes),ARS mn,BCRA,stock,last
2020-12-01,BASE_MONETARIA,2470260.0,Base monetaria (fin de mes),ARS mn,BCRA,stock,last
2021-01-01,BASE_MONETARIA,2481310.0,Base monetaria (fin de mes),ARS mn,BCRA,stock,last
2021-02-01,BASE_MONETARIA,2408886.0,Base monetaria (fin de mes),ARS mn,BCRA,stock,last
2021-03-01,BASE_MONETARIA,2432295.0,Base monetaria (fin de mes),ARS mn,BCRA,stock,last
2021-04-01,BASE_MONETARIA,2370115.0,Base monetaria (fin de mes),ARS mn,BCRA,stock,last
2021-05-01,BASE_MONETARIA,2517197.0,Base monetaria (fin de mes),ARS mn,BCRA,stock,last
2021-06-01,BASE_MONETARIA,2735557.0,Base monetaria (fin de mes),ARS mn,BCRA,stock,last
2021-07-01,BASE_MONETARIA,2783078.0,Base monetaria (fin de mes),ARS mn,BCRA,stock,last
2021-08-01,BASE_MONETARIA,2866832.0,Base monetaria (fin de mes),ARS mn,BCRA,stock,last
2021-09-01,BASE_MONETARIA,2940337.0,Base monetaria (fin de mes),ARS mn,BCRA,stock,last
2021-10-01,BASE_MONETARIA,3009289.0,Base monetaria (fin de mes),ARS mn,BCRA,stock,last
2021-11-01,BASE_MONETARIA,3136142.0,Base monetaria (fin de mes),ARS mn,BCRA,stock,last
2021-12-01,BASE_MONETARIA,3654036.0,Base monetaria (fin de mes),ARS mn,BCRA,stock,last
2022-01-01,BASE_MONETARIA,3631047.0,Base monetaria (fin de mes),ARS mn,BCRA,stock,last
2022-02-01,BASE_MONETARIA,3672002.0,Base monetaria (fin de mes),ARS mn,BCRA,stock,last
2022-03-01,BASE_MONETARIA,3513786.0,Base monetaria (fin de mes),ARS mn,BCRA,stock,last
2022-04-01,BASE_MONETARIA,3509534.0,Base monetaria (fin de mes),ARS mn,BCRA,stock,last
2022-05-01,BASE_MONETARIA,3767808.0,Base monetaria (fin de mes),ARS mn,BCRA,stock,last
2022-06-01,BASE_MONETARIA,3981921.0,Base monetaria (fin de mes),ARS mn,BCRA,stock,last
2022-07-01,BASE_MONETARIA,4316999.0,Base monetaria (fin de mes),ARS mn,BCRA,stock,last
2022-08-01,BASE_MONETARIA,4191384.0,Base monetaria (fin de mes),ARS mn,BCRA,stock,last
2022-09-01,BASE_MONETARIA,4099049.0,Base monetaria (fin de mes),ARS mn,BCRA,stock,last
2022-10-01,BASE_MONETARIA,4298889.0,Base monetaria (fin de mes),ARS mn,BCRA,stock,last
2022-11-01,BASE_MONETARIA,4507746.0,Base monetaria (fin de mes),ARS mn,BCRA,stock,last
2022-12-01,BASE_MONETARIA,5203752.0,Base monetaria (fin de mes),ARS mn,BCRA,stock,last
2023-01-01,BASE_MONETARIA,5316722.0,Base monetaria (fin de mes),ARS mn,BCRA,stock,last
2023-02-01,BASE_MONETARIA,5219956.0,Base monetaria (fin de mes),ARS mn,BCRA,stock,last
2023-03-01,BASE_MONETARIA,5369482.0,Base monetaria (fin de mes),ARS mn,BCRA,stock,last
2023-04-01,BASE_MONETARIA,5366598.0,Base monetaria (fin de mes),ARS mn,BCRA,stock,last
2023-05-01,BASE_MONETARIA,5576415.0,Base monetaria (fin de mes),ARS mn,BCRA,stock,last
2023-06-01,BASE_MONETARIA,5885739.0,Base monetaria (fin de mes),ARS mn,BCRA,stock,last
2023-07-01,BASE_MONETARIA,6392700.0,Base monetaria (fin de mes),ARS mn,BCRA,stock,last
2023-08-01,BASE_MONETARIA,6621931.0,Base monetaria (fin de mes),ARS mn,BCRA,stock,last
2023-09-01,BASE_MONETARIA,6828209.0,Base monetaria (fin de mes),ARS mn,BCRA,stock,last
2023-10-01,BASE_MONETARIA,7237385.0,Base monetaria (fin de mes),ARS mn,BCRA,stock,last
2023-11-01,BASE_MONETARIA,8973530.0,Base monetaria (fin de mes),ARS mn,BCRA,stock,last
2023-12-01,BASE_MONETARIA,9607992.0,Base monetaria (fin de mes),ARS mn,BCRA,stock,last
2024-01-01,BASE_MONETARIA,10923532.0,Base monetaria (fin de mes),ARS mn,BCRA,stock,last
2024-02-01,BASE_MONETARIA,10541474.0,Base monetaria (fin de mes),ARS mn,BCRA,stock,last
2024-03-01,BASE_MONETARIA,12463695.0,Base monetaria (fin de mes),ARS mn,BCRA,stock,last
2024-04-01,BASE_MONETARIA,14969070.0,Base monetaria (fin de mes),ARS mn,BCRA,stock,last
2024-05-01,BASE_MONETARIA,17151691.0,Base monetaria (fin de mes),ARS mn,BCRA,stock,last
2024-06-01,BASE_MONETARIA,20182490.0,Base monetaria (fin de mes),ARS mn,BCRA,stock,last
2024-07-01,BASE_MONETARIA,21822977.0,Base monetaria (fin de mes),ARS mn,BCRA,stock,last
2024-08-01,BASE_MONETARIA,21953008.0,Base monetaria (fin de mes),ARS mn,BCRA,stock,last
2024-09-01,BASE_MONETARIA,22396060.0,Base monetaria (fin de mes),ARS mn,BCRA,stock,last
2024-10-01,BASE_MONETARIA,22715300.0,Base monetaria (fin de mes),ARS mn,BCRA,stock,last
2024-11-01,BASE_MONETARIA,23823912.0,Base monetaria (fin de mes),ARS mn,BCRA,stock,last
2024-12-01,BASE_MONETARIA,29728575.0,Base monetaria (fin de mes),ARS mn,BCRA,stock,last
2025-01-01,BASE_MONETARIA,30246597.0,Base monetaria (fin de mes),ARS mn,BCRA,stock,last
2025-02-01,BASE_MONETARIA,30282166.0,Base monetaria (fin de mes),ARS mn,BCRA,stock,last
2025-03-01,BASE_MONETARIA,30534180.0,Base monetaria (fin de mes),ARS mn,BCRA,stock,last
2025-04-01,BASE_MONETARIA,32698982.0,Base monetaria (fin de mes),ARS mn,BCRA,stock,last
2025-05-01,BASE_MONETARIA,34940118.0,Base monetaria (fin de mes),ARS mn,BCRA,stock,last
2025-06-01,BASE_MONETARIA,37175626.0,Base monetaria (fin de mes),ARS mn,BCRA,stock,last
2025-07-01,BASE_MONETARIA,40113368.0,Base monetaria (fin de mes),ARS mn,BCRA,stock,last
2025-08-01,BASE_MONETARIA,44259863.0,Base monetaria (fin de mes),ARS mn,BCRA,stock,last
2025-09-01,BASE_MONETARIA,42295612.0,Base monetaria (fin de mes),ARS mn,BCRA,stock,last
2025-10-01,BASE_MONETARIA,41327194.0,Base monetaria (fin de mes),ARS mn,BCRA,stock,last
2025-11-01,BASE_MONETARIA,40926609.0,Base monetaria (fin de mes),ARS mn,BCRA,stock,last
2025-12-01,BASE_MONETARIA,42956965.0,Base monetaria (fin de mes),ARS mn,BCRA,stock,last
2026-01-01,BASE_MONETARIA,42812343.0,Base monetaria (fin de mes),ARS mn,BCRA,stock,last
2026-02-01,BASE_MONETARIA,40986704.0,Base monetaria (fin de mes),ARS mn,BCRA,stock,last
2026-03-01,BASE_MONETARIA,41277771.0,Base monetaria (fin de mes),ARS mn,BCRA,stock,last
2026-04-01,BASE_MONETARIA,42132457.0,Base monetaria (fin de mes),ARS mn,BCRA,stock,last
2026-05-01,BASE_MONETARIA,41975464.0,Base monetaria (fin de mes),ARS mn,BCRA,stock,last
2026-06-01,BASE_MONETARIA,45711975.0,Base monetaria (fin de mes),ARS mn,BCRA,stock,last
2026-07-01,BASE_MONETARIA,46193622.0,Base monetaria (fin de mes),ARS mn,BCRA,stock,last
2026-08-01,BASE_MONETARIA,47451537.0,Base monetaria (fin de mes),ARS mn,BCRA,stock,last
2026-09-01,BASE_MONETARIA,46909419.0,Base monetaria (fin de mes),ARS mn,BCRA,stock,last
2016-06-01,BRECHA_BLUE,1.4955140845874049,Brecha entre dólar blue y mayorista oficial (promedio del mes),%,Calculada: CCL (ArgentinaDatos) / mayorista (BCRA),indicador,mean
2016-07-01,BRECHA_BLUE,1.6235405084816883,Brecha entre dólar blue y mayorista oficial (promedio del mes),%,Calculada: CCL (ArgentinaDatos) / mayorista (BCRA),indicador,mean
2016-08-01,BRECHA_BLUE,2.2314819389596505,Brecha entre dólar blue y mayorista oficial (promedio del mes),%,Calculada: CCL (ArgentinaDatos) / mayorista (BCRA),indicador,mean
2016-09-01,BRECHA_BLUE,2.326680367031113,Brecha entre dólar blue y mayorista oficial (promedio del mes),%,Calculada: CCL (ArgentinaDatos) / mayorista (BCRA),indicador,mean
2016-10-01,BRECHA_BLUE,5.395441437554145,Brecha entre dólar blue y mayorista oficial (promedio del mes),%,Calculada: CCL (ArgentinaDatos) / mayorista (BCRA),indicador,mean
2016-11-01,BRECHA_BLUE,1.8020889578613841,Brecha entre dólar blue y mayorista oficial (promedio del mes),%,Calculada: CCL (ArgentinaDatos) / mayorista (BCRA),indicador,mean
2016-12-01,BRECHA_BLUE,4.893905217140185,Brecha entre dólar blue y mayorista oficial (promedio del mes),%,Calculada: CCL (ArgentinaDatos) / mayorista (BCRA),indicador,mean
2017-01-01,BRECHA_BLUE,6.8759798278788615,Brecha entre dólar blue y mayorista oficial (promedio del mes),%,Calculada: CCL (ArgentinaDatos) / mayorista (BCRA),indicador,mean
2017-02-01,BRECHA_BLUE,3.285164061514667,Brecha entre dólar blue y mayorista oficial (promedio del mes),%,Calculada: CCL (ArgentinaDatos) / mayorista (BCRA),indicador,mean
2017-03-01,BRECHA_BLUE,3.071224884385711,Brecha entre dólar blue y mayorista oficial (promedio del mes),%,Calculada: CCL (ArgentinaDatos) / mayorista (BCRA),indicador,mean
2017-04-01,BRECHA_BLUE,4.170204320211086,Brecha entre dólar blue y mayorista oficial (promedio del mes),%,Calculada: CCL (ArgentinaDatos) / mayorista (BCRA),indicador,mean
2017-05-01,BRECHA_BLUE,1.961947524009119,Brecha entre dólar blue y mayorista oficial (promedio del mes),%,Calculada: CCL (ArgentinaDatos) / mayorista (BCRA),indicador,mean
2017-06-01,BRECHA_BLUE,2.217228317171485,Brecha entre dólar blue y mayorista oficial (promedio del mes),%,Calculada: CCL (ArgentinaDatos) / mayorista (BCRA),indicador,mean
2017-07-01,BRECHA_BLUE,2.6235943026237654,Brecha entre dólar blue y mayorista oficial (promedio del mes),%,Calculada: CCL (ArgentinaDatos) / mayorista (BCRA),indicador,mean
2017-08-01,BRECHA_BLUE,3.3687723696692937,Brecha entre dólar blue y mayorista oficial (promedio del mes),%,Calculada: CCL (ArgentinaDatos) / mayorista (BCRA),indicador,mean
2017-09-01,BRECHA_BLUE,4.379234183228938,Brecha entre dólar blue y mayorista oficial (promedio del mes),%,Calculada: CCL (ArgentinaDatos) / mayorista (BCRA),indicador,mean
2017-10-01,BRECHA_BLUE,3.139198540001305,Brecha entre dólar blue y mayorista oficial (promedio del mes),%,Calculada: CCL (ArgentinaDatos) / mayorista (BCRA),indicador,mean
2017-11-01,BRECHA_BLUE,2.9040462810880454,Brecha entre dólar blue y mayorista oficial (promedio del mes),%,Calculada: CCL (ArgentinaDatos) / mayorista (BCRA),indicador,mean
2017-12-01,BRECHA_BLUE,2.3364691975427156,Brecha entre dólar blue y mayorista oficial (promedio del mes),%,Calculada: CCL (ArgentinaDatos) / mayorista (BCRA),indicador,mean
2018-01-01,BRECHA_BLUE,1.04801833050771,Brecha entre dólar blue y mayorista oficial (promedio del mes),%,Calculada: CCL (ArgentinaDatos) / mayorista (BCRA),indicador,mean
2018-02-01,BRECHA_BLUE,0.8136431834782392,Brecha entre dólar blue y mayorista oficial (promedio del mes),%,Calculada: CCL (ArgentinaDatos) / mayorista (BCRA),indicador,mean
2018-03-01,BRECHA_BLUE,3.2720641367937757,Brecha entre dólar blue y mayorista oficial (promedio del mes),%,Calculada: CCL (ArgentinaDatos) / mayorista (BCRA),indicador,mean
2018-04-01,BRECHA_BLUE,3.7851702531857505,Brecha entre dólar blue y mayorista oficial (promedio del mes),%,Calculada: CCL (ArgentinaDatos) / mayorista (BCRA),indicador,mean
2018-05-01,BRECHA_BLUE,2.96590673534336,Brecha entre dólar blue y mayorista oficial (promedio del mes),%,Calculada: CCL (ArgentinaDatos) / mayorista (BCRA),indicador,mean
2018-06-01,BRECHA_BLUE,2.9181907969337404,Brecha entre dólar blue y mayorista oficial (promedio del mes),%,Calculada: CCL (ArgentinaDatos) / mayorista (BCRA),indicador,mean
2018-07-01,BRECHA_BLUE,4.646710426115257,Brecha entre dólar blue y mayorista oficial (promedio del mes),%,Calculada: CCL (ArgentinaDatos) / mayorista (BCRA),indicador,mean
2018-08-01,BRECHA_BLUE,1.8373548537013447,Brecha entre dólar blue y mayorista oficial (promedio del mes),%,Calculada: CCL (ArgentinaDatos) / mayorista (BCRA),indicador,mean
2018-09-01,BRECHA_BLUE,1.5963201415664423,Brecha entre dólar blue y mayorista oficial (promedio del mes),%,Calculada: CCL (ArgentinaDatos) / mayorista (BCRA),indicador,mean
2018-10-01,BRECHA_BLUE,2.381960858419938,Brecha entre dólar blue y mayorista oficial (promedio del mes),%,Calculada: CCL (ArgentinaDatos) / mayorista (BCRA),indicador,mean
2018-11-01,BRECHA_BLUE,0.030181336078155832,Brecha entre dólar blue y mayorista oficial (promedio del mes),%,Calculada: CCL (ArgentinaDatos) / mayorista (BCRA),indicador,mean
2018-12-01,BRECHA_BLUE,1.0371280624484804,Brecha entre dólar blue y mayorista oficial (promedio del mes),%,Calculada: CCL (ArgentinaDatos) / mayorista (BCRA),indicador,mean
2019-01-01,BRECHA_BLUE,4.258522175552899,Brecha entre dólar blue y mayorista oficial (promedio del mes),%,Calculada: CCL (ArgentinaDatos) / mayorista (BCRA),indicador,mean
2019-02-01,BRECHA_BLUE,-0.015322820637687085,Brecha entre dólar blue y mayorista oficial (promedio del mes),%,Calculada: CCL (ArgentinaDatos) / mayorista (BCRA),indicador,mean
2019-03-01,BRECHA_BLUE,0.2791310423966456,Brecha entre dólar blue y mayorista oficial (promedio del mes),%,Calculada: CCL (ArgentinaDatos) / mayorista (BCRA),indicador,mean
2019-04-01,BRECHA_BLUE,2.7707826679645424,Brecha entre dólar blue y mayorista oficial (promedio del mes),%,Calculada: CCL (ArgentinaDatos) / mayorista (BCRA),indicador,mean
2019-05-01,BRECHA_BLUE,2.3781147131309583,Brecha entre dólar blue y mayorista oficial (promedio del mes),%,Calculada: CCL (ArgentinaDatos) / mayorista (BCRA),indicador,mean
2019-06-01,BRECHA_BLUE,3.0282010903385226,Brecha entre dólar blue y mayorista oficial (promedio del mes),%,Calculada: CCL (ArgentinaDatos) / mayorista (BCRA),indicador,mean
2019-07-01,BRECHA_BLUE,3.087603263140948,Brecha entre dólar blue y mayorista oficial (promedio del mes),%,Calculada: CCL (ArgentinaDatos) / mayorista (BCRA),indicador,mean
2019-08-01,BRECHA_BLUE,3.2635159812134047,Brecha entre dólar blue y mayorista oficial (promedio del mes),%,Calculada: CCL (ArgentinaDatos) / mayorista (BCRA),indicador,mean
2019-09-01,BRECHA_BLUE,8.2941143456223,Brecha entre dólar blue y mayorista oficial (promedio del mes),%,Calculada: CCL (ArgentinaDatos) / mayorista (BCRA),indicador,mean
2019-10-01,BRECHA_BLUE,11.614004951309857,Brecha entre dólar blue y mayorista oficial (promedio del mes),%,Calculada: CCL (ArgentinaDatos) / mayorista (BCRA),indicador,mean
2019-11-01,BRECHA_BLUE,11.88943784717216,Brecha entre dólar blue y mayorista oficial (promedio del mes),%,Calculada: CCL (ArgentinaDatos) / mayorista (BCRA),indicador,mean
2019-12-01,BRECHA_BLUE,20.499004207558745,Brecha entre dólar blue y mayorista oficial (promedio del mes),%,Calculada: CCL (ArgentinaDatos) / mayorista (BCRA),indicador,mean
2020-01-01,BRECHA_BLUE,29.065741988933848,Brecha entre dólar blue y mayorista oficial (promedio del mes),%,Calculada: CCL (ArgentinaDatos) / mayorista (BCRA),indicador,mean
2020-02-01,BRECHA_BLUE,27.600932610605835,Brecha entre dólar blue y mayorista oficial (promedio del mes),%,Calculada: CCL (ArgentinaDatos) / mayorista (BCRA),indicador,mean
2020-03-01,BRECHA_BLUE,30.042845712701144,Brecha entre dólar blue y mayorista oficial (promedio del mes),%,Calculada: CCL (ArgentinaDatos) / mayorista (BCRA),indicador,mean
2020-04-01,BRECHA_BLUE,52.24082863341808,Brecha entre dólar blue y mayorista oficial (promedio del mes),%,Calculada: CCL (ArgentinaDatos) / mayorista (BCRA),indicador,mean
2020-05-01,BRECHA_BLUE,85.4922719693287,Brecha entre dólar blue y mayorista oficial (promedio del mes),%,Calculada: CCL (ArgentinaDatos) / mayorista (BCRA),indicador,mean
2020-06-01,BRECHA_BLUE,80.98017367953135,Brecha entre dólar blue y mayorista oficial (promedio del mes),%,Calculada: CCL (ArgentinaDatos) / mayorista (BCRA),indicador,mean
2020-07-01,BRECHA_BLUE,83.45532270303367,Brecha entre dólar blue y mayorista oficial (promedio del mes),%,Calculada: CCL (ArgentinaDatos) / mayorista (BCRA),indicador,mean
2020-08-01,BRECHA_BLUE,82.67930300524242,Brecha entre dólar blue y mayorista oficial (promedio del mes),%,Calculada: CCL (ArgentinaDatos) / mayorista (BCRA),indicador,mean
2020-09-01,BRECHA_BLUE,83.40734363400848,Brecha entre dólar blue y mayorista oficial (promedio del mes),%,Calculada: CCL (ArgentinaDatos) / mayorista (BCRA),indicador,mean
2020-10-01,BRECHA_BLUE,119.86363605215294,Brecha entre dólar blue y mayorista oficial (promedio del mes),%,Calculada: CCL (ArgentinaDatos) / mayorista (BCRA),indicador,mean
2020-11-01,BRECHA_BLUE,100.9268659597424,Brecha entre dólar blue y mayorista oficial (promedio del mes),%,Calculada: CCL (ArgentinaDatos) / mayorista (BCRA),indicador,mean
2020-12-01,BRECHA_BLUE,85.3137252289493,Brecha entre dólar blue y mayorista oficial (promedio del mes),%,Calculada: CCL (ArgentinaDatos) / mayorista (BCRA),indicador,mean
2021-01-01,BRECHA_BLUE,83.88967392030533,Brecha entre dólar blue y mayorista oficial (promedio del mes),%,Calculada: CCL (ArgentinaDatos) / mayorista (BCRA),indicador,mean
2021-02-01,BRECHA_BLUE,68.25467860356648,Brecha entre dólar blue y mayorista oficial (promedio del mes),%,Calculada: CCL (ArgentinaDatos) / mayorista (BCRA),indicador,mean
2021-03-01,BRECHA_BLUE,57.59247582755461,Brecha entre dólar blue y mayorista oficial (promedio del mes),%,Calculada: CCL (ArgentinaDatos) / mayorista (BCRA),indicador,mean
2021-04-01,BRECHA_BLUE,57.40907654712005,Brecha entre dólar blue y mayorista oficial (promedio del mes),%,Calculada: CCL (ArgentinaDatos) / mayorista (BCRA),indicador,mean
2021-05-01,BRECHA_BLUE,63.195743985621995,Brecha entre dólar blue y mayorista oficial (promedio del mes),%,Calculada: CCL (ArgentinaDatos) / mayorista (BCRA),indicador,mean
2021-06-01,BRECHA_BLUE,70.05390609011098,Brecha entre dólar blue y mayorista oficial (promedio del mes),%,Calculada: CCL (ArgentinaDatos) / mayorista (BCRA),indicador,mean
2021-07-01,BRECHA_BLUE,84.89787466645771,Brecha entre dólar blue y mayorista oficial (promedio del mes),%,Calculada: CCL (ArgentinaDatos) / mayorista (BCRA),indicador,mean
2021-08-01,BRECHA_BLUE,85.94080284170721,Brecha entre dólar blue y mayorista oficial (promedio del mes),%,Calculada: CCL (ArgentinaDatos) / mayorista (BCRA),indicador,mean
2021-09-01,BRECHA_BLUE,87.43874448776485,Brecha entre dólar blue y mayorista oficial (promedio del mes),%,Calculada: CCL (ArgentinaDatos) / mayorista (BCRA),indicador,mean
2021-10-01,BRECHA_BLUE,90.73695316875911,Brecha entre dólar blue y mayorista oficial (promedio del mes),%,Calculada: CCL (ArgentinaDatos) / mayorista (BCRA),indicador,mean
2021-11-01,BRECHA_BLUE,99.99804388013912,Brecha entre dólar blue y mayorista oficial (promedio del mes),%,Calculada: CCL (ArgentinaDatos) / mayorista (BCRA),indicador,mean
2021-12-01,BRECHA_BLUE,96.62842730440164,Brecha entre dólar blue y mayorista oficial (promedio del mes),%,Calculada: CCL (ArgentinaDatos) / mayorista (BCRA),indicador,mean
2022-01-01,BRECHA_BLUE,103.81382786838077,Brecha entre dólar blue y mayorista oficial (promedio del mes),%,Calculada: CCL (ArgentinaDatos) / mayorista (BCRA),indicador,mean
2022-02-01,BRECHA_BLUE,101.07715360972678,Brecha entre dólar blue y mayorista oficial (promedio del mes),%,Calculada: CCL (ArgentinaDatos) / mayorista (BCRA),indicador,mean
2022-03-01,BRECHA_BLUE,84.30546518681041,Brecha entre dólar blue y mayorista oficial (promedio del mes),%,Calculada: CCL (ArgentinaDatos) / mayorista (BCRA),indicador,mean
2022-04-01,BRECHA_BLUE,76.18237407041293,Brecha entre dólar blue y mayorista oficial (promedio del mes),%,Calculada: CCL (ArgentinaDatos) / mayorista (BCRA),indicador,mean
2022-05-01,BRECHA_BLUE,73.51693690390682,Brecha entre dólar blue y mayorista oficial (promedio del mes),%,Calculada: CCL (ArgentinaDatos) / mayorista (BCRA),indicador,mean
2022-06-01,BRECHA_BLUE,77.89721557924743,Brecha entre dólar blue y mayorista oficial (promedio del mes),%,Calculada: CCL (ArgentinaDatos) / mayorista (BCRA),indicador,mean
2022-07-01,BRECHA_BLUE,126.13176935173512,Brecha entre dólar blue y mayorista oficial (promedio del mes),%,Calculada: CCL (ArgentinaDatos) / mayorista (BCRA),indicador,mean
2022-08-01,BRECHA_BLUE,116.42010226772642,Brecha entre dólar blue y mayorista oficial (promedio del mes),%,Calculada: CCL (ArgentinaDatos) / mayorista (BCRA),indicador,mean
2022-09-01,BRECHA_BLUE,95.92043621730613,Brecha entre dólar blue y mayorista oficial (promedio del mes),%,Calculada: CCL (ArgentinaDatos) / mayorista (BCRA),indicador,mean
2022-10-01,BRECHA_BLUE,88.85560858589017,Brecha entre dólar blue y mayorista oficial (promedio del mes),%,Calculada: CCL (ArgentinaDatos) / mayorista (BCRA),indicador,mean
2022-11-01,BRECHA_BLUE,86.10947348905486,Brecha entre dólar blue y mayorista oficial (promedio del mes),%,Calculada: CCL (ArgentinaDatos) / mayorista (BCRA),indicador,mean
2022-12-01,BRECHA_BLUE,89.53867371877428,Brecha entre dólar blue y mayorista oficial (promedio del mes),%,Calculada: CCL (ArgentinaDatos) / mayorista (BCRA),indicador,mean
2023-01-01,BRECHA_BLUE,102.2732659071046,Brecha entre dólar blue y mayorista oficial (promedio del mes),%,Calculada: CCL (ArgentinaDatos) / mayorista (BCRA),indicador,mean
2023-02-01,BRECHA_BLUE,96.98024810120529,Brecha entre dólar blue y mayorista oficial (promedio del mes),%,Calculada: CCL (ArgentinaDatos) / mayorista (BCRA),indicador,mean
2023-03-01,BRECHA_BLUE,88.45151294538806,Brecha entre dólar blue y mayorista oficial (promedio del mes),%,Calculada: CCL (ArgentinaDatos) / mayorista (BCRA),indicador,mean
2023-04-01,BRECHA_BLUE,96.03709291196975,Brecha entre dólar blue y mayorista oficial (promedio del mes),%,Calculada: CCL (ArgentinaDatos) / mayorista (BCRA),indicador,mean
2023-05-01,BRECHA_BLUE,108.14598893039663,Brecha entre dólar blue y mayorista oficial (promedio del mes),%,Calculada: CCL (ArgentinaDatos) / mayorista (BCRA),indicador,mean
2023-06-01,BRECHA_BLUE,97.09776755507613,Brecha entre dólar blue y mayorista oficial (promedio del mes),%,Calculada: CCL (ArgentinaDatos) / mayorista (BCRA),indicador,mean
2023-07-01,BRECHA_BLUE,94.70894849156073,Brecha entre dólar blue y mayorista oficial (promedio del mes),%,Calculada: CCL (ArgentinaDatos) / mayorista (BCRA),indicador,mean
2023-08-01,BRECHA_BLUE,108.97106982852101,Brecha entre dólar blue y mayorista oficial (promedio del mes),%,Calculada: CCL (ArgentinaDatos) / mayorista (BCRA),indicador,mean
2023-09-01,BRECHA_BLUE,111.40235830452242,Brecha entre dólar blue y mayorista oficial (promedio del mes),%,Calculada: CCL (ArgentinaDatos) / mayorista (BCRA),indicador,mean
2023-10-01,BRECHA_BLUE,176.06975977509467,Brecha entre dólar blue y mayorista oficial (promedio del mes),%,Calculada: CCL (ArgentinaDatos) / mayorista (BCRA),indicador,mean
2023-11-01,BRECHA_BLUE,170.35397271764165,Brecha entre dólar blue y mayorista oficial (promedio del mes),%,Calculada: CCL (ArgentinaDatos) / mayorista (BCRA),indicador,mean
2023-12-01,BRECHA_BLUE,77.05294351538326,Brecha entre dólar blue y mayorista oficial (promedio del mes),%,Calculada: CCL (ArgentinaDatos) / mayorista (BCRA),indicador,mean
2024-01-01,BRECHA_BLUE,41.339173050205424,Brecha entre dólar blue y mayorista oficial (promedio del mes),%,Calculada: CCL (ArgentinaDatos) / mayorista (BCRA),indicador,mean
2024-02-01,BRECHA_BLUE,33.32801301632156,Brecha entre dólar blue y mayorista oficial (promedio del mes),%,Calculada: CCL (ArgentinaDatos) / mayorista (BCRA),indicador,mean
2024-03-01,BRECHA_BLUE,19.67512893258269,Brecha entre dólar blue y mayorista oficial (promedio del mes),%,Calculada: CCL (ArgentinaDatos) / mayorista (BCRA),indicador,mean
2024-04-01,BRECHA_BLUE,17.344915078626233,Brecha entre dólar blue y mayorista oficial (promedio del mes),%,Calculada: CCL (ArgentinaDatos) / mayorista (BCRA),indicador,mean
2024-05-01,BRECHA_BLUE,28.136442891586686,Brecha entre dólar blue y mayorista oficial (promedio del mes),%,Calculada: CCL (ArgentinaDatos) / mayorista (BCRA),indicador,mean
2024-06-01,BRECHA_BLUE,43.39640043299434,Brecha entre dólar blue y mayorista oficial (promedio del mes),%,Calculada: CCL (ArgentinaDatos) / mayorista (BCRA),indicador,mean
2024-07-01,BRECHA_BLUE,55.006771303382905,Brecha entre dólar blue y mayorista oficial (promedio del mes),%,Calculada: CCL (ArgentinaDatos) / mayorista (BCRA),indicador,mean
2024-08-01,BRECHA_BLUE,43.74351835748625,Brecha entre dólar blue y mayorista oficial (promedio del mes),%,Calculada: CCL (ArgentinaDatos) / mayorista (BCRA),indicador,mean
2024-09-01,BRECHA_BLUE,31.48728410785967,Brecha entre dólar blue y mayorista oficial (promedio del mes),%,Calculada: CCL (ArgentinaDatos) / mayorista (BCRA),indicador,mean
2024-10-01,BRECHA_BLUE,23.088977160624726,Brecha entre dólar blue y mayorista oficial (promedio del mes),%,Calculada: CCL (ArgentinaDatos) / mayorista (BCRA),indicador,mean
2024-11-01,BRECHA_BLUE,13.511298075765291,Brecha entre dólar blue y mayorista oficial (promedio del mes),%,Calculada: CCL (ArgentinaDatos) / mayorista (BCRA),indicador,mean
2024-12-01,BRECHA_BLUE,10.706346069669973,Brecha entre dólar blue y mayorista oficial (promedio del mes),%,Calculada: CCL (ArgentinaDatos) / mayorista (BCRA),indicador,mean
2025-01-01,BRECHA_BLUE,17.628189819821444,Brecha entre dólar blue y mayorista oficial (promedio del mes),%,Calculada: CCL (ArgentinaDatos) / mayorista (BCRA),indicador,mean
2025-02-01,BRECHA_BLUE,15.567518796451585,Brecha entre dólar blue y mayorista oficial (promedio del mes),%,Calculada: CCL (ArgentinaDatos) / mayorista (BCRA),indicador,mean
2025-03-01,BRECHA_BLUE,17.88196298630866,Brecha entre dólar blue y mayorista oficial (promedio del mes),%,Calculada: CCL (ArgentinaDatos) / mayorista (BCRA),indicador,mean
2025-04-01,BRECHA_BLUE,13.556735587226866,Brecha entre dólar blue y mayorista oficial (promedio del mes),%,Calculada: CCL (ArgentinaDatos) / mayorista (BCRA),indicador,mean
2025-05-01,BRECHA_BLUE,2.141987950671161,Brecha entre dólar blue y mayorista oficial (promedio del mes),%,Calculada: CCL (ArgentinaDatos) / mayorista (BCRA),indicador,mean
2025-06-01,BRECHA_BLUE,0.9659008843822262,Brecha entre dólar blue y mayorista oficial (promedio del mes),%,Calculada: CCL (ArgentinaDatos) / mayorista (BCRA),indicador,mean
2025-07-01,BRECHA_BLUE,2.2827959284603008,Brecha entre dólar blue y mayorista oficial (promedio del mes),%,Calculada: CCL (ArgentinaDatos) / mayorista (BCRA),indicador,mean
2025-08-01,BRECHA_BLUE,0.6778242264276502,Brecha entre dólar blue y mayorista oficial (promedio del mes),%,Calculada: CCL (ArgentinaDatos) / mayorista (BCRA),indicador,mean
2025-09-01,BRECHA_BLUE,1.5579159255267832,Brecha entre dólar blue y mayorista oficial (promedio del mes),%,Calculada: CCL (ArgentinaDatos) / mayorista (BCRA),indicador,mean
2025-10-01,BRECHA_BLUE,2.802921999347967,Brecha entre dólar blue y mayorista oficial (promedio del mes),%,Calculada: CCL (ArgentinaDatos) / mayorista (BCRA),indicador,mean
2025-11-01,BRECHA_BLUE,0.6625946925814987,Brecha entre dólar blue y mayorista oficial (promedio del mes),%,Calculada: CCL (ArgentinaDatos) / mayorista (BCRA),indicador,mean
2025-12-01,BRECHA_BLUE,1.9265148806848225,Brecha entre dólar blue y mayorista oficial (promedio del mes),%,Calculada: CCL (ArgentinaDatos) / mayorista (BCRA),indicador,mean
2026-01-01,BRECHA_BLUE,3.599596241146463,Brecha entre dólar blue y mayorista oficial (promedio del mes),%,Calculada: CCL (ArgentinaDatos) / mayorista (BCRA),indicador,mean
2026-02-01,BRECHA_BLUE,1.9985628766896635,Brecha entre dólar blue y mayorista oficial (promedio del mes),%,Calculada: CCL (ArgentinaDatos) / mayorista (BCRA),indicador,mean
2026-03-01,BRECHA_BLUE,1.7735443775201147,Brecha entre dólar blue y mayorista oficial (promedio del mes),%,Calculada: CCL (ArgentinaDatos) / mayorista (BCRA),indicador,mean
2026-04-01,BRECHA_BLUE,1.9506641916812146,Brecha entre dólar blue y mayorista oficial (promedio del mes),%,Calculada: CCL (ArgentinaDatos) / mayorista (BCRA),indicador,mean
2026-05-01,BRECHA_BLUE,1.5534697256240015,Brecha entre dólar blue y mayorista oficial (promedio del mes),%,Calculada: CCL (ArgentinaDatos) / mayorista (BCRA),indicador,mean
2026-06-01,BRECHA_BLUE,1.5973125201233709,Brecha entre dólar blue y mayorista oficial (promedio del mes),%,Calculada: CCL (ArgentinaDatos) / mayorista (BCRA),indicador,mean
2026-07-01,BRECHA_BLUE,3.4039618515811703,Brecha entre dólar blue y mayorista oficial (promedio del mes),%,Calculada: CCL (ArgentinaDatos) / mayorista (BCRA),indicador,mean
2026-08-01,BRECHA_BLUE,3.2537727627312187,Brecha entre dólar blue y mayorista oficial (promedio del mes),%,Calculada: CCL (ArgentinaDatos) / mayorista (BCRA),indicador,mean
2026-09-01,BRECHA_BLUE,2.4757824280178555,Brecha entre dólar blue y mayorista oficial (promedio del mes),%,Calculada: CCL (ArgentinaDatos) / mayorista (BCRA),indicador,mean
2016-06-01,BRECHA_CCL,0.8661465343257756,Brecha entre dólar CCL y mayorista oficial (promedio del mes),%,Calculada: CCL (ArgentinaDatos) / mayorista (BCRA),indicador,mean
2016-07-01,BRECHA_CCL,0.9043010130420381,Brecha entre dólar CCL y mayorista oficial (promedio del mes),%,Calculada: CCL (ArgentinaDatos) / mayorista (BCRA),indicador,mean
2016-08-01,BRECHA_CCL,0.574924711304603,Brecha entre dólar CCL y mayorista oficial (promedio del mes),%,Calculada: CCL (ArgentinaDatos) / mayorista (BCRA),indicador,mean
2016-09-01,BRECHA_CCL,0.30273811449136423,Brecha entre dólar CCL y mayorista oficial (promedio del mes),%,Calculada: CCL (ArgentinaDatos) / mayorista (BCRA),indicador,mean
2016-10-01,BRECHA_CCL,0.40880503604760365,Brecha entre dólar CCL y mayorista oficial (promedio del mes),%,Calculada: CCL (ArgentinaDatos) / mayorista (BCRA),indicador,mean
2016-11-01,BRECHA_CCL,0.46658418431187265,Brecha entre dólar CCL y mayorista oficial (promedio del mes),%,Calculada: CCL (ArgentinaDatos) / mayorista (BCRA),indicador,mean
2016-12-01,BRECHA_CCL,0.8401955844681892,Brecha entre dólar CCL y mayorista oficial (promedio del mes),%,Calculada: CCL (ArgentinaDatos) / mayorista (BCRA),indicador,mean
2017-01-01,BRECHA_CCL,0.3454362610590622,Brecha entre dólar CCL y mayorista oficial (promedio del mes),%,Calculada: CCL (ArgentinaDatos) / mayorista (BCRA),indicador,mean
2017-02-01,BRECHA_CCL,0.499977593436333,Brecha entre dólar CCL y mayorista oficial (promedio del mes),%,Calculada: CCL (ArgentinaDatos) / mayorista (BCRA),indicador,mean
2017-03-01,BRECHA_CCL,0.4053681377573463,Brecha entre dólar CCL y mayorista oficial (promedio del mes),%,Calculada: CCL (ArgentinaDatos) / mayorista (BCRA),indicador,mean
2017-04-01,BRECHA_CCL,0.9539221851027333,Brecha entre dólar CCL y mayorista oficial (promedio del mes),%,Calculada: CCL (ArgentinaDatos) / mayorista (BCRA),indicador,mean
2017-05-01,BRECHA_CCL,0.18389204658778158,Brecha entre dólar CCL y mayorista oficial (promedio del mes),%,Calculada: CCL (ArgentinaDatos) / mayorista (BCRA),indicador,mean
2017-06-01,BRECHA_CCL,0.066771733681296,Brecha entre dólar CCL y mayorista oficial (promedio del mes),%,Calculada: CCL (ArgentinaDatos) / mayorista (BCRA),indicador,mean
2017-07-01,BRECHA_CCL,0.15032863556827483,Brecha entre dólar CCL y mayorista oficial (promedio del mes),%,Calculada: CCL (ArgentinaDatos) / mayorista (BCRA),indicador,mean
2017-08-01,BRECHA_CCL,0.5135029028253529,Brecha entre dólar CCL y mayorista oficial (promedio del mes),%,Calculada: CCL (ArgentinaDatos) / mayorista (BCRA),indicador,mean
2017-09-01,BRECHA_CCL,0.32246200402536107,Brecha entre dólar CCL y mayorista oficial (promedio del mes),%,Calculada: CCL (ArgentinaDatos) / mayorista (BCRA),indicador,mean
2017-10-01,BRECHA_CCL,0.34031057978249635,Brecha entre dólar CCL y mayorista oficial (promedio del mes),%,Calculada: CCL (ArgentinaDatos) / mayorista (BCRA),indicador,mean
2017-11-01,BRECHA_CCL,0.23316050349889875,Brecha entre dólar CCL y mayorista oficial (promedio del mes),%,Calculada: CCL (ArgentinaDatos) / mayorista (BCRA),indicador,mean
2017-12-01,BRECHA_CCL,0.2554956968622793,Brecha entre dólar CCL y mayorista oficial (promedio del mes),%,Calculada: CCL (ArgentinaDatos) / mayorista (BCRA),indicador,mean
2018-01-01,BRECHA_CCL,0.14294911745153718,Brecha entre dólar CCL y mayorista oficial (promedio del mes),%,Calculada: CCL (ArgentinaDatos) / mayorista (BCRA),indicador,mean
2018-02-01,BRECHA_CCL,0.38785080729400584,Brecha entre dólar CCL y mayorista oficial (promedio del mes),%,Calculada: CCL (ArgentinaDatos) / mayorista (BCRA),indicador,mean
2018-03-01,BRECHA_CCL,0.25561949505806536,Brecha entre dólar CCL y mayorista oficial (promedio del mes),%,Calculada: CCL (ArgentinaDatos) / mayorista (BCRA),indicador,mean
2018-04-01,BRECHA_CCL,0.08272506588881298,Brecha entre dólar CCL y mayorista oficial (promedio del mes),%,Calculada: CCL (ArgentinaDatos) / mayorista (BCRA),indicador,mean
2018-05-01,BRECHA_CCL,0.27142241141650986,Brecha entre dólar CCL y mayorista oficial (promedio del mes),%,Calculada: CCL (ArgentinaDatos) / mayorista (BCRA),indicador,mean
2018-06-01,BRECHA_CCL,0.41627291796205,Brecha entre dólar CCL y mayorista oficial (promedio del mes),%,Calculada: CCL (ArgentinaDatos) / mayorista (BCRA),indicador,mean
2018-07-01,BRECHA_CCL,0.39554116338198236,Brecha entre dólar CCL y mayorista oficial (promedio del mes),%,Calculada: CCL (ArgentinaDatos) / mayorista (BCRA),indicador,mean
2018-08-01,BRECHA_CCL,-0.5251473140673777,Brecha entre dólar CCL y mayorista oficial (promedio del mes),%,Calculada: CCL (ArgentinaDatos) / mayorista (BCRA),indicador,mean
2018-09-01,BRECHA_CCL,0.1259171364160261,Brecha entre dólar CCL y mayorista oficial (promedio del mes),%,Calculada: CCL (ArgentinaDatos) / mayorista (BCRA),indicador,mean
2018-10-01,BRECHA_CCL,0.7448125414865402,Brecha entre dólar CCL y mayorista oficial (promedio del mes),%,Calculada: CCL (ArgentinaDatos) / mayorista (BCRA),indicador,mean
2018-11-01,BRECHA_CCL,-0.16261582662558305,Brecha entre dólar CCL y mayorista oficial (promedio del mes),%,Calculada: CCL (ArgentinaDatos) / mayorista (BCRA),indicador,mean
2018-12-01,BRECHA_CCL,0.1067393776464957,Brecha entre dólar CCL y mayorista oficial (promedio del mes),%,Calculada: CCL (ArgentinaDatos) / mayorista (BCRA),indicador,mean
2019-01-01,BRECHA_CCL,0.17867764101504136,Brecha entre dólar CCL y mayorista oficial (promedio del mes),%,Calculada: CCL (ArgentinaDatos) / mayorista (BCRA),indicador,mean
2019-02-01,BRECHA_CCL,0.07582943240823647,Brecha entre dólar CCL y mayorista oficial (promedio del mes),%,Calculada: CCL (ArgentinaDatos) / mayorista (BCRA),indicador,mean
2019-03-01,BRECHA_CCL,0.009149694840224648,Brecha entre dólar CCL y mayorista oficial (promedio del mes),%,Calculada: CCL (ArgentinaDatos) / mayorista (BCRA),indicador,mean
2019-04-01,BRECHA_CCL,0.6159407076037132,Brecha entre dólar CCL y mayorista oficial (promedio del mes),%,Calculada: CCL (ArgentinaDatos) / mayorista (BCRA),indicador,mean
2019-05-01,BRECHA_CCL,0.3800024220725678,Brecha entre dólar CCL y mayorista oficial (promedio del mes),%,Calculada: CCL (ArgentinaDatos) / mayorista (BCRA),indicador,mean
2019-06-01,BRECHA_CCL,0.21086314855252833,Brecha entre dólar CCL y mayorista oficial (promedio del mes),%,Calculada: CCL (ArgentinaDatos) / mayorista (BCRA),indicador,mean
2019-07-01,BRECHA_CCL,0.46563079372649874,Brecha entre dólar CCL y mayorista oficial (promedio del mes),%,Calculada: CCL (ArgentinaDatos) / mayorista (BCRA),indicador,mean
2019-08-01,BRECHA_CCL,0.13250886189364108,Brecha entre dólar CCL y mayorista oficial (promedio del mes),%,Calculada: CCL (ArgentinaDatos) / mayorista (BCRA),indicador,mean
2019-09-01,BRECHA_CCL,16.616033689194087,Brecha entre dólar CCL y mayorista oficial (promedio del mes),%,Calculada: CCL (ArgentinaDatos) / mayorista (BCRA),indicador,mean
2019-10-01,BRECHA_CCL,22.692034837403423,Brecha entre dólar CCL y mayorista oficial (promedio del mes),%,Calculada: CCL (ArgentinaDatos) / mayorista (BCRA),indicador,mean
2019-11-01,BRECHA_CCL,27.94677765332139,Brecha entre dólar CCL y mayorista oficial (promedio del mes),%,Calculada: CCL (ArgentinaDatos) / mayorista (BCRA),indicador,mean
2019-12-01,BRECHA_CCL,24.875773641539762,Brecha entre dólar CCL y mayorista oficial (promedio del mes),%,Calculada: CCL (ArgentinaDatos) / mayorista (BCRA),indicador,mean
2020-01-01,BRECHA_CCL,34.24511570076762,Brecha entre dólar CCL y mayorista oficial (promedio del mes),%,Calculada: CCL (ArgentinaDatos) / mayorista (BCRA),indicador,mean
2020-02-01,BRECHA_CCL,35.382793150809775,Brecha entre dólar CCL y mayorista oficial (promedio del mes),%,Calculada: CCL (ArgentinaDatos) / mayorista (BCRA),indicador,mean
2020-03-01,BRECHA_CCL,36.11339687191702,Brecha entre dólar CCL y mayorista oficial (promedio del mes),%,Calculada: CCL (ArgentinaDatos) / mayorista (BCRA),indicador,mean
2020-04-01,BRECHA_CCL,57.52697050809119,Brecha entre dólar CCL y mayorista oficial (promedio del mes),%,Calculada: CCL (ArgentinaDatos) / mayorista (BCRA),indicador,mean
2020-05-01,BRECHA_CCL,73.25580547651447,Brecha entre dólar CCL y mayorista oficial (promedio del mes),%,Calculada: CCL (ArgentinaDatos) / mayorista (BCRA),indicador,mean
2020-06-01,BRECHA_CCL,58.89766776978867,Brecha entre dólar CCL y mayorista oficial (promedio del mes),%,Calculada: CCL (ArgentinaDatos) / mayorista (BCRA),indicador,mean
2020-07-01,BRECHA_CCL,60.513292416133105,Brecha entre dólar CCL y mayorista oficial (promedio del mes),%,Calculada: CCL (ArgentinaDatos) / mayorista (BCRA),indicador,mean
2020-08-01,BRECHA_CCL,74.04462209562959,Brecha entre dólar CCL y mayorista oficial (promedio del mes),%,Calculada: CCL (ArgentinaDatos) / mayorista (BCRA),indicador,mean
2020-09-01,BRECHA_CCL,77.85192188036949,Brecha entre dólar CCL y mayorista oficial (promedio del mes),%,Calculada: CCL (ArgentinaDatos) / mayorista (BCRA),indicador,mean
2020-10-01,BRECHA_CCL,105.42652844626488,Brecha entre dólar CCL y mayorista oficial (promedio del mes),%,Calculada: CCL (ArgentinaDatos) / mayorista (BCRA),indicador,mean
2020-11-01,BRECHA_CCL,85.08330416368344,Brecha entre dólar CCL y mayorista oficial (promedio del mes),%,Calculada: CCL (ArgentinaDatos) / mayorista (BCRA),indicador,mean
2020-12-01,BRECHA_CCL,72.70374938901487,Brecha entre dólar CCL y mayorista oficial (promedio del mes),%,Calculada: CCL (ArgentinaDatos) / mayorista (BCRA),indicador,mean
2021-01-01,BRECHA_CCL,70.95921655485888,Brecha entre dólar CCL y mayorista oficial (promedio del mes),%,Calculada: CCL (ArgentinaDatos) / mayorista (BCRA),indicador,mean
2021-02-01,BRECHA_CCL,67.2020507445775,Brecha entre dólar CCL y mayorista oficial (promedio del mes),%,Calculada: CCL (ArgentinaDatos) / mayorista (BCRA),indicador,mean
2021-03-01,BRECHA_CCL,62.47622253137247,Brecha entre dólar CCL y mayorista oficial (promedio del mes),%,Calculada: CCL (ArgentinaDatos) / mayorista (BCRA),indicador,mean
2021-04-01,BRECHA_CCL,63.62839407726441,Brecha entre dólar CCL y mayorista oficial (promedio del mes),%,Calculada: CCL (ArgentinaDatos) / mayorista (BCRA),indicador,mean
2021-05-01,BRECHA_CCL,70.15173466203473,Brecha entre dólar CCL y mayorista oficial (promedio del mes),%,Calculada: CCL (ArgentinaDatos) / mayorista (BCRA),indicador,mean
2021-06-01,BRECHA_CCL,73.32340288131611,Brecha entre dólar CCL y mayorista oficial (promedio del mes),%,Calculada: CCL (ArgentinaDatos) / mayorista (BCRA),indicador,mean
2021-07-01,BRECHA_CCL,73.53715162979458,Brecha entre dólar CCL y mayorista oficial (promedio del mes),%,Calculada: CCL (ArgentinaDatos) / mayorista (BCRA),indicador,mean
2021-08-01,BRECHA_CCL,74.40424979982159,Brecha entre dólar CCL y mayorista oficial (promedio del mes),%,Calculada: CCL (ArgentinaDatos) / mayorista (BCRA),indicador,mean
2021-09-01,BRECHA_CCL,75.29788134289973,Brecha entre dólar CCL y mayorista oficial (promedio del mes),%,Calculada: CCL (ArgentinaDatos) / mayorista (BCRA),indicador,mean
2021-10-01,BRECHA_CCL,79.26664134455744,Brecha entre dólar CCL y mayorista oficial (promedio del mes),%,Calculada: CCL (ArgentinaDatos) / mayorista (BCRA),indicador,mean
2021-11-01,BRECHA_CCL,96.35262804760309,Brecha entre dólar CCL y mayorista oficial (promedio del mes),%,Calculada: CCL (ArgentinaDatos) / mayorista (BCRA),indicador,mean
2021-12-01,BRECHA_CCL,104.4414887059263,Brecha entre dólar CCL y mayorista oficial (promedio del mes),%,Calculada: CCL (ArgentinaDatos) / mayorista (BCRA),indicador,mean
2022-01-01,BRECHA_CCL,108.47411864910771,Brecha entre dólar CCL y mayorista oficial (promedio del mes),%,Calculada: CCL (ArgentinaDatos) / mayorista (BCRA),indicador,mean
2022-02-01,BRECHA_CCL,99.59952834040841,Brecha entre dólar CCL y mayorista oficial (promedio del mes),%,Calculada: CCL (ArgentinaDatos) / mayorista (BCRA),indicador,mean
2022-03-01,BRECHA_CCL,79.06173451431866,Brecha entre dólar CCL y mayorista oficial (promedio del mes),%,Calculada: CCL (ArgentinaDatos) / mayorista (BCRA),indicador,mean
2022-04-01,BRECHA_CCL,73.94529678577203,Brecha entre dólar CCL y mayorista oficial (promedio del mes),%,Calculada: CCL (ArgentinaDatos) / mayorista (BCRA),indicador,mean
2022-05-01,BRECHA_CCL,78.46035390422588,Brecha entre dólar CCL y mayorista oficial (promedio del mes),%,Calculada: CCL (ArgentinaDatos) / mayorista (BCRA),indicador,mean
2022-06-01,BRECHA_CCL,87.84708927506892,Brecha entre dólar CCL y mayorista oficial (promedio del mes),%,Calculada: CCL (ArgentinaDatos) / mayorista (BCRA),indicador,mean
2022-07-01,BRECHA_CCL,134.73354741620682,Brecha entre dólar CCL y mayorista oficial (promedio del mes),%,Calculada: CCL (ArgentinaDatos) / mayorista (BCRA),indicador,mean
2022-08-01,BRECHA_CCL,114.29966013514796,Brecha entre dólar CCL y mayorista oficial (promedio del mes),%,Calculada: CCL (ArgentinaDatos) / mayorista (BCRA),indicador,mean
2022-09-01,BRECHA_CCL,105.81661885614875,Brecha entre dólar CCL y mayorista oficial (promedio del mes),%,Calculada: CCL (ArgentinaDatos) / mayorista (BCRA),indicador,mean
2022-10-01,BRECHA_CCL,101.06959544471174,Brecha entre dólar CCL y mayorista oficial (promedio del mes),%,Calculada: CCL (ArgentinaDatos) / mayorista (BCRA),indicador,mean
2022-11-01,BRECHA_CCL,94.98458050610766,Brecha entre dólar CCL y mayorista oficial (promedio del mes),%,Calculada: CCL (ArgentinaDatos) / mayorista (BCRA),indicador,mean
2022-12-01,BRECHA_CCL,93.41182131149898,Brecha entre dólar CCL y mayorista oficial (promedio del mes),%,Calculada: CCL (ArgentinaDatos) / mayorista (BCRA),indicador,mean
2023-01-01,BRECHA_CCL,93.4583667907825,Brecha entre dólar CCL y mayorista oficial (promedio del mes),%,Calculada: CCL (ArgentinaDatos) / mayorista (BCRA),indicador,mean
2023-02-01,BRECHA_CCL,91.72170296560721,Brecha entre dólar CCL y mayorista oficial (promedio del mes),%,Calculada: CCL (ArgentinaDatos) / mayorista (BCRA),indicador,mean
2023-03-01,BRECHA_CCL,92.17057447145734,Brecha entre dólar CCL y mayorista oficial (promedio del mes),%,Calculada: CCL (ArgentinaDatos) / mayorista (BCRA),indicador,mean
2023-04-01,BRECHA_CCL,97.31003679448948,Brecha entre dólar CCL y mayorista oficial (promedio del mes),%,Calculada: CCL (ArgentinaDatos) / mayorista (BCRA),indicador,mean
2023-05-01,BRECHA_CCL,96.27984446350112,Brecha entre dólar CCL y mayorista oficial (promedio del mes),%,Calculada: CCL (ArgentinaDatos) / mayorista (BCRA),indicador,mean
2023-06-01,BRECHA_CCL,97.27313459113081,Brecha entre dólar CCL y mayorista oficial (promedio del mes),%,Calculada: CCL (ArgentinaDatos) / mayorista (BCRA),indicador,mean
2023-07-01,BRECHA_CCL,93.19568032664641,Brecha entre dólar CCL y mayorista oficial (promedio del mes),%,Calculada: CCL (ArgentinaDatos) / mayorista (BCRA),indicador,mean
2023-08-01,BRECHA_CCL,111.86827114417419,Brecha entre dólar CCL y mayorista oficial (promedio del mes),%,Calculada: CCL (ArgentinaDatos) / mayorista (BCRA),indicador,mean
2023-09-01,BRECHA_CCL,111.30011285697908,Brecha entre dólar CCL y mayorista oficial (promedio del mes),%,Calculada: CCL (ArgentinaDatos) / mayorista (BCRA),indicador,mean
2023-10-01,BRECHA_CCL,155.20429792623173,Brecha entre dólar CCL y mayorista oficial (promedio del mes),%,Calculada: CCL (ArgentinaDatos) / mayorista (BCRA),indicador,mean
2023-11-01,BRECHA_CCL,149.15685292661044,Brecha entre dólar CCL y mayorista oficial (promedio del mes),%,Calculada: CCL (ArgentinaDatos) / mayorista (BCRA),indicador,mean
2023-12-01,BRECHA_CCL,72.81867086000807,Brecha entre dólar CCL y mayorista oficial (promedio del mes),%,Calculada: CCL (ArgentinaDatos) / mayorista (BCRA),indicador,mean
2024-01-01,BRECHA_CCL,46.9351828843752,Brecha entre dólar CCL y mayorista oficial (promedio del mes),%,Calculada: CCL (ArgentinaDatos) / mayorista (BCRA),indicador,mean
2024-02-01,BRECHA_CCL,39.51284444251323,Brecha entre dólar CCL y mayorista oficial (promedio del mes),%,Calculada: CCL (ArgentinaDatos) / mayorista (BCRA),indicador,mean
2024-03-01,BRECHA_CCL,25.3273198191495,Brecha entre dólar CCL y mayorista oficial (promedio del mes),%,Calculada: CCL (ArgentinaDatos) / mayorista (BCRA),indicador,mean
2024-04-01,BRECHA_CCL,21.407163991463715,Brecha entre dólar CCL y mayorista oficial (promedio del mes),%,Calculada: CCL (ArgentinaDatos) / mayorista (BCRA),indicador,mean
2024-05-01,BRECHA_CCL,29.938549350969744,Brecha entre dólar CCL y mayorista oficial (promedio del mes),%,Calculada: CCL (ArgentinaDatos) / mayorista (BCRA),indicador,mean
2024-06-01,BRECHA_CCL,44.67410761661455,Brecha entre dólar CCL y mayorista oficial (promedio del mes),%,Calculada: CCL (ArgentinaDatos) / mayorista (BCRA),indicador,mean
2024-07-01,BRECHA_CCL,46.58836528719296,Brecha entre dólar CCL y mayorista oficial (promedio del mes),%,Calculada: CCL (ArgentinaDatos) / mayorista (BCRA),indicador,mean
2024-08-01,BRECHA_CCL,37.639720126959396,Brecha entre dólar CCL y mayorista oficial (promedio del mes),%,Calculada: CCL (ArgentinaDatos) / mayorista (BCRA),indicador,mean
2024-09-01,BRECHA_CCL,29.793968843094273,Brecha entre dólar CCL y mayorista oficial (promedio del mes),%,Calculada: CCL (ArgentinaDatos) / mayorista (BCRA),indicador,mean
2024-10-01,BRECHA_CCL,21.309796489066983,Brecha entre dólar CCL y mayorista oficial (promedio del mes),%,Calculada: CCL (ArgentinaDatos) / mayorista (BCRA),indicador,mean
2024-11-01,BRECHA_CCL,13.425198761325198,Brecha entre dólar CCL y mayorista oficial (promedio del mes),%,Calculada: CCL (ArgentinaDatos) / mayorista (BCRA),indicador,mean
2024-12-01,BRECHA_CCL,9.918363057014238,Brecha entre dólar CCL y mayorista oficial (promedio del mes),%,Calculada: CCL (ArgentinaDatos) / mayorista (BCRA),indicador,mean
2025-01-01,BRECHA_CCL,13.630507994728498,Brecha entre dólar CCL y mayorista oficial (promedio del mes),%,Calculada: CCL (ArgentinaDatos) / mayorista (BCRA),indicador,mean
2025-02-01,BRECHA_CCL,14.026803398281126,Brecha entre dólar CCL y mayorista oficial (promedio del mes),%,Calculada: CCL (ArgentinaDatos) / mayorista (BCRA),indicador,mean
2025-03-01,BRECHA_CCL,18.6247847896356,Brecha entre dólar CCL y mayorista oficial (promedio del mes),%,Calculada: CCL (ArgentinaDatos) / mayorista (BCRA),indicador,mean
2025-04-01,BRECHA_CCL,12.475794379487372,Brecha entre dólar CCL y mayorista oficial (promedio del mes),%,Calculada: CCL (ArgentinaDatos) / mayorista (BCRA),indicador,mean
2025-05-01,BRECHA_CCL,2.1629597482663465,Brecha entre dólar CCL y mayorista oficial (promedio del mes),%,Calculada: CCL (ArgentinaDatos) / mayorista (BCRA),indicador,mean
2025-06-01,BRECHA_CCL,1.0610065888294768,Brecha entre dólar CCL y mayorista oficial (promedio del mes),%,Calculada: CCL (ArgentinaDatos) / mayorista (BCRA),indicador,mean
2025-07-01,BRECHA_CCL,1.1450491347426583,Brecha entre dólar CCL y mayorista oficial (promedio del mes),%,Calculada: CCL (ArgentinaDatos) / mayorista (BCRA),indicador,mean
2025-08-01,BRECHA_CCL,0.30427164936757123,Brecha entre dólar CCL y mayorista oficial (promedio del mes),%,Calculada: CCL (ArgentinaDatos) / mayorista (BCRA),indicador,mean
2025-09-01,BRECHA_CCL,3.375107410402599,Brecha entre dólar CCL y mayorista oficial (promedio del mes),%,Calculada: CCL (ArgentinaDatos) / mayorista (BCRA),indicador,mean
2025-10-01,BRECHA_CCL,6.3446732004615285,Brecha entre dólar CCL y mayorista oficial (promedio del mes),%,Calculada: CCL (ArgentinaDatos) / mayorista (BCRA),indicador,mean
2025-11-01,BRECHA_CCL,4.813512335118453,Brecha entre dólar CCL y mayorista oficial (promedio del mes),%,Calculada: CCL (ArgentinaDatos) / mayorista (BCRA),indicador,mean
2025-12-01,BRECHA_CCL,5.2884556983736015,Brecha entre dólar CCL y mayorista oficial (promedio del mes),%,Calculada: CCL (ArgentinaDatos) / mayorista (BCRA),indicador,mean
2026-01-01,BRECHA_CCL,4.832043921277032,Brecha entre dólar CCL y mayorista oficial (promedio del mes),%,Calculada: CCL (ArgentinaDatos) / mayorista (BCRA),indicador,mean
2026-02-01,BRECHA_CCL,4.450907326560531,Brecha entre dólar CCL y mayorista oficial (promedio del mes),%,Calculada: CCL (ArgentinaDatos) / mayorista (BCRA),indicador,mean
2026-03-01,BRECHA_CCL,5.191132302164605,Brecha entre dólar CCL y mayorista oficial (promedio del mes),%,Calculada: CCL (ArgentinaDatos) / mayorista (BCRA),indicador,mean
2026-04-01,BRECHA_CCL,7.0084773180782545,Brecha entre dólar CCL y mayorista oficial (promedio del mes),%,Calculada: CCL (ArgentinaDatos) / mayorista (BCRA),indicador,mean
2026-05-01,BRECHA_CCL,6.2894212859568315,Brecha entre dólar CCL y mayorista oficial (promedio del mes),%,Calculada: CCL (ArgentinaDatos) / mayorista (BCRA),indicador,mean
2026-06-01,BRECHA_CCL,4.815725490399801,Brecha entre dólar CCL y mayorista oficial (promedio del mes),%,Calculada: CCL (ArgentinaDatos) / mayorista (BCRA),indicador,mean
2026-07-01,BRECHA_CCL,5.9144634215940854,Brecha entre dólar CCL y mayorista oficial (promedio del mes),%,Calculada: CCL (ArgentinaDatos) / mayorista (BCRA),indicador,mean
2026-08-01,BRECHA_CCL,5.812526142845375,Brecha entre dólar CCL y mayorista oficial (promedio del mes),%,Calculada: CCL (ArgentinaDatos) / mayorista (BCRA),indicador,mean
2026-09-01,BRECHA_CCL,5.622508461305663,Brecha entre dólar CCL y mayorista oficial (promedio del mes),%,Calculada: CCL (ArgentinaDatos) / mayorista (BCRA),indicador,mean
2018-10-01,BRECHA_MEP,-0.2680610374888574,Brecha entre dólar MEP y mayorista oficial (promedio del mes),%,Calculada: CCL (ArgentinaDatos) / mayorista (BCRA),indicador,mean
2018-11-01,BRECHA_MEP,0.41418045593288294,Brecha entre dólar MEP y mayorista oficial (promedio del mes),%,Calculada: CCL (ArgentinaDatos) / mayorista (BCRA),indicador,mean
2018-12-01,BRECHA_MEP,0.39042908056522013,Brecha entre dólar MEP y mayorista oficial (promedio del mes),%,Calculada: CCL (ArgentinaDatos) / mayorista (BCRA),indicador,mean
2019-01-01,BRECHA_MEP,0.31430100478698864,Brecha entre dólar MEP y mayorista oficial (promedio del mes),%,Calculada: CCL (ArgentinaDatos) / mayorista (BCRA),indicador,mean
2019-02-01,BRECHA_MEP,0.3440994668219677,Brecha entre dólar MEP y mayorista oficial (promedio del mes),%,Calculada: CCL (ArgentinaDatos) / mayorista (BCRA),indicador,mean
2019-03-01,BRECHA_MEP,0.7204950831948018,Brecha entre dólar MEP y mayorista oficial (promedio del mes),%,Calculada: CCL (ArgentinaDatos) / mayorista (BCRA),indicador,mean
2019-04-01,BRECHA_MEP,0.518000540724368,Brecha entre dólar MEP y mayorista oficial (promedio del mes),%,Calculada: CCL (ArgentinaDatos) / mayorista (BCRA),indicador,mean
2019-05-01,BRECHA_MEP,-0.0891615241797675,Brecha entre dólar MEP y mayorista oficial (promedio del mes),%,Calculada: CCL (ArgentinaDatos) / mayorista (BCRA),indicador,mean
2019-06-01,BRECHA_MEP,-0.10479343406491666,Brecha entre dólar MEP y mayorista oficial (promedio del mes),%,Calculada: CCL (ArgentinaDatos) / mayorista (BCRA),indicador,mean
2019-07-01,BRECHA_MEP,0.17750901880216038,Brecha entre dólar MEP y mayorista oficial (promedio del mes),%,Calculada: CCL (ArgentinaDatos) / mayorista (BCRA),indicador,mean
2019-08-01,BRECHA_MEP,0.5854390772904294,Brecha entre dólar MEP y mayorista oficial (promedio del mes),%,Calculada: CCL (ArgentinaDatos) / mayorista (BCRA),indicador,mean
2019-09-01,BRECHA_MEP,11.296158443081623,Brecha entre dólar MEP y mayorista oficial (promedio del mes),%,Calculada: CCL (ArgentinaDatos) / mayorista (BCRA),indicador,mean
2019-10-01,BRECHA_MEP,17.684734990787543,Brecha entre dólar MEP y mayorista oficial (promedio del mes),%,Calculada: CCL (ArgentinaDatos) / mayorista (BCRA),indicador,mean
2019-11-01,BRECHA_MEP,21.017953076082176,Brecha entre dólar MEP y mayorista oficial (promedio del mes),%,Calculada: CCL (ArgentinaDatos) / mayorista (BCRA),indicador,mean
2019-12-01,BRECHA_MEP,21.105593117516797,Brecha entre dólar MEP y mayorista oficial (promedio del mes),%,Calculada: CCL (ArgentinaDatos) / mayorista (BCRA),indicador,mean
2020-01-01,BRECHA_MEP,32.25503272009364,Brecha entre dólar MEP y mayorista oficial (promedio del mes),%,Calculada: CCL (ArgentinaDatos) / mayorista (BCRA),indicador,mean
2020-02-01,BRECHA_MEP,32.83414722422552,Brecha entre dólar MEP y mayorista oficial (promedio del mes),%,Calculada: CCL (ArgentinaDatos) / mayorista (BCRA),indicador,mean
2020-03-01,BRECHA_MEP,34.966504369608415,Brecha entre dólar MEP y mayorista oficial (promedio del mes),%,Calculada: CCL (ArgentinaDatos) / mayorista (BCRA),indicador,mean
2020-04-01,BRECHA_MEP,55.63381391228744,Brecha entre dólar MEP y mayorista oficial (promedio del mes),%,Calculada: CCL (ArgentinaDatos) / mayorista (BCRA),indicador,mean
2020-05-01,BRECHA_MEP,68.26758537406563,Brecha entre dólar MEP y mayorista oficial (promedio del mes),%,Calculada: CCL (ArgentinaDatos) / mayorista (BCRA),indicador,mean
2020-06-01,BRECHA_MEP,53.39594090134786,Brecha entre dólar MEP y mayorista oficial (promedio del mes),%,Calculada: CCL (ArgentinaDatos) / mayorista (BCRA),indicador,mean
2020-07-01,BRECHA_MEP,57.68558559398183,Brecha entre dólar MEP y mayorista oficial (promedio del mes),%,Calculada: CCL (ArgentinaDatos) / mayorista (BCRA),indicador,mean
2020-08-01,BRECHA_MEP,69.75136240054121,Brecha entre dólar MEP y mayorista oficial (promedio del mes),%,Calculada: CCL (ArgentinaDatos) / mayorista (BCRA),indicador,mean
2020-09-01,BRECHA_MEP,68.54713417693695,Brecha entre dólar MEP y mayorista oficial (promedio del mes),%,Calculada: CCL (ArgentinaDatos) / mayorista (BCRA),indicador,mean
2020-10-01,BRECHA_MEP,91.5834661379548,Brecha entre dólar MEP y mayorista oficial (promedio del mes),%,Calculada: CCL (ArgentinaDatos) / mayorista (BCRA),indicador,mean
2020-11-01,BRECHA_MEP,79.77423420302897,Brecha entre dólar MEP y mayorista oficial (promedio del mes),%,Calculada: CCL (ArgentinaDatos) / mayorista (BCRA),indicador,mean
2020-12-01,BRECHA_MEP,70.17342168269326,Brecha entre dólar MEP y mayorista oficial (promedio del mes),%,Calculada: CCL (ArgentinaDatos) / mayorista (BCRA),indicador,mean
2021-01-01,BRECHA_MEP,69.3821947182944,Brecha entre dólar MEP y mayorista oficial (promedio del mes),%,Calculada: CCL (ArgentinaDatos) / mayorista (BCRA),indicador,mean
2021-02-01,BRECHA_MEP,64.22864791212747,Brecha entre dólar MEP y mayorista oficial (promedio del mes),%,Calculada: CCL (ArgentinaDatos) / mayorista (BCRA),indicador,mean
2021-03-01,BRECHA_MEP,57.83056750434267,Brecha entre dólar MEP y mayorista oficial (promedio del mes),%,Calculada: CCL (ArgentinaDatos) / mayorista (BCRA),indicador,mean
2021-04-01,BRECHA_MEP,57.37220443712039,Brecha entre dólar MEP y mayorista oficial (promedio del mes),%,Calculada: CCL (ArgentinaDatos) / mayorista (BCRA),indicador,mean
2021-05-01,BRECHA_MEP,65.25700367551605,Brecha entre dólar MEP y mayorista oficial (promedio del mes),%,Calculada: CCL (ArgentinaDatos) / mayorista (BCRA),indicador,mean
2021-06-01,BRECHA_MEP,68.77318920853695,Brecha entre dólar MEP y mayorista oficial (promedio del mes),%,Calculada: CCL (ArgentinaDatos) / mayorista (BCRA),indicador,mean
2021-07-01,BRECHA_MEP,72.87718151325782,Brecha entre dólar MEP y mayorista oficial (promedio del mes),%,Calculada: CCL (ArgentinaDatos) / mayorista (BCRA),indicador,mean
2021-08-01,BRECHA_MEP,74.53554203369647,Brecha entre dólar MEP y mayorista oficial (promedio del mes),%,Calculada: CCL (ArgentinaDatos) / mayorista (BCRA),indicador,mean
2021-09-01,BRECHA_MEP,75.1725073113285,Brecha entre dólar MEP y mayorista oficial (promedio del mes),%,Calculada: CCL (ArgentinaDatos) / mayorista (BCRA),indicador,mean
2021-10-01,BRECHA_MEP,79.16747798943251,Brecha entre dólar MEP y mayorista oficial (promedio del mes),%,Calculada: CCL (ArgentinaDatos) / mayorista (BCRA),indicador,mean
2021-11-01,BRECHA_MEP,90.97216444268963,Brecha entre dólar MEP y mayorista oficial (promedio del mes),%,Calculada: CCL (ArgentinaDatos) / mayorista (BCRA),indicador,mean
2021-12-01,BRECHA_MEP,94.15320365002736,Brecha entre dólar MEP y mayorista oficial (promedio del mes),%,Calculada: CCL (ArgentinaDatos) / mayorista (BCRA),indicador,mean
2022-01-01,BRECHA_MEP,99.64309649402193,Brecha entre dólar MEP y mayorista oficial (promedio del mes),%,Calculada: CCL (ArgentinaDatos) / mayorista (BCRA),indicador,mean
2022-02-01,BRECHA_MEP,92.80105955142042,Brecha entre dólar MEP y mayorista oficial (promedio del mes),%,Calculada: CCL (ArgentinaDatos) / mayorista (BCRA),indicador,mean
2022-03-01,BRECHA_MEP,77.43614791154936,Brecha entre dólar MEP y mayorista oficial (promedio del mes),%,Calculada: CCL (ArgentinaDatos) / mayorista (BCRA),indicador,mean
2022-04-01,BRECHA_MEP,73.89769942354059,Brecha entre dólar MEP y mayorista oficial (promedio del mes),%,Calculada: CCL (ArgentinaDatos) / mayorista (BCRA),indicador,mean
2022-05-01,BRECHA_MEP,77.07669377486482,Brecha entre dólar MEP y mayorista oficial (promedio del mes),%,Calculada: CCL (ArgentinaDatos) / mayorista (BCRA),indicador,mean
2022-06-01,BRECHA_MEP,84.01591196846276,Brecha entre dólar MEP y mayorista oficial (promedio del mes),%,Calculada: CCL (ArgentinaDatos) / mayorista (BCRA),indicador,mean
2022-07-01,BRECHA_MEP,127.22780983503692,Brecha entre dólar MEP y mayorista oficial (promedio del mes),%,Calculada: CCL (ArgentinaDatos) / mayorista (BCRA),indicador,mean
2022-08-01,BRECHA_MEP,108.74586560885876,Brecha entre dólar MEP y mayorista oficial (promedio del mes),%,Calculada: CCL (ArgentinaDatos) / mayorista (BCRA),indicador,mean
2022-09-01,BRECHA_MEP,99.4504208696196,Brecha entre dólar MEP y mayorista oficial (promedio del mes),%,Calculada: CCL (ArgentinaDatos) / mayorista (BCRA),indicador,mean
2022-10-01,BRECHA_MEP,92.98411249826405,Brecha entre dólar MEP y mayorista oficial (promedio del mes),%,Calculada: CCL (ArgentinaDatos) / mayorista (BCRA),indicador,mean
2022-11-01,BRECHA_MEP,87.2357171269283,Brecha entre dólar MEP y mayorista oficial (promedio del mes),%,Calculada: CCL (ArgentinaDatos) / mayorista (BCRA),indicador,mean
2022-12-01,BRECHA_MEP,87.94449848213911,Brecha entre dólar MEP y mayorista oficial (promedio del mes),%,Calculada: CCL (ArgentinaDatos) / mayorista (BCRA),indicador,mean
2023-01-01,BRECHA_MEP,87.13240989514271,Brecha entre dólar MEP y mayorista oficial (promedio del mes),%,Calculada: CCL (ArgentinaDatos) / mayorista (BCRA),indicador,mean
2023-02-01,BRECHA_MEP,85.34086163734683,Brecha entre dólar MEP y mayorista oficial (promedio del mes),%,Calculada: CCL (ArgentinaDatos) / mayorista (BCRA),indicador,mean
2023-03-01,BRECHA_MEP,86.63476886595548,Brecha entre dólar MEP y mayorista oficial (promedio del mes),%,Calculada: CCL (ArgentinaDatos) / mayorista (BCRA),indicador,mean
2023-04-01,BRECHA_MEP,90.81299126171004,Brecha entre dólar MEP y mayorista oficial (promedio del mes),%,Calculada: CCL (ArgentinaDatos) / mayorista (BCRA),indicador,mean
2023-05-01,BRECHA_MEP,93.34414691791025,Brecha entre dólar MEP y mayorista oficial (promedio del mes),%,Calculada: CCL (ArgentinaDatos) / mayorista (BCRA),indicador,mean
2023-06-01,BRECHA_MEP,91.77096359257486,Brecha entre dólar MEP y mayorista oficial (promedio del mes),%,Calculada: CCL (ArgentinaDatos) / mayorista (BCRA),indicador,mean
2023-07-01,BRECHA_MEP,85.88953922372633,Brecha entre dólar MEP y mayorista oficial (promedio del mes),%,Calculada: CCL (ArgentinaDatos) / mayorista (BCRA),indicador,mean
2023-08-01,BRECHA_MEP,87.10807568027572,Brecha entre dólar MEP y mayorista oficial (promedio del mes),%,Calculada: CCL (ArgentinaDatos) / mayorista (BCRA),indicador,mean
2023-09-01,BRECHA_MEP,94.33493017824902,Brecha entre dólar MEP y mayorista oficial (promedio del mes),%,Calculada: CCL (ArgentinaDatos) / mayorista (BCRA),indicador,mean
2023-10-01,BRECHA_MEP,139.96911815049563,Brecha entre dólar MEP y mayorista oficial (promedio del mes),%,Calculada: CCL (ArgentinaDatos) / mayorista (BCRA),indicador,mean
2023-11-01,BRECHA_MEP,151.36053463145885,Brecha entre dólar MEP y mayorista oficial (promedio del mes),%,Calculada: CCL (ArgentinaDatos) / mayorista (BCRA),indicador,mean
2023-12-01,BRECHA_MEP,73.54853821716151,Brecha entre dólar MEP y mayorista oficial (promedio del mes),%,Calculada: CCL (ArgentinaDatos) / mayorista (BCRA),indicador,mean
2024-01-01,BRECHA_MEP,42.1885006648286,Brecha entre dólar MEP y mayorista oficial (promedio del mes),%,Calculada: CCL (ArgentinaDatos) / mayorista (BCRA),indicador,mean
2024-02-01,BRECHA_MEP,34.45430682740196,Brecha entre dólar MEP y mayorista oficial (promedio del mes),%,Calculada: CCL (ArgentinaDatos) / mayorista (BCRA),indicador,mean
2024-03-01,BRECHA_MEP,20.224643843095834,Brecha entre dólar MEP y mayorista oficial (promedio del mes),%,Calculada: CCL (ArgentinaDatos) / mayorista (BCRA),indicador,mean
2024-04-01,BRECHA_MEP,16.868040991948472,Brecha entre dólar MEP y mayorista oficial (promedio del mes),%,Calculada: CCL (ArgentinaDatos) / mayorista (BCRA),indicador,mean
2024-05-01,BRECHA_MEP,26.198824965892484,Brecha entre dólar MEP y mayorista oficial (promedio del mes),%,Calculada: CCL (ArgentinaDatos) / mayorista (BCRA),indicador,mean
2024-06-01,BRECHA_MEP,42.36052636917748,Brecha entre dólar MEP y mayorista oficial (promedio del mes),%,Calculada: CCL (ArgentinaDatos) / mayorista (BCRA),indicador,mean
2024-07-01,BRECHA_MEP,46.074392752702025,Brecha entre dólar MEP y mayorista oficial (promedio del mes),%,Calculada: CCL (ArgentinaDatos) / mayorista (BCRA),indicador,mean
2024-08-01,BRECHA_MEP,37.54210149209385,Brecha entre dólar MEP y mayorista oficial (promedio del mes),%,Calculada: CCL (ArgentinaDatos) / mayorista (BCRA),indicador,mean
2024-09-01,BRECHA_MEP,27.904527912228343,Brecha entre dólar MEP y mayorista oficial (promedio del mes),%,Calculada: CCL (ArgentinaDatos) / mayorista (BCRA),indicador,mean
2024-10-01,BRECHA_MEP,18.278566654853737,Brecha entre dólar MEP y mayorista oficial (promedio del mes),%,Calculada: CCL (ArgentinaDatos) / mayorista (BCRA),indicador,mean
2024-11-01,BRECHA_MEP,10.312329525960438,Brecha entre dólar MEP y mayorista oficial (promedio del mes),%,Calculada: CCL (ArgentinaDatos) / mayorista (BCRA),indicador,mean
2024-12-01,BRECHA_MEP,8.079337620749092,Brecha entre dólar MEP y mayorista oficial (promedio del mes),%,Calculada: CCL (ArgentinaDatos) / mayorista (BCRA),indicador,mean
2025-01-01,BRECHA_MEP,11.778240962216778,Brecha entre dólar MEP y mayorista oficial (promedio del mes),%,Calculada: CCL (ArgentinaDatos) / mayorista (BCRA),indicador,mean
2025-02-01,BRECHA_MEP,13.163918621760255,Brecha entre dólar MEP y mayorista oficial (promedio del mes),%,Calculada: CCL (ArgentinaDatos) / mayorista (BCRA),indicador,mean
2025-03-01,BRECHA_MEP,18.41262584623148,Brecha entre dólar MEP y mayorista oficial (promedio del mes),%,Calculada: CCL (ArgentinaDatos) / mayorista (BCRA),indicador,mean
2025-04-01,BRECHA_MEP,12.04498859139924,Brecha entre dólar MEP y mayorista oficial (promedio del mes),%,Calculada: CCL (ArgentinaDatos) / mayorista (BCRA),indicador,mean
2025-05-01,BRECHA_MEP,0.9901767598019322,Brecha entre dólar MEP y mayorista oficial (promedio del mes),%,Calculada: CCL (ArgentinaDatos) / mayorista (BCRA),indicador,mean
2025-06-01,BRECHA_MEP,0.765193677367335,Brecha entre dólar MEP y mayorista oficial (promedio del mes),%,Calculada: CCL (ArgentinaDatos) / mayorista (BCRA),indicador,mean
2025-07-01,BRECHA_MEP,0.8495986621682369,Brecha entre dólar MEP y mayorista oficial (promedio del mes),%,Calculada: CCL (ArgentinaDatos) / mayorista (BCRA),indicador,mean
2025-08-01,BRECHA_MEP,0.4934271216682856,Brecha entre dólar MEP y mayorista oficial (promedio del mes),%,Calculada: CCL (ArgentinaDatos) / mayorista (BCRA),indicador,mean
2025-09-01,BRECHA_MEP,3.080683511792104,Brecha entre dólar MEP y mayorista oficial (promedio del mes),%,Calculada: CCL (ArgentinaDatos) / mayorista (BCRA),indicador,mean
2025-10-01,BRECHA_MEP,5.334551717667875,Brecha entre dólar MEP y mayorista oficial (promedio del mes),%,Calculada: CCL (ArgentinaDatos) / mayorista (BCRA),indicador,mean
2025-11-01,BRECHA_MEP,2.8702687769612405,Brecha entre dólar MEP y mayorista oficial (promedio del mes),%,Calculada: CCL (ArgentinaDatos) / mayorista (BCRA),indicador,mean
2025-12-01,BRECHA_MEP,2.887884754061774,Brecha entre dólar MEP y mayorista oficial (promedio del mes),%,Calculada: CCL (ArgentinaDatos) / mayorista (BCRA),indicador,mean
2026-01-01,BRECHA_MEP,2.1346049599365435,Brecha entre dólar MEP y mayorista oficial (promedio del mes),%,Calculada: CCL (ArgentinaDatos) / mayorista (BCRA),indicador,mean
2026-02-01,BRECHA_MEP,1.6463808533686835,Brecha entre dólar MEP y mayorista oficial (promedio del mes),%,Calculada: CCL (ArgentinaDatos) / mayorista (BCRA),indicador,mean
2026-03-01,BRECHA_MEP,2.147091606269492,Brecha entre dólar MEP y mayorista oficial (promedio del mes),%,Calculada: CCL (ArgentinaDatos) / mayorista (BCRA),indicador,mean
2026-04-01,BRECHA_MEP,3.3012261060590204,Brecha entre dólar MEP y mayorista oficial (promedio del mes),%,Calculada: CCL (ArgentinaDatos) / mayorista (BCRA),indicador,mean
2026-05-01,BRECHA_MEP,2.684584415187926,Brecha entre dólar MEP y mayorista oficial (promedio del mes),%,Calculada: CCL (ArgentinaDatos) / mayorista (BCRA),indicador,mean
2026-06-01,BRECHA_MEP,1.6854133725801257,Brecha entre dólar MEP y mayorista oficial (promedio del mes),%,Calculada: CCL (ArgentinaDatos) / mayorista (BCRA),indicador,mean
2026-07-01,BRECHA_MEP,2.4092855855699904,Brecha entre dólar MEP y mayorista oficial (promedio del mes),%,Calculada: CCL (ArgentinaDatos) / mayorista (BCRA),indicador,mean
2026-08-01,BRECHA_MEP,2.1307027661724485,Brecha entre dólar MEP y mayorista oficial (promedio del mes),%,Calculada: CCL (ArgentinaDatos) / mayorista (BCRA),indicador,mean
2026-09-01,BRECHA_MEP,1.6586504905804085,Brecha entre dólar MEP y mayorista oficial (promedio del mes),%,Calculada: CCL (ArgentinaDatos) / mayorista (BCRA),indicador,mean
2016-06-01,CC_BIENES,358.0083000000004,Cuenta corriente cambiaria: total bienes,USD mn,"datos.gob.ar (Balance Cambiario, BCRA)",flujo,none
2016-07-01,CC_BIENES,158.1849999999995,Cuenta corriente cambiaria: total bienes,USD mn,"datos.gob.ar (Balance Cambiario, BCRA)",flujo,none
2016-08-01,CC_BIENES,414.7782000000007,Cuenta corriente cambiaria: total bienes,USD mn,"datos.gob.ar (Balance Cambiario, BCRA)",flujo,none
2016-09-01,CC_BIENES,342.1877999999997,Cuenta corriente cambiaria: total bienes,USD mn,"datos.gob.ar (Balance Cambiario, BCRA)",flujo,none
2016-10-01,CC_BIENES,375.0609000000004,Cuenta corriente cambiaria: total bienes,USD mn,"datos.gob.ar (Balance Cambiario, BCRA)",flujo,none
2016-11-01,CC_BIENES,630.4199000000003,Cuenta corriente cambiaria: total bienes,USD mn,"datos.gob.ar (Balance Cambiario, BCRA)",flujo,none
2016-12-01,CC_BIENES,439.3459999999996,Cuenta corriente cambiaria: total bienes,USD mn,"datos.gob.ar (Balance Cambiario, BCRA)",flujo,none
2017-01-01,CC_BIENES,1057.7174,Cuenta corriente cambiaria: total bienes,USD mn,"datos.gob.ar (Balance Cambiario, BCRA)",flujo,none
2017-02-01,CC_BIENES,247.6921000000002,Cuenta corriente cambiaria: total bienes,USD mn,"datos.gob.ar (Balance Cambiario, BCRA)",flujo,none
2017-03-01,CC_BIENES,628.7201999999997,Cuenta corriente cambiaria: total bienes,USD mn,"datos.gob.ar (Balance Cambiario, BCRA)",flujo,none
2017-04-01,CC_BIENES,712.3890999999994,Cuenta corriente cambiaria: total bienes,USD mn,"datos.gob.ar (Balance Cambiario, BCRA)",flujo,none
2017-05-01,CC_BIENES,849.7170999999998,Cuenta corriente cambiaria: total bienes,USD mn,"datos.gob.ar (Balance Cambiario, BCRA)",flujo,none
2017-06-01,CC_BIENES,365.6885999999995,Cuenta corriente cambiaria: total bienes,USD mn,"datos.gob.ar (Balance Cambiario, BCRA)",flujo,none
2017-07-01,CC_BIENES,293.1152999999995,Cuenta corriente cambiaria: total bienes,USD mn,"datos.gob.ar (Balance Cambiario, BCRA)",flujo,none
2017-08-01,CC_BIENES,284.4396999999999,Cuenta corriente cambiaria: total bienes,USD mn,"datos.gob.ar (Balance Cambiario, BCRA)",flujo,none
2017-09-01,CC_BIENES,-129.97580000000016,Cuenta corriente cambiaria: total bienes,USD mn,"datos.gob.ar (Balance Cambiario, BCRA)",flujo,none
2017-10-01,CC_BIENES,-140.1904999999997,Cuenta corriente cambiaria: total bienes,USD mn,"datos.gob.ar (Balance Cambiario, BCRA)",flujo,none
2017-11-01,CC_BIENES,-508.4200000000001,Cuenta corriente cambiaria: total bienes,USD mn,"datos.gob.ar (Balance Cambiario, BCRA)",flujo,none
2017-12-01,CC_BIENES,190.28699999999932,Cuenta corriente cambiaria: total bienes,USD mn,"datos.gob.ar (Balance Cambiario, BCRA)",flujo,none
2018-01-01,CC_BIENES,278.65390000000025,Cuenta corriente cambiaria: total bienes,USD mn,"datos.gob.ar (Balance Cambiario, BCRA)",flujo,none
2018-02-01,CC_BIENES,437.2129999999997,Cuenta corriente cambiaria: total bienes,USD mn,"datos.gob.ar (Balance Cambiario, BCRA)",flujo,none
2018-03-01,CC_BIENES,-180.53650000000016,Cuenta corriente cambiaria: total bienes,USD mn,"datos.gob.ar (Balance Cambiario, BCRA)",flujo,none
2018-04-01,CC_BIENES,508.6631000000002,Cuenta corriente cambiaria: total bienes,USD mn,"datos.gob.ar (Balance Cambiario, BCRA)",flujo,none
2018-05-01,CC_BIENES,436.5014000000001,Cuenta corriente cambiaria: total bienes,USD mn,"datos.gob.ar (Balance Cambiario, BCRA)",flujo,none
2018-06-01,CC_BIENES,1207.5855000000006,Cuenta corriente cambiaria: total bienes,USD mn,"datos.gob.ar (Balance Cambiario, BCRA)",flujo,none
2018-07-01,CC_BIENES,633.7812999999996,Cuenta corriente cambiaria: total bienes,USD mn,"datos.gob.ar (Balance Cambiario, BCRA)",flujo,none
2018-08-01,CC_BIENES,594.6627000000003,Cuenta corriente cambiaria: total bienes,USD mn,"datos.gob.ar (Balance Cambiario, BCRA)",flujo,none
2018-09-01,CC_BIENES,891.2919000000002,Cuenta corriente cambiaria: total bienes,USD mn,"datos.gob.ar (Balance Cambiario, BCRA)",flujo,none
2018-10-01,CC_BIENES,1098.9182999999998,Cuenta corriente cambiaria: total bienes,USD mn,"datos.gob.ar (Balance Cambiario, BCRA)",flujo,none
2018-11-01,CC_BIENES,976.1538,Cuenta corriente cambiaria: total bienes,USD mn,"datos.gob.ar (Balance Cambiario, BCRA)",flujo,none
2018-12-01,CC_BIENES,1323.3399,Cuenta corriente cambiaria: total bienes,USD mn,"datos.gob.ar (Balance Cambiario, BCRA)",flujo,none
2019-01-01,CC_BIENES,1993.7945000000004,Cuenta corriente cambiaria: total bienes,USD mn,"datos.gob.ar (Balance Cambiario, BCRA)",flujo,none
2019-02-01,CC_BIENES,1392.534,Cuenta corriente cambiaria: total bienes,USD mn,"datos.gob.ar (Balance Cambiario, BCRA)",flujo,none
2019-03-01,CC_BIENES,1125.6468999999995,Cuenta corriente cambiaria: total bienes,USD mn,"datos.gob.ar (Balance Cambiario, BCRA)",flujo,none
2019-04-01,CC_BIENES,1952.5333,Cuenta corriente cambiaria: total bienes,USD mn,"datos.gob.ar (Balance Cambiario, BCRA)",flujo,none
2019-05-01,CC_BIENES,2616.4428,Cuenta corriente cambiaria: total bienes,USD mn,"datos.gob.ar (Balance Cambiario, BCRA)",flujo,none
2019-06-01,CC_BIENES,2382.0214,Cuenta corriente cambiaria: total bienes,USD mn,"datos.gob.ar (Balance Cambiario, BCRA)",flujo,none
2019-07-01,CC_BIENES,2013.4350000000004,Cuenta corriente cambiaria: total bienes,USD mn,"datos.gob.ar (Balance Cambiario, BCRA)",flujo,none
2019-08-01,CC_BIENES,2032.9766,Cuenta corriente cambiaria: total bienes,USD mn,"datos.gob.ar (Balance Cambiario, BCRA)",flujo,none
2019-09-01,CC_BIENES,2237.4837,Cuenta corriente cambiaria: total bienes,USD mn,"datos.gob.ar (Balance Cambiario, BCRA)",flujo,none
2019-10-01,CC_BIENES,969.2407000000004,Cuenta corriente cambiaria: total bienes,USD mn,"datos.gob.ar (Balance Cambiario, BCRA)",flujo,none
2019-11-01,CC_BIENES,2753.7662,Cuenta corriente cambiaria: total bienes,USD mn,"datos.gob.ar (Balance Cambiario, BCRA)",flujo,none
2019-12-01,CC_BIENES,1966.4139,Cuenta corriente cambiaria: total bienes,USD mn,"datos.gob.ar (Balance Cambiario, BCRA)",flujo,none
2020-01-01,CC_BIENES,1576.957,Cuenta corriente cambiaria: total bienes,USD mn,"datos.gob.ar (Balance Cambiario, BCRA)",flujo,none
2020-02-01,CC_BIENES,781.9712,Cuenta corriente cambiaria: total bienes,USD mn,"datos.gob.ar (Balance Cambiario, BCRA)",flujo,none
2020-03-01,CC_BIENES,711.6455999999998,Cuenta corriente cambiaria: total bienes,USD mn,"datos.gob.ar (Balance Cambiario, BCRA)",flujo,none
2020-04-01,CC_BIENES,289.55899999999974,Cuenta corriente cambiaria: total bienes,USD mn,"datos.gob.ar (Balance Cambiario, BCRA)",flujo,none
2020-05-01,CC_BIENES,314.4675000000002,Cuenta corriente cambiaria: total bienes,USD mn,"datos.gob.ar (Balance Cambiario, BCRA)",flujo,none
2020-06-01,CC_BIENES,1956.352,Cuenta corriente cambiaria: total bienes,USD mn,"datos.gob.ar (Balance Cambiario, BCRA)",flujo,none
2020-07-01,CC_BIENES,1007.8763000000004,Cuenta corriente cambiaria: total bienes,USD mn,"datos.gob.ar (Balance Cambiario, BCRA)",flujo,none
2020-08-01,CC_BIENES,364.44090000000006,Cuenta corriente cambiaria: total bienes,USD mn,"datos.gob.ar (Balance Cambiario, BCRA)",flujo,none
2020-09-01,CC_BIENES,8.344599999999446,Cuenta corriente cambiaria: total bienes,USD mn,"datos.gob.ar (Balance Cambiario, BCRA)",flujo,none
2020-10-01,CC_BIENES,14.33719999999994,Cuenta corriente cambiaria: total bienes,USD mn,"datos.gob.ar (Balance Cambiario, BCRA)",flujo,none
2020-11-01,CC_BIENES,454.0770000000002,Cuenta corriente cambiaria: total bienes,USD mn,"datos.gob.ar (Balance Cambiario, BCRA)",flujo,none
2020-12-01,CC_BIENES,927.4066999999995,Cuenta corriente cambiaria: total bienes,USD mn,"datos.gob.ar (Balance Cambiario, BCRA)",flujo,none
2021-01-01,CC_BIENES,1050.7282999999998,Cuenta corriente cambiaria: total bienes,USD mn,"datos.gob.ar (Balance Cambiario, BCRA)",flujo,none
2021-02-01,CC_BIENES,1443.5109000000002,Cuenta corriente cambiaria: total bienes,USD mn,"datos.gob.ar (Balance Cambiario, BCRA)",flujo,none
2021-03-01,CC_BIENES,1991.8631,Cuenta corriente cambiaria: total bienes,USD mn,"datos.gob.ar (Balance Cambiario, BCRA)",flujo,none
2021-04-01,CC_BIENES,1932.664900000001,Cuenta corriente cambiaria: total bienes,USD mn,"datos.gob.ar (Balance Cambiario, BCRA)",flujo,none
2021-05-01,CC_BIENES,2369.8017,Cuenta corriente cambiaria: total bienes,USD mn,"datos.gob.ar (Balance Cambiario, BCRA)",flujo,none
2021-06-01,CC_BIENES,1798.1556,Cuenta corriente cambiaria: total bienes,USD mn,"datos.gob.ar (Balance Cambiario, BCRA)",flujo,none
2021-07-01,CC_BIENES,1485.2624999999998,Cuenta corriente cambiaria: total bienes,USD mn,"datos.gob.ar (Balance Cambiario, BCRA)",flujo,none
2021-08-01,CC_BIENES,607.3897999999999,Cuenta corriente cambiaria: total bienes,USD mn,"datos.gob.ar (Balance Cambiario, BCRA)",flujo,none
2021-09-01,CC_BIENES,316.1783999999998,Cuenta corriente cambiaria: total bienes,USD mn,"datos.gob.ar (Balance Cambiario, BCRA)",flujo,none
2021-10-01,CC_BIENES,1373.5931,Cuenta corriente cambiaria: total bienes,USD mn,"datos.gob.ar (Balance Cambiario, BCRA)",flujo,none
2021-11-01,CC_BIENES,-116.8806999999997,Cuenta corriente cambiaria: total bienes,USD mn,"datos.gob.ar (Balance Cambiario, BCRA)",flujo,none
2021-12-01,CC_BIENES,1060.1598999999997,Cuenta corriente cambiaria: total bienes,USD mn,"datos.gob.ar (Balance Cambiario, BCRA)",flujo,none
2022-01-01,CC_BIENES,1100.9954000000007,Cuenta corriente cambiaria: total bienes,USD mn,"datos.gob.ar (Balance Cambiario, BCRA)",flujo,none
2022-02-01,CC_BIENES,905.5960999999998,Cuenta corriente cambiaria: total bienes,USD mn,"datos.gob.ar (Balance Cambiario, BCRA)",flujo,none
2022-03-01,CC_BIENES,1852.7197000000008,Cuenta corriente cambiaria: total bienes,USD mn,"datos.gob.ar (Balance Cambiario, BCRA)",flujo,none
2022-04-01,CC_BIENES,1403.1717000000008,Cuenta corriente cambiaria: total bienes,USD mn,"datos.gob.ar (Balance Cambiario, BCRA)",flujo,none
2022-05-01,CC_BIENES,2015.0389,Cuenta corriente cambiaria: total bienes,USD mn,"datos.gob.ar (Balance Cambiario, BCRA)",flujo,none
2022-06-01,CC_BIENES,1677.6193000000003,Cuenta corriente cambiaria: total bienes,USD mn,"datos.gob.ar (Balance Cambiario, BCRA)",flujo,none
2022-07-01,CC_BIENES,689.2430999999997,Cuenta corriente cambiaria: total bienes,USD mn,"datos.gob.ar (Balance Cambiario, BCRA)",flujo,none
2022-08-01,CC_BIENES,1344.6333999999997,Cuenta corriente cambiaria: total bienes,USD mn,"datos.gob.ar (Balance Cambiario, BCRA)",flujo,none
2022-09-01,CC_BIENES,6948.088400000001,Cuenta corriente cambiaria: total bienes,USD mn,"datos.gob.ar (Balance Cambiario, BCRA)",flujo,none
2022-10-01,CC_BIENES,363.16609999999946,Cuenta corriente cambiaria: total bienes,USD mn,"datos.gob.ar (Balance Cambiario, BCRA)",flujo,none
2022-11-01,CC_BIENES,359.09359999999924,Cuenta corriente cambiaria: total bienes,USD mn,"datos.gob.ar (Balance Cambiario, BCRA)",flujo,none
2022-12-01,CC_BIENES,3158.0741,Cuenta corriente cambiaria: total bienes,USD mn,"datos.gob.ar (Balance Cambiario, BCRA)",flujo,none
2023-01-01,CC_BIENES,414.15610000000015,Cuenta corriente cambiaria: total bienes,USD mn,"datos.gob.ar (Balance Cambiario, BCRA)",flujo,none
2023-02-01,CC_BIENES,572.0713999999998,Cuenta corriente cambiaria: total bienes,USD mn,"datos.gob.ar (Balance Cambiario, BCRA)",flujo,none
2023-03-01,CC_BIENES,-746.9119999999994,Cuenta corriente cambiaria: total bienes,USD mn,"datos.gob.ar (Balance Cambiario, BCRA)",flujo,none
2023-04-01,CC_BIENES,902.6386000000002,Cuenta corriente cambiaria: total bienes,USD mn,"datos.gob.ar (Balance Cambiario, BCRA)",flujo,none
2023-05-01,CC_BIENES,2363.3625999999995,Cuenta corriente cambiaria: total bienes,USD mn,"datos.gob.ar (Balance Cambiario, BCRA)",flujo,none
2023-06-01,CC_BIENES,-921.0516000000008,Cuenta corriente cambiaria: total bienes,USD mn,"datos.gob.ar (Balance Cambiario, BCRA)",flujo,none
2023-07-01,CC_BIENES,984.5032999999994,Cuenta corriente cambiaria: total bienes,USD mn,"datos.gob.ar (Balance Cambiario, BCRA)",flujo,none
2023-08-01,CC_BIENES,1292.293,Cuenta corriente cambiaria: total bienes,USD mn,"datos.gob.ar (Balance Cambiario, BCRA)",flujo,none
2023-09-01,CC_BIENES,1406.3941,Cuenta corriente cambiaria: total bienes,USD mn,"datos.gob.ar (Balance Cambiario, BCRA)",flujo,none
2023-10-01,CC_BIENES,854.3210000000004,Cuenta corriente cambiaria: total bienes,USD mn,"datos.gob.ar (Balance Cambiario, BCRA)",flujo,none
2023-11-01,CC_BIENES,1982.4962,Cuenta corriente cambiaria: total bienes,USD mn,"datos.gob.ar (Balance Cambiario, BCRA)",flujo,none
2023-12-01,CC_BIENES,3381.3582,Cuenta corriente cambiaria: total bienes,USD mn,"datos.gob.ar (Balance Cambiario, BCRA)",flujo,none
2024-01-01,CC_BIENES,3879.0269,Cuenta corriente cambiaria: total bienes,USD mn,"datos.gob.ar (Balance Cambiario, BCRA)",flujo,none
2024-02-01,CC_BIENES,3058.8146,Cuenta corriente cambiaria: total bienes,USD mn,"datos.gob.ar (Balance Cambiario, BCRA)",flujo,none
2024-03-01,CC_BIENES,2424.1559,Cuenta corriente cambiaria: total bienes,USD mn,"datos.gob.ar (Balance Cambiario, BCRA)",flujo,none
2024-04-01,CC_BIENES,2737.2290000000003,Cuenta corriente cambiaria: total bienes,USD mn,"datos.gob.ar (Balance Cambiario, BCRA)",flujo,none
2024-05-01,CC_BIENES,2708.0803,Cuenta corriente cambiaria: total bienes,USD mn,"datos.gob.ar (Balance Cambiario, BCRA)",flujo,none
2024-06-01,CC_BIENES,794.6379999999999,Cuenta corriente cambiaria: total bienes,USD mn,"datos.gob.ar (Balance Cambiario, BCRA)",flujo,none
2024-07-01,CC_BIENES,551.1578,Cuenta corriente cambiaria: total bienes,USD mn,"datos.gob.ar (Balance Cambiario, BCRA)",flujo,none
2024-08-01,CC_BIENES,575.8012999999992,Cuenta corriente cambiaria: total bienes,USD mn,"datos.gob.ar (Balance Cambiario, BCRA)",flujo,none
2024-09-01,CC_BIENES,528.2651000000005,Cuenta corriente cambiaria: total bienes,USD mn,"datos.gob.ar (Balance Cambiario, BCRA)",flujo,none
2024-10-01,CC_BIENES,744.4735000000001,Cuenta corriente cambiaria: total bienes,USD mn,"datos.gob.ar (Balance Cambiario, BCRA)",flujo,none
2024-11-01,CC_BIENES,713.9578999999994,Cuenta corriente cambiaria: total bienes,USD mn,"datos.gob.ar (Balance Cambiario, BCRA)",flujo,none
2024-12-01,CC_BIENES,-38.66110000000026,Cuenta corriente cambiaria: total bienes,USD mn,"datos.gob.ar (Balance Cambiario, BCRA)",flujo,none
2025-01-01,CC_BIENES,425.0892999999997,Cuenta corriente cambiaria: total bienes,USD mn,"datos.gob.ar (Balance Cambiario, BCRA)",flujo,none
2025-02-01,CC_BIENES,869.0646999999999,Cuenta corriente cambiaria: total bienes,USD mn,"datos.gob.ar (Balance Cambiario, BCRA)",flujo,none
2025-03-01,CC_BIENES,-456.09500000000025,Cuenta corriente cambiaria: total bienes,USD mn,"datos.gob.ar (Balance Cambiario, BCRA)",flujo,none
2025-04-01,CC_BIENES,1213.5239,Cuenta corriente cambiaria: total bienes,USD mn,"datos.gob.ar (Balance Cambiario, BCRA)",flujo,none
2025-05-01,CC_BIENES,1811.4047,Cuenta corriente cambiaria: total bienes,USD mn,"datos.gob.ar (Balance Cambiario, BCRA)",flujo,none
2025-06-01,CC_BIENES,3376.2264000000005,Cuenta corriente cambiaria: total bienes,USD mn,"datos.gob.ar (Balance Cambiario, BCRA)",flujo,none
2025-07-01,CC_BIENES,3886.558,Cuenta corriente cambiaria: total bienes,USD mn,"datos.gob.ar (Balance Cambiario, BCRA)",flujo,none
2025-08-01,CC_BIENES,845.2876999999999,Cuenta corriente cambiaria: total bienes,USD mn,"datos.gob.ar (Balance Cambiario, BCRA)",flujo,none
2025-09-01,CC_BIENES,7003.134499999999,Cuenta corriente cambiaria: total bienes,USD mn,"datos.gob.ar (Balance Cambiario, BCRA)",flujo,none
2025-10-01,CC_BIENES,-673.1401999999998,Cuenta corriente cambiaria: total bienes,USD mn,"datos.gob.ar (Balance Cambiario, BCRA)",flujo,none
2025-11-01,CC_BIENES,534.9831999999997,Cuenta corriente cambiaria: total bienes,USD mn,"datos.gob.ar (Balance Cambiario, BCRA)",flujo,none
2025-12-01,CC_BIENES,426.10220000000027,Cuenta corriente cambiaria: total bienes,USD mn,"datos.gob.ar (Balance Cambiario, BCRA)",flujo,none
2026-01-01,CC_BIENES,2014.0156,Cuenta corriente cambiaria: total bienes,USD mn,"datos.gob.ar (Balance Cambiario, BCRA)",flujo,none
2026-02-01,CC_BIENES,1958.7068,Cuenta corriente cambiaria: total bienes,USD mn,"datos.gob.ar (Balance Cambiario, BCRA)",flujo,none
2026-03-01,CC_BIENES,1737.4548000000004,Cuenta corriente cambiaria: total bienes,USD mn,"datos.gob.ar (Balance Cambiario, BCRA)",flujo,none
2026-04-01,CC_BIENES,2945.653299999999,Cuenta corriente cambiaria: total bienes,USD mn,"datos.gob.ar (Balance Cambiario, BCRA)",flujo,none
2026-05-01,CC_BIENES,4321.840699999999,Cuenta corriente cambiaria: total bienes,USD mn,"datos.gob.ar (Balance Cambiario, BCRA)",flujo,none
2026-06-01,CC_BIENES,3017.8836999999994,Cuenta corriente cambiaria: total bienes,USD mn,"datos.gob.ar (Balance Cambiario, BCRA)",flujo,none
2026-07-01,CC_BIENES,4077.2767,Cuenta corriente cambiaria: total bienes,USD mn,"datos.gob.ar (Balance Cambiario, BCRA)",flujo,none
2026-08-01,CC_BIENES,3176.4207000000006,Cuenta corriente cambiaria: total bienes,USD mn,"datos.gob.ar (Balance Cambiario, BCRA)",flujo,none
2016-06-01,CC_CAMBIARIA,-1740.172199999999,Total cuenta corriente cambiaria,USD mn,"datos.gob.ar (Balance Cambiario, BCRA)",flujo,none
2016-07-01,CC_CAMBIARIA,-869.6963000000005,Total cuenta corriente cambiaria,USD mn,"datos.gob.ar (Balance Cambiario, BCRA)",flujo,none
2016-08-01,CC_CAMBIARIA,-766.8828999999992,Total cuenta corriente cambiaria,USD mn,"datos.gob.ar (Balance Cambiario, BCRA)",flujo,none
2016-09-01,CC_CAMBIARIA,-1115.0970000000002,Total cuenta corriente cambiaria,USD mn,"datos.gob.ar (Balance Cambiario, BCRA)",flujo,none
2016-10-01,CC_CAMBIARIA,-1668.4166999999993,Total cuenta corriente cambiaria,USD mn,"datos.gob.ar (Balance Cambiario, BCRA)",flujo,none
2016-11-01,CC_CAMBIARIA,-1090.3363999999997,Total cuenta corriente cambiaria,USD mn,"datos.gob.ar (Balance Cambiario, BCRA)",flujo,none
2016-12-01,CC_CAMBIARIA,-1396.9980000000005,Total cuenta corriente cambiaria,USD mn,"datos.gob.ar (Balance Cambiario, BCRA)",flujo,none
2017-01-01,CC_CAMBIARIA,-675.6745000000001,Total cuenta corriente cambiaria,USD mn,"datos.gob.ar (Balance Cambiario, BCRA)",flujo,none
2017-02-01,CC_CAMBIARIA,-911.3041999999998,Total cuenta corriente cambiaria,USD mn,"datos.gob.ar (Balance Cambiario, BCRA)",flujo,none
2017-03-01,CC_CAMBIARIA,-835.6768000000004,Total cuenta corriente cambiaria,USD mn,"datos.gob.ar (Balance Cambiario, BCRA)",flujo,none
2017-04-01,CC_CAMBIARIA,-1496.8740000000005,Total cuenta corriente cambiaria,USD mn,"datos.gob.ar (Balance Cambiario, BCRA)",flujo,none
2017-05-01,CC_CAMBIARIA,-989.3661000000002,Total cuenta corriente cambiaria,USD mn,"datos.gob.ar (Balance Cambiario, BCRA)",flujo,none
2017-06-01,CC_CAMBIARIA,-1543.1448000000005,Total cuenta corriente cambiaria,USD mn,"datos.gob.ar (Balance Cambiario, BCRA)",flujo,none
2017-07-01,CC_CAMBIARIA,-1354.3783000000008,Total cuenta corriente cambiaria,USD mn,"datos.gob.ar (Balance Cambiario, BCRA)",flujo,none
2017-08-01,CC_CAMBIARIA,-1132.1895000000002,Total cuenta corriente cambiaria,USD mn,"datos.gob.ar (Balance Cambiario, BCRA)",flujo,none
2017-09-01,CC_CAMBIARIA,-1626.5027000000005,Total cuenta corriente cambiaria,USD mn,"datos.gob.ar (Balance Cambiario, BCRA)",flujo,none
2017-10-01,CC_CAMBIARIA,-2268.8129,Total cuenta corriente cambiaria,USD mn,"datos.gob.ar (Balance Cambiario, BCRA)",flujo,none
2017-11-01,CC_CAMBIARIA,-2755.2619,Total cuenta corriente cambiaria,USD mn,"datos.gob.ar (Balance Cambiario, BCRA)",flujo,none
2017-12-01,CC_CAMBIARIA,-1797.417400000001,Total cuenta corriente cambiaria,USD mn,"datos.gob.ar (Balance Cambiario, BCRA)",flujo,none
2018-01-01,CC_CAMBIARIA,-1910.3136,Total cuenta corriente cambiaria,USD mn,"datos.gob.ar (Balance Cambiario, BCRA)",flujo,none
2018-02-01,CC_CAMBIARIA,-957.4244000000004,Total cuenta corriente cambiaria,USD mn,"datos.gob.ar (Balance Cambiario, BCRA)",flujo,none
2018-03-01,CC_CAMBIARIA,-1679.5138000000002,Total cuenta corriente cambiaria,USD mn,"datos.gob.ar (Balance Cambiario, BCRA)",flujo,none
2018-04-01,CC_CAMBIARIA,-1485.0337,Total cuenta corriente cambiaria,USD mn,"datos.gob.ar (Balance Cambiario, BCRA)",flujo,none
2018-05-01,CC_CAMBIARIA,-2166.1471,Total cuenta corriente cambiaria,USD mn,"datos.gob.ar (Balance Cambiario, BCRA)",flujo,none
2018-06-01,CC_CAMBIARIA,-438.3992999999996,Total cuenta corriente cambiaria,USD mn,"datos.gob.ar (Balance Cambiario, BCRA)",flujo,none
2018-07-01,CC_CAMBIARIA,-1165.9591000000005,Total cuenta corriente cambiaria,USD mn,"datos.gob.ar (Balance Cambiario, BCRA)",flujo,none
2018-08-01,CC_CAMBIARIA,-385.65169999999966,Total cuenta corriente cambiaria,USD mn,"datos.gob.ar (Balance Cambiario, BCRA)",flujo,none
2018-09-01,CC_CAMBIARIA,111.26250000000029,Total cuenta corriente cambiaria,USD mn,"datos.gob.ar (Balance Cambiario, BCRA)",flujo,none
2018-10-01,CC_CAMBIARIA,-366.4214000000002,Total cuenta corriente cambiaria,USD mn,"datos.gob.ar (Balance Cambiario, BCRA)",flujo,none
2018-11-01,CC_CAMBIARIA,-718.7075,Total cuenta corriente cambiaria,USD mn,"datos.gob.ar (Balance Cambiario, BCRA)",flujo,none
2018-12-01,CC_CAMBIARIA,-108.32369999999992,Total cuenta corriente cambiaria,USD mn,"datos.gob.ar (Balance Cambiario, BCRA)",flujo,none
2019-01-01,CC_CAMBIARIA,64.42090000000098,Total cuenta corriente cambiaria,USD mn,"datos.gob.ar (Balance Cambiario, BCRA)",flujo,none
2019-02-01,CC_CAMBIARIA,462.8872000000001,Total cuenta corriente cambiaria,USD mn,"datos.gob.ar (Balance Cambiario, BCRA)",flujo,none
2019-03-01,CC_CAMBIARIA,313.5886999999997,Total cuenta corriente cambiaria,USD mn,"datos.gob.ar (Balance Cambiario, BCRA)",flujo,none
2019-04-01,CC_CAMBIARIA,253.3807999999999,Total cuenta corriente cambiaria,USD mn,"datos.gob.ar (Balance Cambiario, BCRA)",flujo,none
2019-05-01,CC_CAMBIARIA,248.30979999999957,Total cuenta corriente cambiaria,USD mn,"datos.gob.ar (Balance Cambiario, BCRA)",flujo,none
2019-06-01,CC_CAMBIARIA,947.1298999999996,Total cuenta corriente cambiaria,USD mn,"datos.gob.ar (Balance Cambiario, BCRA)",flujo,none
2019-07-01,CC_CAMBIARIA,500.38490000000047,Total cuenta corriente cambiaria,USD mn,"datos.gob.ar (Balance Cambiario, BCRA)",flujo,none
2019-08-01,CC_CAMBIARIA,834.7398000000001,Total cuenta corriente cambiaria,USD mn,"datos.gob.ar (Balance Cambiario, BCRA)",flujo,none
2019-09-01,CC_CAMBIARIA,1406.8340999999998,Total cuenta corriente cambiaria,USD mn,"datos.gob.ar (Balance Cambiario, BCRA)",flujo,none
2019-10-01,CC_CAMBIARIA,-507.6046999999999,Total cuenta corriente cambiaria,USD mn,"datos.gob.ar (Balance Cambiario, BCRA)",flujo,none
2019-11-01,CC_CAMBIARIA,1342.1437,Total cuenta corriente cambiaria,USD mn,"datos.gob.ar (Balance Cambiario, BCRA)",flujo,none
2019-12-01,CC_CAMBIARIA,545.5558000000001,Total cuenta corriente cambiaria,USD mn,"datos.gob.ar (Balance Cambiario, BCRA)",flujo,none
2020-01-01,CC_CAMBIARIA,35.16349999999966,Total cuenta corriente cambiaria,USD mn,"datos.gob.ar (Balance Cambiario, BCRA)",flujo,none
2020-02-01,CC_CAMBIARIA,41.56630000000007,Total cuenta corriente cambiaria,USD mn,"datos.gob.ar (Balance Cambiario, BCRA)",flujo,none
2020-03-01,CC_CAMBIARIA,85.17049999999983,Total cuenta corriente cambiaria,USD mn,"datos.gob.ar (Balance Cambiario, BCRA)",flujo,none
2020-04-01,CC_CAMBIARIA,-158.59920000000022,Total cuenta corriente cambiaria,USD mn,"datos.gob.ar (Balance Cambiario, BCRA)",flujo,none
2020-05-01,CC_CAMBIARIA,-323.4889999999998,Total cuenta corriente cambiaria,USD mn,"datos.gob.ar (Balance Cambiario, BCRA)",flujo,none
2020-06-01,CC_CAMBIARIA,1561.9411,Total cuenta corriente cambiaria,USD mn,"datos.gob.ar (Balance Cambiario, BCRA)",flujo,none
2020-07-01,CC_CAMBIARIA,504.3666000000004,Total cuenta corriente cambiaria,USD mn,"datos.gob.ar (Balance Cambiario, BCRA)",flujo,none
2020-08-01,CC_CAMBIARIA,-463.9187999999999,Total cuenta corriente cambiaria,USD mn,"datos.gob.ar (Balance Cambiario, BCRA)",flujo,none
2020-09-01,CC_CAMBIARIA,-599.9273000000006,Total cuenta corriente cambiaria,USD mn,"datos.gob.ar (Balance Cambiario, BCRA)",flujo,none
2020-10-01,CC_CAMBIARIA,-514.5131000000001,Total cuenta corriente cambiaria,USD mn,"datos.gob.ar (Balance Cambiario, BCRA)",flujo,none
2020-11-01,CC_CAMBIARIA,-330.1969999999998,Total cuenta corriente cambiaria,USD mn,"datos.gob.ar (Balance Cambiario, BCRA)",flujo,none
2020-12-01,CC_CAMBIARIA,405.7855999999996,Total cuenta corriente cambiaria,USD mn,"datos.gob.ar (Balance Cambiario, BCRA)",flujo,none
2021-01-01,CC_CAMBIARIA,416.6870999999999,Total cuenta corriente cambiaria,USD mn,"datos.gob.ar (Balance Cambiario, BCRA)",flujo,none
2021-02-01,CC_CAMBIARIA,749.2784000000001,Total cuenta corriente cambiaria,USD mn,"datos.gob.ar (Balance Cambiario, BCRA)",flujo,none
2021-03-01,CC_CAMBIARIA,1385.2344999999996,Total cuenta corriente cambiaria,USD mn,"datos.gob.ar (Balance Cambiario, BCRA)",flujo,none
2021-04-01,CC_CAMBIARIA,1518.8791000000006,Total cuenta corriente cambiaria,USD mn,"datos.gob.ar (Balance Cambiario, BCRA)",flujo,none
2021-05-01,CC_CAMBIARIA,1731.3322,Total cuenta corriente cambiaria,USD mn,"datos.gob.ar (Balance Cambiario, BCRA)",flujo,none
2021-06-01,CC_CAMBIARIA,1281.8994,Total cuenta corriente cambiaria,USD mn,"datos.gob.ar (Balance Cambiario, BCRA)",flujo,none
2021-07-01,CC_CAMBIARIA,656.5770999999997,Total cuenta corriente cambiaria,USD mn,"datos.gob.ar (Balance Cambiario, BCRA)",flujo,none
2021-08-01,CC_CAMBIARIA,-308.826,Total cuenta corriente cambiaria,USD mn,"datos.gob.ar (Balance Cambiario, BCRA)",flujo,none
2021-09-01,CC_CAMBIARIA,-784.5483000000002,Total cuenta corriente cambiaria,USD mn,"datos.gob.ar (Balance Cambiario, BCRA)",flujo,none
2021-10-01,CC_CAMBIARIA,554.5745000000001,Total cuenta corriente cambiaria,USD mn,"datos.gob.ar (Balance Cambiario, BCRA)",flujo,none
2021-11-01,CC_CAMBIARIA,-1566.7343999999996,Total cuenta corriente cambiaria,USD mn,"datos.gob.ar (Balance Cambiario, BCRA)",flujo,none
2021-12-01,CC_CAMBIARIA,-44.394700000000284,Total cuenta corriente cambiaria,USD mn,"datos.gob.ar (Balance Cambiario, BCRA)",flujo,none
2022-01-01,CC_CAMBIARIA,-471.46139999999946,Total cuenta corriente cambiaria,USD mn,"datos.gob.ar (Balance Cambiario, BCRA)",flujo,none
2022-02-01,CC_CAMBIARIA,-476.164618370341,Total cuenta corriente cambiaria,USD mn,"datos.gob.ar (Balance Cambiario, BCRA)",flujo,none
2022-03-01,CC_CAMBIARIA,486.3406000000005,Total cuenta corriente cambiaria,USD mn,"datos.gob.ar (Balance Cambiario, BCRA)",flujo,none
2022-04-01,CC_CAMBIARIA,276.19000000000074,Total cuenta corriente cambiaria,USD mn,"datos.gob.ar (Balance Cambiario, BCRA)",flujo,none
2022-05-01,CC_CAMBIARIA,483.5600999999992,Total cuenta corriente cambiaria,USD mn,"datos.gob.ar (Balance Cambiario, BCRA)",flujo,none
2022-06-01,CC_CAMBIARIA,522.2669000000001,Total cuenta corriente cambiaria,USD mn,"datos.gob.ar (Balance Cambiario, BCRA)",flujo,none
2022-07-01,CC_CAMBIARIA,-1301.6183000000003,Total cuenta corriente cambiaria,USD mn,"datos.gob.ar (Balance Cambiario, BCRA)",flujo,none
2022-08-01,CC_CAMBIARIA,-572.3798174414974,Total cuenta corriente cambiaria,USD mn,"datos.gob.ar (Balance Cambiario, BCRA)",flujo,none
2022-09-01,CC_CAMBIARIA,5477.8856000000005,Total cuenta corriente cambiaria,USD mn,"datos.gob.ar (Balance Cambiario, BCRA)",flujo,none
2022-10-01,CC_CAMBIARIA,-664.1757000000005,Total cuenta corriente cambiaria,USD mn,"datos.gob.ar (Balance Cambiario, BCRA)",flujo,none
2022-11-01,CC_CAMBIARIA,-1200.8150531389078,Total cuenta corriente cambiaria,USD mn,"datos.gob.ar (Balance Cambiario, BCRA)",flujo,none
2022-12-01,CC_CAMBIARIA,2219.807,Total cuenta corriente cambiaria,USD mn,"datos.gob.ar (Balance Cambiario, BCRA)",flujo,none
2023-01-01,CC_CAMBIARIA,-1650.7691000000004,Total cuenta corriente cambiaria,USD mn,"datos.gob.ar (Balance Cambiario, BCRA)",flujo,none
2023-02-01,CC_CAMBIARIA,-1237.3650999999998,Total cuenta corriente cambiaria,USD mn,"datos.gob.ar (Balance Cambiario, BCRA)",flujo,none
2023-03-01,CC_CAMBIARIA,-2019.7326999999996,Total cuenta corriente cambiaria,USD mn,"datos.gob.ar (Balance Cambiario, BCRA)",flujo,none
2023-04-01,CC_CAMBIARIA,71.38850000000025,Total cuenta corriente cambiaria,USD mn,"datos.gob.ar (Balance Cambiario, BCRA)",flujo,none
2023-05-01,CC_CAMBIARIA,776.0988999999995,Total cuenta corriente cambiaria,USD mn,"datos.gob.ar (Balance Cambiario, BCRA)",flujo,none
2023-06-01,CC_CAMBIARIA,-1711.5630000000006,Total cuenta corriente cambiaria,USD mn,"datos.gob.ar (Balance Cambiario, BCRA)",flujo,none
2023-07-01,CC_CAMBIARIA,-644.8293000000008,Total cuenta corriente cambiaria,USD mn,"datos.gob.ar (Balance Cambiario, BCRA)",flujo,none
2023-08-01,CC_CAMBIARIA,-371.7949085747669,Total cuenta corriente cambiaria,USD mn,"datos.gob.ar (Balance Cambiario, BCRA)",flujo,none
2023-09-01,CC_CAMBIARIA,511.1496999999998,Total cuenta corriente cambiaria,USD mn,"datos.gob.ar (Balance Cambiario, BCRA)",flujo,none
2023-10-01,CC_CAMBIARIA,-313.05979999999954,Total cuenta corriente cambiaria,USD mn,"datos.gob.ar (Balance Cambiario, BCRA)",flujo,none
2023-11-01,CC_CAMBIARIA,46.7989,Total cuenta corriente cambiaria,USD mn,"datos.gob.ar (Balance Cambiario, BCRA)",flujo,none
2023-12-01,CC_CAMBIARIA,2962.4779,Total cuenta corriente cambiaria,USD mn,"datos.gob.ar (Balance Cambiario, BCRA)",flujo,none
2024-01-01,CC_CAMBIARIA,2344.0178,Total cuenta corriente cambiaria,USD mn,"datos.gob.ar (Balance Cambiario, BCRA)",flujo,none
2024-02-01,CC_CAMBIARIA,1575.2705,Total cuenta corriente cambiaria,USD mn,"datos.gob.ar (Balance Cambiario, BCRA)",flujo,none
2024-03-01,CC_CAMBIARIA,1803.7895,Total cuenta corriente cambiaria,USD mn,"datos.gob.ar (Balance Cambiario, BCRA)",flujo,none
2024-04-01,CC_CAMBIARIA,2276.673,Total cuenta corriente cambiaria,USD mn,"datos.gob.ar (Balance Cambiario, BCRA)",flujo,none
2024-05-01,CC_CAMBIARIA,1160.8640000000005,Total cuenta corriente cambiaria,USD mn,"datos.gob.ar (Balance Cambiario, BCRA)",flujo,none
2024-06-01,CC_CAMBIARIA,-223.36470000000008,Total cuenta corriente cambiaria,USD mn,"datos.gob.ar (Balance Cambiario, BCRA)",flujo,none
2024-07-01,CC_CAMBIARIA,-1667.9089000000004,Total cuenta corriente cambiaria,USD mn,"datos.gob.ar (Balance Cambiario, BCRA)",flujo,none
2024-08-01,CC_CAMBIARIA,-1268.8185000000008,Total cuenta corriente cambiaria,USD mn,"datos.gob.ar (Balance Cambiario, BCRA)",flujo,none
2024-09-01,CC_CAMBIARIA,-699.6352999999995,Total cuenta corriente cambiaria,USD mn,"datos.gob.ar (Balance Cambiario, BCRA)",flujo,none
2024-10-01,CC_CAMBIARIA,-1580.9254,Total cuenta corriente cambiaria,USD mn,"datos.gob.ar (Balance Cambiario, BCRA)",flujo,none
2024-11-01,CC_CAMBIARIA,-911.0108000000004,Total cuenta corriente cambiaria,USD mn,"datos.gob.ar (Balance Cambiario, BCRA)",flujo,none
2024-12-01,CC_CAMBIARIA,-1113.8355000000004,Total cuenta corriente cambiaria,USD mn,"datos.gob.ar (Balance Cambiario, BCRA)",flujo,none
2025-01-01,CC_CAMBIARIA,-1291.8526000000006,Total cuenta corriente cambiaria,USD mn,"datos.gob.ar (Balance Cambiario, BCRA)",flujo,none
2025-02-01,CC_CAMBIARIA,-1230.5871124507648,Total cuenta corriente cambiaria,USD mn,"datos.gob.ar (Balance Cambiario, BCRA)",flujo,none
2025-03-01,CC_CAMBIARIA,-1674.3498000000004,Total cuenta corriente cambiaria,USD mn,"datos.gob.ar (Balance Cambiario, BCRA)",flujo,none
2025-04-01,CC_CAMBIARIA,-458.9765999999997,Total cuenta corriente cambiaria,USD mn,"datos.gob.ar (Balance Cambiario, BCRA)",flujo,none
2025-05-01,CC_CAMBIARIA,-149.27430000000004,Total cuenta corriente cambiaria,USD mn,"datos.gob.ar (Balance Cambiario, BCRA)",flujo,none
2025-06-01,CC_CAMBIARIA,2158.190700000001,Total cuenta corriente cambiaria,USD mn,"datos.gob.ar (Balance Cambiario, BCRA)",flujo,none
2025-07-01,CC_CAMBIARIA,1373.5621,Total cuenta corriente cambiaria,USD mn,"datos.gob.ar (Balance Cambiario, BCRA)",flujo,none
2025-08-01,CC_CAMBIARIA,-1133.0106000000003,Total cuenta corriente cambiaria,USD mn,"datos.gob.ar (Balance Cambiario, BCRA)",flujo,none
2025-09-01,CC_CAMBIARIA,5510.114508384761,Total cuenta corriente cambiaria,USD mn,"datos.gob.ar (Balance Cambiario, BCRA)",flujo,none
2025-10-01,CC_CAMBIARIA,-2599.1548,Total cuenta corriente cambiaria,USD mn,"datos.gob.ar (Balance Cambiario, BCRA)",flujo,none
2025-11-01,CC_CAMBIARIA,-1163.049,Total cuenta corriente cambiaria,USD mn,"datos.gob.ar (Balance Cambiario, BCRA)",flujo,none
2025-12-01,CC_CAMBIARIA,-1564.6217,Total cuenta corriente cambiaria,USD mn,"datos.gob.ar (Balance Cambiario, BCRA)",flujo,none
2026-01-01,CC_CAMBIARIA,-980.9855999999996,Total cuenta corriente cambiaria,USD mn,"datos.gob.ar (Balance Cambiario, BCRA)",flujo,none
2026-02-01,CC_CAMBIARIA,-115.48779999999988,Total cuenta corriente cambiaria,USD mn,"datos.gob.ar (Balance Cambiario, BCRA)",flujo,none
2026-03-01,CC_CAMBIARIA,-102.81199999999968,Total cuenta corriente cambiaria,USD mn,"datos.gob.ar (Balance Cambiario, BCRA)",flujo,none
2026-04-01,CC_CAMBIARIA,1583.599899999999,Total cuenta corriente cambiaria,USD mn,"datos.gob.ar (Balance Cambiario, BCRA)",flujo,none
2026-05-01,CC_CAMBIARIA,1877.0171999999989,Total cuenta corriente cambiaria,USD mn,"datos.gob.ar (Balance Cambiario, BCRA)",flujo,none
2026-06-01,CC_CAMBIARIA,856.8685999999998,Total cuenta corriente cambiaria,USD mn,"datos.gob.ar (Balance Cambiario, BCRA)",flujo,none
2026-07-01,CC_CAMBIARIA,413.1158999999989,Total cuenta corriente cambiaria,USD mn,"datos.gob.ar (Balance Cambiario, BCRA)",flujo,none
2026-08-01,CC_CAMBIARIA,806.3063000000002,Total cuenta corriente cambiaria,USD mn,"datos.gob.ar (Balance Cambiario, BCRA)",flujo,none
2016-06-01,CC_SERVICIOS,-687.9532,Cuenta corriente cambiaria: total servicios,USD mn,"datos.gob.ar (Balance Cambiario, BCRA)",flujo,none
2016-07-01,CC_SERVICIOS,-826.0553,Cuenta corriente cambiaria: total servicios,USD mn,"datos.gob.ar (Balance Cambiario, BCRA)",flujo,none
2016-08-01,CC_SERVICIOS,-721.7693999999999,Cuenta corriente cambiaria: total servicios,USD mn,"datos.gob.ar (Balance Cambiario, BCRA)",flujo,none
2016-09-01,CC_SERVICIOS,-759.5091,Cuenta corriente cambiaria: total servicios,USD mn,"datos.gob.ar (Balance Cambiario, BCRA)",flujo,none
2016-10-01,CC_SERVICIOS,-695.8858999999999,Cuenta corriente cambiaria: total servicios,USD mn,"datos.gob.ar (Balance Cambiario, BCRA)",flujo,none
2016-11-01,CC_SERVICIOS,-655.9559,Cuenta corriente cambiaria: total servicios,USD mn,"datos.gob.ar (Balance Cambiario, BCRA)",flujo,none
2016-12-01,CC_SERVICIOS,-582.4953999999998,Cuenta corriente cambiaria: total servicios,USD mn,"datos.gob.ar (Balance Cambiario, BCRA)",flujo,none
2017-01-01,CC_SERVICIOS,-1150.2605,Cuenta corriente cambiaria: total servicios,USD mn,"datos.gob.ar (Balance Cambiario, BCRA)",flujo,none
2017-02-01,CC_SERVICIOS,-907.4083,Cuenta corriente cambiaria: total servicios,USD mn,"datos.gob.ar (Balance Cambiario, BCRA)",flujo,none
2017-03-01,CC_SERVICIOS,-839.2283,Cuenta corriente cambiaria: total servicios,USD mn,"datos.gob.ar (Balance Cambiario, BCRA)",flujo,none
2017-04-01,CC_SERVICIOS,-715.2484999999999,Cuenta corriente cambiaria: total servicios,USD mn,"datos.gob.ar (Balance Cambiario, BCRA)",flujo,none
2017-05-01,CC_SERVICIOS,-768.6333999999999,Cuenta corriente cambiaria: total servicios,USD mn,"datos.gob.ar (Balance Cambiario, BCRA)",flujo,none
2017-06-01,CC_SERVICIOS,-751.6904999999999,Cuenta corriente cambiaria: total servicios,USD mn,"datos.gob.ar (Balance Cambiario, BCRA)",flujo,none
2017-07-01,CC_SERVICIOS,-929.7534,Cuenta corriente cambiaria: total servicios,USD mn,"datos.gob.ar (Balance Cambiario, BCRA)",flujo,none
2017-08-01,CC_SERVICIOS,-1026.9672,Cuenta corriente cambiaria: total servicios,USD mn,"datos.gob.ar (Balance Cambiario, BCRA)",flujo,none
2017-09-01,CC_SERVICIOS,-902.5319000000002,Cuenta corriente cambiaria: total servicios,USD mn,"datos.gob.ar (Balance Cambiario, BCRA)",flujo,none
2017-10-01,CC_SERVICIOS,-984.4537,Cuenta corriente cambiaria: total servicios,USD mn,"datos.gob.ar (Balance Cambiario, BCRA)",flujo,none
2017-11-01,CC_SERVICIOS,-952.1015,Cuenta corriente cambiaria: total servicios,USD mn,"datos.gob.ar (Balance Cambiario, BCRA)",flujo,none
2017-12-01,CC_SERVICIOS,-890.2478000000001,Cuenta corriente cambiaria: total servicios,USD mn,"datos.gob.ar (Balance Cambiario, BCRA)",flujo,none
2018-01-01,CC_SERVICIOS,-1402.6109,Cuenta corriente cambiaria: total servicios,USD mn,"datos.gob.ar (Balance Cambiario, BCRA)",flujo,none
2018-02-01,CC_SERVICIOS,-1268.0135,Cuenta corriente cambiaria: total servicios,USD mn,"datos.gob.ar (Balance Cambiario, BCRA)",flujo,none
2018-03-01,CC_SERVICIOS,-1011.1081,Cuenta corriente cambiaria: total servicios,USD mn,"datos.gob.ar (Balance Cambiario, BCRA)",flujo,none
2018-04-01,CC_SERVICIOS,-897.3946,Cuenta corriente cambiaria: total servicios,USD mn,"datos.gob.ar (Balance Cambiario, BCRA)",flujo,none
2018-05-01,CC_SERVICIOS,-956.8743,Cuenta corriente cambiaria: total servicios,USD mn,"datos.gob.ar (Balance Cambiario, BCRA)",flujo,none
2018-06-01,CC_SERVICIOS,-798.7195000000002,Cuenta corriente cambiaria: total servicios,USD mn,"datos.gob.ar (Balance Cambiario, BCRA)",flujo,none
2018-07-01,CC_SERVICIOS,-729.0255,Cuenta corriente cambiaria: total servicios,USD mn,"datos.gob.ar (Balance Cambiario, BCRA)",flujo,none
2018-08-01,CC_SERVICIOS,-679.7704,Cuenta corriente cambiaria: total servicios,USD mn,"datos.gob.ar (Balance Cambiario, BCRA)",flujo,none
2018-09-01,CC_SERVICIOS,-354.7062,Cuenta corriente cambiaria: total servicios,USD mn,"datos.gob.ar (Balance Cambiario, BCRA)",flujo,none
2018-10-01,CC_SERVICIOS,-473.71170000000006,Cuenta corriente cambiaria: total servicios,USD mn,"datos.gob.ar (Balance Cambiario, BCRA)",flujo,none
2018-11-01,CC_SERVICIOS,-405.2731,Cuenta corriente cambiaria: total servicios,USD mn,"datos.gob.ar (Balance Cambiario, BCRA)",flujo,none
2018-12-01,CC_SERVICIOS,-338.5249,Cuenta corriente cambiaria: total servicios,USD mn,"datos.gob.ar (Balance Cambiario, BCRA)",flujo,none
2019-01-01,CC_SERVICIOS,-668.6164,Cuenta corriente cambiaria: total servicios,USD mn,"datos.gob.ar (Balance Cambiario, BCRA)",flujo,none
2019-02-01,CC_SERVICIOS,-492.4541,Cuenta corriente cambiaria: total servicios,USD mn,"datos.gob.ar (Balance Cambiario, BCRA)",flujo,none
2019-03-01,CC_SERVICIOS,-389.3538000000001,Cuenta corriente cambiaria: total servicios,USD mn,"datos.gob.ar (Balance Cambiario, BCRA)",flujo,none
2019-04-01,CC_SERVICIOS,-463.4219999999999,Cuenta corriente cambiaria: total servicios,USD mn,"datos.gob.ar (Balance Cambiario, BCRA)",flujo,none
2019-05-01,CC_SERVICIOS,-576.2563000000002,Cuenta corriente cambiaria: total servicios,USD mn,"datos.gob.ar (Balance Cambiario, BCRA)",flujo,none
2019-06-01,CC_SERVICIOS,-488.0154,Cuenta corriente cambiaria: total servicios,USD mn,"datos.gob.ar (Balance Cambiario, BCRA)",flujo,none
2019-07-01,CC_SERVICIOS,-521.0449,Cuenta corriente cambiaria: total servicios,USD mn,"datos.gob.ar (Balance Cambiario, BCRA)",flujo,none
2019-08-01,CC_SERVICIOS,-508.5027999999999,Cuenta corriente cambiaria: total servicios,USD mn,"datos.gob.ar (Balance Cambiario, BCRA)",flujo,none
2019-09-01,CC_SERVICIOS,-228.2848,Cuenta corriente cambiaria: total servicios,USD mn,"datos.gob.ar (Balance Cambiario, BCRA)",flujo,none
2019-10-01,CC_SERVICIOS,-447.05960000000016,Cuenta corriente cambiaria: total servicios,USD mn,"datos.gob.ar (Balance Cambiario, BCRA)",flujo,none
2019-11-01,CC_SERVICIOS,-261.43360000000007,Cuenta corriente cambiaria: total servicios,USD mn,"datos.gob.ar (Balance Cambiario, BCRA)",flujo,none
2019-12-01,CC_SERVICIOS,-347.48400000000004,Cuenta corriente cambiaria: total servicios,USD mn,"datos.gob.ar (Balance Cambiario, BCRA)",flujo,none
2020-01-01,CC_SERVICIOS,-27.262200000000007,Cuenta corriente cambiaria: total servicios,USD mn,"datos.gob.ar (Balance Cambiario, BCRA)",flujo,none
2020-02-01,CC_SERVICIOS,-73.81269999999995,Cuenta corriente cambiaria: total servicios,USD mn,"datos.gob.ar (Balance Cambiario, BCRA)",flujo,none
2020-03-01,CC_SERVICIOS,-12.00019999999995,Cuenta corriente cambiaria: total servicios,USD mn,"datos.gob.ar (Balance Cambiario, BCRA)",flujo,none
2020-04-01,CC_SERVICIOS,-84.93089999999995,Cuenta corriente cambiaria: total servicios,USD mn,"datos.gob.ar (Balance Cambiario, BCRA)",flujo,none
2020-05-01,CC_SERVICIOS,-16.31910000000005,Cuenta corriente cambiaria: total servicios,USD mn,"datos.gob.ar (Balance Cambiario, BCRA)",flujo,none
2020-06-01,CC_SERVICIOS,-70.63699999999994,Cuenta corriente cambiaria: total servicios,USD mn,"datos.gob.ar (Balance Cambiario, BCRA)",flujo,none
2020-07-01,CC_SERVICIOS,-134.55989999999997,Cuenta corriente cambiaria: total servicios,USD mn,"datos.gob.ar (Balance Cambiario, BCRA)",flujo,none
2020-08-01,CC_SERVICIOS,-229.61350000000004,Cuenta corriente cambiaria: total servicios,USD mn,"datos.gob.ar (Balance Cambiario, BCRA)",flujo,none
2020-09-01,CC_SERVICIOS,-278.3430000000001,Cuenta corriente cambiaria: total servicios,USD mn,"datos.gob.ar (Balance Cambiario, BCRA)",flujo,none
2020-10-01,CC_SERVICIOS,-273.5769,Cuenta corriente cambiaria: total servicios,USD mn,"datos.gob.ar (Balance Cambiario, BCRA)",flujo,none
2020-11-01,CC_SERVICIOS,-194.6609,Cuenta corriente cambiaria: total servicios,USD mn,"datos.gob.ar (Balance Cambiario, BCRA)",flujo,none
2020-12-01,CC_SERVICIOS,-188.4005,Cuenta corriente cambiaria: total servicios,USD mn,"datos.gob.ar (Balance Cambiario, BCRA)",flujo,none
2021-01-01,CC_SERVICIOS,-187.0286,Cuenta corriente cambiaria: total servicios,USD mn,"datos.gob.ar (Balance Cambiario, BCRA)",flujo,none
2021-02-01,CC_SERVICIOS,-216.8971,Cuenta corriente cambiaria: total servicios,USD mn,"datos.gob.ar (Balance Cambiario, BCRA)",flujo,none
2021-03-01,CC_SERVICIOS,-280.30369999999994,Cuenta corriente cambiaria: total servicios,USD mn,"datos.gob.ar (Balance Cambiario, BCRA)",flujo,none
2021-04-01,CC_SERVICIOS,-206.5539,Cuenta corriente cambiaria: total servicios,USD mn,"datos.gob.ar (Balance Cambiario, BCRA)",flujo,none
2021-05-01,CC_SERVICIOS,-99.837,Cuenta corriente cambiaria: total servicios,USD mn,"datos.gob.ar (Balance Cambiario, BCRA)",flujo,none
2021-06-01,CC_SERVICIOS,-186.6725,Cuenta corriente cambiaria: total servicios,USD mn,"datos.gob.ar (Balance Cambiario, BCRA)",flujo,none
2021-07-01,CC_SERVICIOS,-272.8954,Cuenta corriente cambiaria: total servicios,USD mn,"datos.gob.ar (Balance Cambiario, BCRA)",flujo,none
2021-08-01,CC_SERVICIOS,-387.7864,Cuenta corriente cambiaria: total servicios,USD mn,"datos.gob.ar (Balance Cambiario, BCRA)",flujo,none
2021-09-01,CC_SERVICIOS,-558.0403999999999,Cuenta corriente cambiaria: total servicios,USD mn,"datos.gob.ar (Balance Cambiario, BCRA)",flujo,none
2021-10-01,CC_SERVICIOS,-595.491,Cuenta corriente cambiaria: total servicios,USD mn,"datos.gob.ar (Balance Cambiario, BCRA)",flujo,none
2021-11-01,CC_SERVICIOS,-754.0858000000001,Cuenta corriente cambiaria: total servicios,USD mn,"datos.gob.ar (Balance Cambiario, BCRA)",flujo,none
2021-12-01,CC_SERVICIOS,-714.0926,Cuenta corriente cambiaria: total servicios,USD mn,"datos.gob.ar (Balance Cambiario, BCRA)",flujo,none
2022-01-01,CC_SERVICIOS,-683.0316000000001,Cuenta corriente cambiaria: total servicios,USD mn,"datos.gob.ar (Balance Cambiario, BCRA)",flujo,none
2022-02-01,CC_SERVICIOS,-630.2770999999999,Cuenta corriente cambiaria: total servicios,USD mn,"datos.gob.ar (Balance Cambiario, BCRA)",flujo,none
2022-03-01,CC_SERVICIOS,-1039.883,Cuenta corriente cambiaria: total servicios,USD mn,"datos.gob.ar (Balance Cambiario, BCRA)",flujo,none
2022-04-01,CC_SERVICIOS,-866.1136,Cuenta corriente cambiaria: total servicios,USD mn,"datos.gob.ar (Balance Cambiario, BCRA)",flujo,none
2022-05-01,CC_SERVICIOS,-866.6354000000001,Cuenta corriente cambiaria: total servicios,USD mn,"datos.gob.ar (Balance Cambiario, BCRA)",flujo,none
2022-06-01,CC_SERVICIOS,-895.5124000000001,Cuenta corriente cambiaria: total servicios,USD mn,"datos.gob.ar (Balance Cambiario, BCRA)",flujo,none
2022-07-01,CC_SERVICIOS,-1065.4051,Cuenta corriente cambiaria: total servicios,USD mn,"datos.gob.ar (Balance Cambiario, BCRA)",flujo,none
2022-08-01,CC_SERVICIOS,-1071.7781000000002,Cuenta corriente cambiaria: total servicios,USD mn,"datos.gob.ar (Balance Cambiario, BCRA)",flujo,none
2022-09-01,CC_SERVICIOS,-1074.7220000000002,Cuenta corriente cambiaria: total servicios,USD mn,"datos.gob.ar (Balance Cambiario, BCRA)",flujo,none
2022-10-01,CC_SERVICIOS,-798.8017999999998,Cuenta corriente cambiaria: total servicios,USD mn,"datos.gob.ar (Balance Cambiario, BCRA)",flujo,none
2022-11-01,CC_SERVICIOS,-640.6838,Cuenta corriente cambiaria: total servicios,USD mn,"datos.gob.ar (Balance Cambiario, BCRA)",flujo,none
2022-12-01,CC_SERVICIOS,-472.9310999999999,Cuenta corriente cambiaria: total servicios,USD mn,"datos.gob.ar (Balance Cambiario, BCRA)",flujo,none
2023-01-01,CC_SERVICIOS,-725.0211999999999,Cuenta corriente cambiaria: total servicios,USD mn,"datos.gob.ar (Balance Cambiario, BCRA)",flujo,none
2023-02-01,CC_SERVICIOS,-652.8979999999999,Cuenta corriente cambiaria: total servicios,USD mn,"datos.gob.ar (Balance Cambiario, BCRA)",flujo,none
2023-03-01,CC_SERVICIOS,-865.9356999999999,Cuenta corriente cambiaria: total servicios,USD mn,"datos.gob.ar (Balance Cambiario, BCRA)",flujo,none
2023-04-01,CC_SERVICIOS,-505.8892,Cuenta corriente cambiaria: total servicios,USD mn,"datos.gob.ar (Balance Cambiario, BCRA)",flujo,none
2023-05-01,CC_SERVICIOS,-429.77419999999984,Cuenta corriente cambiaria: total servicios,USD mn,"datos.gob.ar (Balance Cambiario, BCRA)",flujo,none
2023-06-01,CC_SERVICIOS,-363.1543999999999,Cuenta corriente cambiaria: total servicios,USD mn,"datos.gob.ar (Balance Cambiario, BCRA)",flujo,none
2023-07-01,CC_SERVICIOS,-329.5994999999999,Cuenta corriente cambiaria: total servicios,USD mn,"datos.gob.ar (Balance Cambiario, BCRA)",flujo,none
2023-08-01,CC_SERVICIOS,-412.2382000000001,Cuenta corriente cambiaria: total servicios,USD mn,"datos.gob.ar (Balance Cambiario, BCRA)",flujo,none
2023-09-01,CC_SERVICIOS,-460.51660000000015,Cuenta corriente cambiaria: total servicios,USD mn,"datos.gob.ar (Balance Cambiario, BCRA)",flujo,none
2023-10-01,CC_SERVICIOS,-752.5012999999999,Cuenta corriente cambiaria: total servicios,USD mn,"datos.gob.ar (Balance Cambiario, BCRA)",flujo,none
2023-11-01,CC_SERVICIOS,-678.1398,Cuenta corriente cambiaria: total servicios,USD mn,"datos.gob.ar (Balance Cambiario, BCRA)",flujo,none
2023-12-01,CC_SERVICIOS,-19.643599999999992,Cuenta corriente cambiaria: total servicios,USD mn,"datos.gob.ar (Balance Cambiario, BCRA)",flujo,none
2024-01-01,CC_SERVICIOS,83.8456000000001,Cuenta corriente cambiaria: total servicios,USD mn,"datos.gob.ar (Balance Cambiario, BCRA)",flujo,none
2024-02-01,CC_SERVICIOS,-232.26479999999992,Cuenta corriente cambiaria: total servicios,USD mn,"datos.gob.ar (Balance Cambiario, BCRA)",flujo,none
2024-03-01,CC_SERVICIOS,-157.65390000000002,Cuenta corriente cambiaria: total servicios,USD mn,"datos.gob.ar (Balance Cambiario, BCRA)",flujo,none
2024-04-01,CC_SERVICIOS,-182.56460000000004,Cuenta corriente cambiaria: total servicios,USD mn,"datos.gob.ar (Balance Cambiario, BCRA)",flujo,none
2024-05-01,CC_SERVICIOS,-387.9353999999999,Cuenta corriente cambiaria: total servicios,USD mn,"datos.gob.ar (Balance Cambiario, BCRA)",flujo,none
2024-06-01,CC_SERVICIOS,-367.9296,Cuenta corriente cambiaria: total servicios,USD mn,"datos.gob.ar (Balance Cambiario, BCRA)",flujo,none
2024-07-01,CC_SERVICIOS,-566.4142000000002,Cuenta corriente cambiaria: total servicios,USD mn,"datos.gob.ar (Balance Cambiario, BCRA)",flujo,none
2024-08-01,CC_SERVICIOS,-613.9840999999999,Cuenta corriente cambiaria: total servicios,USD mn,"datos.gob.ar (Balance Cambiario, BCRA)",flujo,none
2024-09-01,CC_SERVICIOS,-650.1513,Cuenta corriente cambiaria: total servicios,USD mn,"datos.gob.ar (Balance Cambiario, BCRA)",flujo,none
2024-10-01,CC_SERVICIOS,-743.9617000000001,Cuenta corriente cambiaria: total servicios,USD mn,"datos.gob.ar (Balance Cambiario, BCRA)",flujo,none
2024-11-01,CC_SERVICIOS,-529.5641,Cuenta corriente cambiaria: total servicios,USD mn,"datos.gob.ar (Balance Cambiario, BCRA)",flujo,none
2024-12-01,CC_SERVICIOS,-526.2287000000001,Cuenta corriente cambiaria: total servicios,USD mn,"datos.gob.ar (Balance Cambiario, BCRA)",flujo,none
2025-01-01,CC_SERVICIOS,-1187.3000000000002,Cuenta corriente cambiaria: total servicios,USD mn,"datos.gob.ar (Balance Cambiario, BCRA)",flujo,none
2025-02-01,CC_SERVICIOS,-1037.6761,Cuenta corriente cambiaria: total servicios,USD mn,"datos.gob.ar (Balance Cambiario, BCRA)",flujo,none
2025-03-01,CC_SERVICIOS,-799.1742,Cuenta corriente cambiaria: total servicios,USD mn,"datos.gob.ar (Balance Cambiario, BCRA)",flujo,none
2025-04-01,CC_SERVICIOS,-1160.5135,Cuenta corriente cambiaria: total servicios,USD mn,"datos.gob.ar (Balance Cambiario, BCRA)",flujo,none
2025-05-01,CC_SERVICIOS,-938.9267,Cuenta corriente cambiaria: total servicios,USD mn,"datos.gob.ar (Balance Cambiario, BCRA)",flujo,none
2025-06-01,CC_SERVICIOS,-744.1904,Cuenta corriente cambiaria: total servicios,USD mn,"datos.gob.ar (Balance Cambiario, BCRA)",flujo,none
2025-07-01,CC_SERVICIOS,-927.5483,Cuenta corriente cambiaria: total servicios,USD mn,"datos.gob.ar (Balance Cambiario, BCRA)",flujo,none
2025-08-01,CC_SERVICIOS,-840.3868,Cuenta corriente cambiaria: total servicios,USD mn,"datos.gob.ar (Balance Cambiario, BCRA)",flujo,none
2025-09-01,CC_SERVICIOS,-1000.7504,Cuenta corriente cambiaria: total servicios,USD mn,"datos.gob.ar (Balance Cambiario, BCRA)",flujo,none
2025-10-01,CC_SERVICIOS,-1011.8913999999996,Cuenta corriente cambiaria: total servicios,USD mn,"datos.gob.ar (Balance Cambiario, BCRA)",flujo,none
2025-11-01,CC_SERVICIOS,-558.6321999999998,Cuenta corriente cambiaria: total servicios,USD mn,"datos.gob.ar (Balance Cambiario, BCRA)",flujo,none
2025-12-01,CC_SERVICIOS,-771.3726000000001,Cuenta corriente cambiaria: total servicios,USD mn,"datos.gob.ar (Balance Cambiario, BCRA)",flujo,none
2026-01-01,CC_SERVICIOS,-945.5966,Cuenta corriente cambiaria: total servicios,USD mn,"datos.gob.ar (Balance Cambiario, BCRA)",flujo,none
2026-02-01,CC_SERVICIOS,-740.9875999999999,Cuenta corriente cambiaria: total servicios,USD mn,"datos.gob.ar (Balance Cambiario, BCRA)",flujo,none
2026-03-01,CC_SERVICIOS,-521.5251000000001,Cuenta corriente cambiaria: total servicios,USD mn,"datos.gob.ar (Balance Cambiario, BCRA)",flujo,none
2026-04-01,CC_SERVICIOS,-673.7193,Cuenta corriente cambiaria: total servicios,USD mn,"datos.gob.ar (Balance Cambiario, BCRA)",flujo,none
2026-05-01,CC_SERVICIOS,-801.7828,Cuenta corriente cambiaria: total servicios,USD mn,"datos.gob.ar (Balance Cambiario, BCRA)",flujo,none
2026-06-01,CC_SERVICIOS,-626.6524999999999,Cuenta corriente cambiaria: total servicios,USD mn,"datos.gob.ar (Balance Cambiario, BCRA)",flujo,none
2026-07-01,CC_SERVICIOS,-900.1830000000004,Cuenta corriente cambiaria: total servicios,USD mn,"datos.gob.ar (Balance Cambiario, BCRA)",flujo,none
2026-08-01,CC_SERVICIOS,-712.2184,Cuenta corriente cambiaria: total servicios,USD mn,"datos.gob.ar (Balance Cambiario, BCRA)",flujo,none
2016-06-01,COMPRAS_BCRA,323.0851,"Compras de divisas del BCRA (variación de reservas por compra de divisas, suma del mes)",USD mn,BCRA,flujo,sum
2016-07-01,COMPRAS_BCRA,719.4258,"Compras de divisas del BCRA (variación de reservas por compra de divisas, suma del mes)",USD mn,BCRA,flujo,sum
2016-08-01,COMPRAS_BCRA,5.854,"Compras de divisas del BCRA (variación de reservas por compra de divisas, suma del mes)",USD mn,BCRA,flujo,sum
2016-09-01,COMPRAS_BCRA,0.0,"Compras de divisas del BCRA (variación de reservas por compra de divisas, suma del mes)",USD mn,BCRA,flujo,sum
2016-10-01,COMPRAS_BCRA,10.8,"Compras de divisas del BCRA (variación de reservas por compra de divisas, suma del mes)",USD mn,BCRA,flujo,sum
2016-11-01,COMPRAS_BCRA,4.3,"Compras de divisas del BCRA (variación de reservas por compra de divisas, suma del mes)",USD mn,BCRA,flujo,sum
2016-12-01,COMPRAS_BCRA,705.534,"Compras de divisas del BCRA (variación de reservas por compra de divisas, suma del mes)",USD mn,BCRA,flujo,sum
2017-01-01,COMPRAS_BCRA,0.0,"Compras de divisas del BCRA (variación de reservas por compra de divisas, suma del mes)",USD mn,BCRA,flujo,sum
2017-02-01,COMPRAS_BCRA,0.0,"Compras de divisas del BCRA (variación de reservas por compra de divisas, suma del mes)",USD mn,BCRA,flujo,sum
2017-03-01,COMPRAS_BCRA,600.0,"Compras de divisas del BCRA (variación de reservas por compra de divisas, suma del mes)",USD mn,BCRA,flujo,sum
2017-04-01,COMPRAS_BCRA,0.0,"Compras de divisas del BCRA (variación de reservas por compra de divisas, suma del mes)",USD mn,BCRA,flujo,sum
2017-05-01,COMPRAS_BCRA,1100.0,"Compras de divisas del BCRA (variación de reservas por compra de divisas, suma del mes)",USD mn,BCRA,flujo,sum
2017-06-01,COMPRAS_BCRA,49.5602,"Compras de divisas del BCRA (variación de reservas por compra de divisas, suma del mes)",USD mn,BCRA,flujo,sum
2017-07-01,COMPRAS_BCRA,-304.5,"Compras de divisas del BCRA (variación de reservas por compra de divisas, suma del mes)",USD mn,BCRA,flujo,sum
2017-08-01,COMPRAS_BCRA,-1532.71,"Compras de divisas del BCRA (variación de reservas por compra de divisas, suma del mes)",USD mn,BCRA,flujo,sum
2017-09-01,COMPRAS_BCRA,0.0,"Compras de divisas del BCRA (variación de reservas por compra de divisas, suma del mes)",USD mn,BCRA,flujo,sum
2017-10-01,COMPRAS_BCRA,0.0,"Compras de divisas del BCRA (variación de reservas por compra de divisas, suma del mes)",USD mn,BCRA,flujo,sum
2017-11-01,COMPRAS_BCRA,0.0,"Compras de divisas del BCRA (variación de reservas por compra de divisas, suma del mes)",USD mn,BCRA,flujo,sum
2017-12-01,COMPRAS_BCRA,0.0,"Compras de divisas del BCRA (variación de reservas por compra de divisas, suma del mes)",USD mn,BCRA,flujo,sum
2018-01-01,COMPRAS_BCRA,0.0,"Compras de divisas del BCRA (variación de reservas por compra de divisas, suma del mes)",USD mn,BCRA,flujo,sum
2018-02-01,COMPRAS_BCRA,0.0,"Compras de divisas del BCRA (variación de reservas por compra de divisas, suma del mes)",USD mn,BCRA,flujo,sum
2018-03-01,COMPRAS_BCRA,-2039.77,"Compras de divisas del BCRA (variación de reservas por compra de divisas, suma del mes)",USD mn,BCRA,flujo,sum
2018-04-01,COMPRAS_BCRA,-4730.95,"Compras de divisas del BCRA (variación de reservas por compra de divisas, suma del mes)",USD mn,BCRA,flujo,sum
2018-05-01,COMPRAS_BCRA,-3395.55,"Compras de divisas del BCRA (variación de reservas por compra de divisas, suma del mes)",USD mn,BCRA,flujo,sum
2018-06-01,COMPRAS_BCRA,-1269.2,"Compras de divisas del BCRA (variación de reservas por compra de divisas, suma del mes)",USD mn,BCRA,flujo,sum
2018-07-01,COMPRAS_BCRA,0.0,"Compras de divisas del BCRA (variación de reservas por compra de divisas, suma del mes)",USD mn,BCRA,flujo,sum
2018-08-01,COMPRAS_BCRA,-2544.0,"Compras de divisas del BCRA (variación de reservas por compra de divisas, suma del mes)",USD mn,BCRA,flujo,sum
2018-09-01,COMPRAS_BCRA,-1988.44,"Compras de divisas del BCRA (variación de reservas por compra de divisas, suma del mes)",USD mn,BCRA,flujo,sum
2018-10-01,COMPRAS_BCRA,0.0,"Compras de divisas del BCRA (variación de reservas por compra de divisas, suma del mes)",USD mn,BCRA,flujo,sum
2018-11-01,COMPRAS_BCRA,0.0,"Compras de divisas del BCRA (variación de reservas por compra de divisas, suma del mes)",USD mn,BCRA,flujo,sum
2018-12-01,COMPRAS_BCRA,0.0,"Compras de divisas del BCRA (variación de reservas por compra de divisas, suma del mes)",USD mn,BCRA,flujo,sum
2019-01-01,COMPRAS_BCRA,560.0,"Compras de divisas del BCRA (variación de reservas por compra de divisas, suma del mes)",USD mn,BCRA,flujo,sum
2019-02-01,COMPRAS_BCRA,418.0,"Compras de divisas del BCRA (variación de reservas por compra de divisas, suma del mes)",USD mn,BCRA,flujo,sum
2019-03-01,COMPRAS_BCRA,0.0,"Compras de divisas del BCRA (variación de reservas por compra de divisas, suma del mes)",USD mn,BCRA,flujo,sum
2019-04-01,COMPRAS_BCRA,0.0,"Compras de divisas del BCRA (variación de reservas por compra de divisas, suma del mes)",USD mn,BCRA,flujo,sum
2019-05-01,COMPRAS_BCRA,0.0,"Compras de divisas del BCRA (variación de reservas por compra de divisas, suma del mes)",USD mn,BCRA,flujo,sum
2019-06-01,COMPRAS_BCRA,0.0,"Compras de divisas del BCRA (variación de reservas por compra de divisas, suma del mes)",USD mn,BCRA,flujo,sum
2019-07-01,COMPRAS_BCRA,0.0,"Compras de divisas del BCRA (variación de reservas por compra de divisas, suma del mes)",USD mn,BCRA,flujo,sum
2019-08-01,COMPRAS_BCRA,-2038.0,"Compras de divisas del BCRA (variación de reservas por compra de divisas, suma del mes)",USD mn,BCRA,flujo,sum
2019-09-01,COMPRAS_BCRA,-1322.05,"Compras de divisas del BCRA (variación de reservas por compra de divisas, suma del mes)",USD mn,BCRA,flujo,sum
2019-10-01,COMPRAS_BCRA,-4122.6,"Compras de divisas del BCRA (variación de reservas por compra de divisas, suma del mes)",USD mn,BCRA,flujo,sum
2019-11-01,COMPRAS_BCRA,2202.0,"Compras de divisas del BCRA (variación de reservas por compra de divisas, suma del mes)",USD mn,BCRA,flujo,sum
2019-12-01,COMPRAS_BCRA,1120.95,"Compras de divisas del BCRA (variación de reservas por compra de divisas, suma del mes)",USD mn,BCRA,flujo,sum
2020-01-01,COMPRAS_BCRA,783.17,"Compras de divisas del BCRA (variación de reservas por compra de divisas, suma del mes)",USD mn,BCRA,flujo,sum
2020-02-01,COMPRAS_BCRA,-259.52500000000003,"Compras de divisas del BCRA (variación de reservas por compra de divisas, suma del mes)",USD mn,BCRA,flujo,sum
2020-03-01,COMPRAS_BCRA,135.12,"Compras de divisas del BCRA (variación de reservas por compra de divisas, suma del mes)",USD mn,BCRA,flujo,sum
2020-04-01,COMPRAS_BCRA,-546.72,"Compras de divisas del BCRA (variación de reservas por compra de divisas, suma del mes)",USD mn,BCRA,flujo,sum
2020-05-01,COMPRAS_BCRA,-678.99,"Compras de divisas del BCRA (variación de reservas por compra de divisas, suma del mes)",USD mn,BCRA,flujo,sum
2020-06-01,COMPRAS_BCRA,671.95,"Compras de divisas del BCRA (variación de reservas por compra de divisas, suma del mes)",USD mn,BCRA,flujo,sum
2020-07-01,COMPRAS_BCRA,-568.19,"Compras de divisas del BCRA (variación de reservas por compra de divisas, suma del mes)",USD mn,BCRA,flujo,sum
2020-08-01,COMPRAS_BCRA,-1278.8,"Compras de divisas del BCRA (variación de reservas por compra de divisas, suma del mes)",USD mn,BCRA,flujo,sum
2020-09-01,COMPRAS_BCRA,-1617.76,"Compras de divisas del BCRA (variación de reservas por compra de divisas, suma del mes)",USD mn,BCRA,flujo,sum
2020-10-01,COMPRAS_BCRA,-1090.4514,"Compras de divisas del BCRA (variación de reservas por compra de divisas, suma del mes)",USD mn,BCRA,flujo,sum
2020-11-01,COMPRAS_BCRA,-326.9743,"Compras de divisas del BCRA (variación de reservas por compra de divisas, suma del mes)",USD mn,BCRA,flujo,sum
2020-12-01,COMPRAS_BCRA,607.7336,"Compras de divisas del BCRA (variación de reservas por compra de divisas, suma del mes)",USD mn,BCRA,flujo,sum
2021-01-01,COMPRAS_BCRA,157.10619999999994,"Compras de divisas del BCRA (variación de reservas por compra de divisas, suma del mes)",USD mn,BCRA,flujo,sum
2021-02-01,COMPRAS_BCRA,632.7256,"Compras de divisas del BCRA (variación de reservas por compra de divisas, suma del mes)",USD mn,BCRA,flujo,sum
2021-03-01,COMPRAS_BCRA,1476.3004,"Compras de divisas del BCRA (variación de reservas por compra de divisas, suma del mes)",USD mn,BCRA,flujo,sum
2021-04-01,COMPRAS_BCRA,1373.3597,"Compras de divisas del BCRA (variación de reservas por compra de divisas, suma del mes)",USD mn,BCRA,flujo,sum
2021-05-01,COMPRAS_BCRA,2089.0028,"Compras de divisas del BCRA (variación de reservas por compra de divisas, suma del mes)",USD mn,BCRA,flujo,sum
2021-06-01,COMPRAS_BCRA,727.4359,"Compras de divisas del BCRA (variación de reservas por compra de divisas, suma del mes)",USD mn,BCRA,flujo,sum
2021-07-01,COMPRAS_BCRA,713.9984,"Compras de divisas del BCRA (variación de reservas por compra de divisas, suma del mes)",USD mn,BCRA,flujo,sum
2021-08-01,COMPRAS_BCRA,1.1872999999999934,"Compras de divisas del BCRA (variación de reservas por compra de divisas, suma del mes)",USD mn,BCRA,flujo,sum
2021-09-01,COMPRAS_BCRA,-957.1514,"Compras de divisas del BCRA (variación de reservas por compra de divisas, suma del mes)",USD mn,BCRA,flujo,sum
2021-10-01,COMPRAS_BCRA,207.2801,"Compras de divisas del BCRA (variación de reservas por compra de divisas, suma del mes)",USD mn,BCRA,flujo,sum
2021-11-01,COMPRAS_BCRA,-897.3545,"Compras de divisas del BCRA (variación de reservas por compra de divisas, suma del mes)",USD mn,BCRA,flujo,sum
2021-12-01,COMPRAS_BCRA,-474.59000000000003,"Compras de divisas del BCRA (variación de reservas por compra de divisas, suma del mes)",USD mn,BCRA,flujo,sum
2022-01-01,COMPRAS_BCRA,-136.46,"Compras de divisas del BCRA (variación de reservas por compra de divisas, suma del mes)",USD mn,BCRA,flujo,sum
2022-02-01,COMPRAS_BCRA,-186.6327,"Compras de divisas del BCRA (variación de reservas por compra de divisas, suma del mes)",USD mn,BCRA,flujo,sum
2022-03-01,COMPRAS_BCRA,275.1418,"Compras de divisas del BCRA (variación de reservas por compra de divisas, suma del mes)",USD mn,BCRA,flujo,sum
2022-04-01,COMPRAS_BCRA,161.3133,"Compras de divisas del BCRA (variación de reservas por compra de divisas, suma del mes)",USD mn,BCRA,flujo,sum
2022-05-01,COMPRAS_BCRA,784.0254,"Compras de divisas del BCRA (variación de reservas por compra de divisas, suma del mes)",USD mn,BCRA,flujo,sum
2022-06-01,COMPRAS_BCRA,948.3768,"Compras de divisas del BCRA (variación de reservas por compra de divisas, suma del mes)",USD mn,BCRA,flujo,sum
2022-07-01,COMPRAS_BCRA,-1283.9673,"Compras de divisas del BCRA (variación de reservas por compra de divisas, suma del mes)",USD mn,BCRA,flujo,sum
2022-08-01,COMPRAS_BCRA,-521.7624,"Compras de divisas del BCRA (variación de reservas por compra de divisas, suma del mes)",USD mn,BCRA,flujo,sum
2022-09-01,COMPRAS_BCRA,4966.4501,"Compras de divisas del BCRA (variación de reservas por compra de divisas, suma del mes)",USD mn,BCRA,flujo,sum
2022-10-01,COMPRAS_BCRA,-497.8473,"Compras de divisas del BCRA (variación de reservas por compra de divisas, suma del mes)",USD mn,BCRA,flujo,sum
2022-11-01,COMPRAS_BCRA,-672.4353,"Compras de divisas del BCRA (variación de reservas por compra de divisas, suma del mes)",USD mn,BCRA,flujo,sum
2022-12-01,COMPRAS_BCRA,1987.6223,"Compras de divisas del BCRA (variación de reservas por compra de divisas, suma del mes)",USD mn,BCRA,flujo,sum
2023-01-01,COMPRAS_BCRA,-192.18680000000003,"Compras de divisas del BCRA (variación de reservas por compra de divisas, suma del mes)",USD mn,BCRA,flujo,sum
2023-02-01,COMPRAS_BCRA,-889.9527,"Compras de divisas del BCRA (variación de reservas por compra de divisas, suma del mes)",USD mn,BCRA,flujo,sum
2023-03-01,COMPRAS_BCRA,-1919.6944,"Compras de divisas del BCRA (variación de reservas por compra de divisas, suma del mes)",USD mn,BCRA,flujo,sum
2023-04-01,COMPRAS_BCRA,33.46470000000002,"Compras de divisas del BCRA (variación de reservas por compra de divisas, suma del mes)",USD mn,BCRA,flujo,sum
2023-05-01,COMPRAS_BCRA,845.6671,"Compras de divisas del BCRA (variación de reservas por compra de divisas, suma del mes)",USD mn,BCRA,flujo,sum
2023-06-01,COMPRAS_BCRA,-944.4104,"Compras de divisas del BCRA (variación de reservas por compra de divisas, suma del mes)",USD mn,BCRA,flujo,sum
2023-07-01,COMPRAS_BCRA,-468.6333,"Compras de divisas del BCRA (variación de reservas por compra de divisas, suma del mes)",USD mn,BCRA,flujo,sum
2023-08-01,COMPRAS_BCRA,1254.3232,"Compras de divisas del BCRA (variación de reservas por compra de divisas, suma del mes)",USD mn,BCRA,flujo,sum
2023-09-01,COMPRAS_BCRA,527.3462,"Compras de divisas del BCRA (variación de reservas por compra de divisas, suma del mes)",USD mn,BCRA,flujo,sum
2023-10-01,COMPRAS_BCRA,-226.5236,"Compras de divisas del BCRA (variación de reservas por compra de divisas, suma del mes)",USD mn,BCRA,flujo,sum
2023-11-01,COMPRAS_BCRA,384.9109,"Compras de divisas del BCRA (variación de reservas por compra de divisas, suma del mes)",USD mn,BCRA,flujo,sum
2023-12-01,COMPRAS_BCRA,2083.8739,"Compras de divisas del BCRA (variación de reservas por compra de divisas, suma del mes)",USD mn,BCRA,flujo,sum
2024-01-01,COMPRAS_BCRA,3271.7205,"Compras de divisas del BCRA (variación de reservas por compra de divisas, suma del mes)",USD mn,BCRA,flujo,sum
2024-02-01,COMPRAS_BCRA,2358.3309,"Compras de divisas del BCRA (variación de reservas por compra de divisas, suma del mes)",USD mn,BCRA,flujo,sum
2024-03-01,COMPRAS_BCRA,2881.633,"Compras de divisas del BCRA (variación de reservas por compra de divisas, suma del mes)",USD mn,BCRA,flujo,sum
2024-04-01,COMPRAS_BCRA,3345.1256,"Compras de divisas del BCRA (variación de reservas por compra de divisas, suma del mes)",USD mn,BCRA,flujo,sum
2024-05-01,COMPRAS_BCRA,2531.5996,"Compras de divisas del BCRA (variación de reservas por compra de divisas, suma del mes)",USD mn,BCRA,flujo,sum
2024-06-01,COMPRAS_BCRA,-46.64420000000001,"Compras de divisas del BCRA (variación de reservas por compra de divisas, suma del mes)",USD mn,BCRA,flujo,sum
2024-07-01,COMPRAS_BCRA,-137.7259,"Compras de divisas del BCRA (variación de reservas por compra de divisas, suma del mes)",USD mn,BCRA,flujo,sum
2024-08-01,COMPRAS_BCRA,535.4342,"Compras de divisas del BCRA (variación de reservas por compra de divisas, suma del mes)",USD mn,BCRA,flujo,sum
2024-09-01,COMPRAS_BCRA,17.126899999999978,"Compras de divisas del BCRA (variación de reservas por compra de divisas, suma del mes)",USD mn,BCRA,flujo,sum
2024-10-01,COMPRAS_BCRA,1626.3252,"Compras de divisas del BCRA (variación de reservas por compra de divisas, suma del mes)",USD mn,BCRA,flujo,sum
2024-11-01,COMPRAS_BCRA,1627.3107,"Compras de divisas del BCRA (variación de reservas por compra de divisas, suma del mes)",USD mn,BCRA,flujo,sum
2024-12-01,COMPRAS_BCRA,699.7568,"Compras de divisas del BCRA (variación de reservas por compra de divisas, suma del mes)",USD mn,BCRA,flujo,sum
2025-01-01,COMPRAS_BCRA,1616.5663,"Compras de divisas del BCRA (variación de reservas por compra de divisas, suma del mes)",USD mn,BCRA,flujo,sum
2025-02-01,COMPRAS_BCRA,1948.28,"Compras de divisas del BCRA (variación de reservas por compra de divisas, suma del mes)",USD mn,BCRA,flujo,sum
2025-03-01,COMPRAS_BCRA,-1360.2159,"Compras de divisas del BCRA (variación de reservas por compra de divisas, suma del mes)",USD mn,BCRA,flujo,sum
2025-04-01,COMPRAS_BCRA,-851.47,"Compras de divisas del BCRA (variación de reservas por compra de divisas, suma del mes)",USD mn,BCRA,flujo,sum
2025-05-01,COMPRAS_BCRA,0.0,"Compras de divisas del BCRA (variación de reservas por compra de divisas, suma del mes)",USD mn,BCRA,flujo,sum
2025-06-01,COMPRAS_BCRA,0.0,"Compras de divisas del BCRA (variación de reservas por compra de divisas, suma del mes)",USD mn,BCRA,flujo,sum
2025-07-01,COMPRAS_BCRA,0.0,"Compras de divisas del BCRA (variación de reservas por compra de divisas, suma del mes)",USD mn,BCRA,flujo,sum
2025-08-01,COMPRAS_BCRA,0.0,"Compras de divisas del BCRA (variación de reservas por compra de divisas, suma del mes)",USD mn,BCRA,flujo,sum
2025-09-01,COMPRAS_BCRA,-1110.15,"Compras de divisas del BCRA (variación de reservas por compra de divisas, suma del mes)",USD mn,BCRA,flujo,sum
2025-10-01,COMPRAS_BCRA,-45.5,"Compras de divisas del BCRA (variación de reservas por compra de divisas, suma del mes)",USD mn,BCRA,flujo,sum
2025-11-01,COMPRAS_BCRA,0.0,"Compras de divisas del BCRA (variación de reservas por compra de divisas, suma del mes)",USD mn,BCRA,flujo,sum
2025-12-01,COMPRAS_BCRA,0.0,"Compras de divisas del BCRA (variación de reservas por compra de divisas, suma del mes)",USD mn,BCRA,flujo,sum
2026-01-01,COMPRAS_BCRA,1158.4,"Compras de divisas del BCRA (variación de reservas por compra de divisas, suma del mes)",USD mn,BCRA,flujo,sum
2026-02-01,COMPRAS_BCRA,1556.6,"Compras de divisas del BCRA (variación de reservas por compra de divisas, suma del mes)",USD mn,BCRA,flujo,sum
2026-03-01,COMPRAS_BCRA,1670.9,"Compras de divisas del BCRA (variación de reservas por compra de divisas, suma del mes)",USD mn,BCRA,flujo,sum
2026-04-01,COMPRAS_BCRA,2769.5,"Compras de divisas del BCRA (variación de reservas por compra de divisas, suma del mes)",USD mn,BCRA,flujo,sum
2026-05-01,COMPRAS_BCRA,2601.01,"Compras de divisas del BCRA (variación de reservas por compra de divisas, suma del mes)",USD mn,BCRA,flujo,sum
2026-06-01,COMPRAS_BCRA,1418.3,"Compras de divisas del BCRA (variación de reservas por compra de divisas, suma del mes)",USD mn,BCRA,flujo,sum
2026-07-01,COMPRAS_BCRA,2162.5,"Compras de divisas del BCRA (variación de reservas por compra de divisas, suma del mes)",USD mn,BCRA,flujo,sum
2026-08-01,COMPRAS_BCRA,770.2,"Compras de divisas del BCRA (variación de reservas por compra de divisas, suma del mes)",USD mn,BCRA,flujo,sum
2026-09-01,COMPRAS_BCRA,473.5,"Compras de divisas del BCRA (variación de reservas por compra de divisas, suma del mes)",USD mn,BCRA,flujo,sum
2016-06-01,DEPOSITOS_PRIV_TOTAL,1005230.0,Depósitos totales del sector privado (fin de mes),ARS mn,BCRA,stock,last
2016-07-01,DEPOSITOS_PRIV_TOTAL,1010198.0,Depósitos totales del sector privado (fin de mes),ARS mn,BCRA,stock,last
2016-08-01,DEPOSITOS_PRIV_TOTAL,1019724.0,Depósitos totales del sector privado (fin de mes),ARS mn,BCRA,stock,last
2016-09-01,DEPOSITOS_PRIV_TOTAL,1045545.0,Depósitos totales del sector privado (fin de mes),ARS mn,BCRA,stock,last
2016-10-01,DEPOSITOS_PRIV_TOTAL,1066637.0,Depósitos totales del sector privado (fin de mes),ARS mn,BCRA,stock,last
2016-11-01,DEPOSITOS_PRIV_TOTAL,1085500.0,Depósitos totales del sector privado (fin de mes),ARS mn,BCRA,stock,last
2016-12-01,DEPOSITOS_PRIV_TOTAL,1149744.0,Depósitos totales del sector privado (fin de mes),ARS mn,BCRA,stock,last
2017-01-01,DEPOSITOS_PRIV_TOTAL,1142473.0,Depósitos totales del sector privado (fin de mes),ARS mn,BCRA,stock,last
2017-02-01,DEPOSITOS_PRIV_TOTAL,1165912.0,Depósitos totales del sector privado (fin de mes),ARS mn,BCRA,stock,last
2017-03-01,DEPOSITOS_PRIV_TOTAL,1172653.0,Depósitos totales del sector privado (fin de mes),ARS mn,BCRA,stock,last
2017-04-01,DEPOSITOS_PRIV_TOTAL,1180389.0,Depósitos totales del sector privado (fin de mes),ARS mn,BCRA,stock,last
2017-05-01,DEPOSITOS_PRIV_TOTAL,1197035.0,Depósitos totales del sector privado (fin de mes),ARS mn,BCRA,stock,last
2017-06-01,DEPOSITOS_PRIV_TOTAL,1264708.0,Depósitos totales del sector privado (fin de mes),ARS mn,BCRA,stock,last
2017-07-01,DEPOSITOS_PRIV_TOTAL,1252944.0,Depósitos totales del sector privado (fin de mes),ARS mn,BCRA,stock,last
2017-08-01,DEPOSITOS_PRIV_TOTAL,1259291.0,Depósitos totales del sector privado (fin de mes),ARS mn,BCRA,stock,last
2017-09-01,DEPOSITOS_PRIV_TOTAL,1283057.0,Depósitos totales del sector privado (fin de mes),ARS mn,BCRA,stock,last
2017-10-01,DEPOSITOS_PRIV_TOTAL,1304328.0,Depósitos totales del sector privado (fin de mes),ARS mn,BCRA,stock,last
2017-11-01,DEPOSITOS_PRIV_TOTAL,1350859.0,Depósitos totales del sector privado (fin de mes),ARS mn,BCRA,stock,last
2017-12-01,DEPOSITOS_PRIV_TOTAL,1455041.0,Depósitos totales del sector privado (fin de mes),ARS mn,BCRA,stock,last
2018-01-01,DEPOSITOS_PRIV_TOTAL,1437946.0,Depósitos totales del sector privado (fin de mes),ARS mn,BCRA,stock,last
2018-02-01,DEPOSITOS_PRIV_TOTAL,1459697.0,Depósitos totales del sector privado (fin de mes),ARS mn,BCRA,stock,last
2018-03-01,DEPOSITOS_PRIV_TOTAL,1489533.0,Depósitos totales del sector privado (fin de mes),ARS mn,BCRA,stock,last
2018-04-01,DEPOSITOS_PRIV_TOTAL,1506164.0,Depósitos totales del sector privado (fin de mes),ARS mn,BCRA,stock,last
2018-05-01,DEPOSITOS_PRIV_TOTAL,1524962.0,Depósitos totales del sector privado (fin de mes),ARS mn,BCRA,stock,last
2018-06-01,DEPOSITOS_PRIV_TOTAL,1616070.0,Depósitos totales del sector privado (fin de mes),ARS mn,BCRA,stock,last
2018-07-01,DEPOSITOS_PRIV_TOTAL,1609644.0,Depósitos totales del sector privado (fin de mes),ARS mn,BCRA,stock,last
2018-08-01,DEPOSITOS_PRIV_TOTAL,1670918.0,Depósitos totales del sector privado (fin de mes),ARS mn,BCRA,stock,last
2018-09-01,DEPOSITOS_PRIV_TOTAL,1722564.0,Depósitos totales del sector privado (fin de mes),ARS mn,BCRA,stock,last
2018-10-01,DEPOSITOS_PRIV_TOTAL,1807761.0,Depósitos totales del sector privado (fin de mes),ARS mn,BCRA,stock,last
2018-11-01,DEPOSITOS_PRIV_TOTAL,1887853.0,Depósitos totales del sector privado (fin de mes),ARS mn,BCRA,stock,last
2018-12-01,DEPOSITOS_PRIV_TOTAL,2044859.0,Depósitos totales del sector privado (fin de mes),ARS mn,BCRA,stock,last
2019-01-01,DEPOSITOS_PRIV_TOTAL,2100316.0,Depósitos totales del sector privado (fin de mes),ARS mn,BCRA,stock,last
2019-02-01,DEPOSITOS_PRIV_TOTAL,2150133.0,Depósitos totales del sector privado (fin de mes),ARS mn,BCRA,stock,last
2019-03-01,DEPOSITOS_PRIV_TOTAL,2206470.0,Depósitos totales del sector privado (fin de mes),ARS mn,BCRA,stock,last
2019-04-01,DEPOSITOS_PRIV_TOTAL,2239241.0,Depósitos totales del sector privado (fin de mes),ARS mn,BCRA,stock,last
2019-05-01,DEPOSITOS_PRIV_TOTAL,2301203.0,Depósitos totales del sector privado (fin de mes),ARS mn,BCRA,stock,last
2019-06-01,DEPOSITOS_PRIV_TOTAL,2425405.0,Depósitos totales del sector privado (fin de mes),ARS mn,BCRA,stock,last
2019-07-01,DEPOSITOS_PRIV_TOTAL,2449537.0,Depósitos totales del sector privado (fin de mes),ARS mn,BCRA,stock,last
2019-08-01,DEPOSITOS_PRIV_TOTAL,2414152.0,Depósitos totales del sector privado (fin de mes),ARS mn,BCRA,stock,last
2019-09-01,DEPOSITOS_PRIV_TOTAL,2450954.0,Depósitos totales del sector privado (fin de mes),ARS mn,BCRA,stock,last
2019-10-01,DEPOSITOS_PRIV_TOTAL,2407783.0,Depósitos totales del sector privado (fin de mes),ARS mn,BCRA,stock,last
2019-11-01,DEPOSITOS_PRIV_TOTAL,2553238.0,Depósitos totales del sector privado (fin de mes),ARS mn,BCRA,stock,last
2019-12-01,DEPOSITOS_PRIV_TOTAL,2773538.0,Depósitos totales del sector privado (fin de mes),ARS mn,BCRA,stock,last
2020-01-01,DEPOSITOS_PRIV_TOTAL,3063689.0,Depósitos totales del sector privado (fin de mes),ARS mn,BCRA,stock,last
2020-02-01,DEPOSITOS_PRIV_TOTAL,3179946.0,Depósitos totales del sector privado (fin de mes),ARS mn,BCRA,stock,last
2020-03-01,DEPOSITOS_PRIV_TOTAL,3473969.0,Depósitos totales del sector privado (fin de mes),ARS mn,BCRA,stock,last
2020-04-01,DEPOSITOS_PRIV_TOTAL,3749607.0,Depósitos totales del sector privado (fin de mes),ARS mn,BCRA,stock,last
2020-05-01,DEPOSITOS_PRIV_TOTAL,3958504.0,Depósitos totales del sector privado (fin de mes),ARS mn,BCRA,stock,last
2020-06-01,DEPOSITOS_PRIV_TOTAL,4341832.0,Depósitos totales del sector privado (fin de mes),ARS mn,BCRA,stock,last
2020-07-01,DEPOSITOS_PRIV_TOTAL,4518926.0,Depósitos totales del sector privado (fin de mes),ARS mn,BCRA,stock,last
2020-08-01,DEPOSITOS_PRIV_TOTAL,4558172.0,Depósitos totales del sector privado (fin de mes),ARS mn,BCRA,stock,last
2020-09-01,DEPOSITOS_PRIV_TOTAL,4657549.0,Depósitos totales del sector privado (fin de mes),ARS mn,BCRA,stock,last
2020-10-01,DEPOSITOS_PRIV_TOTAL,4696760.0,Depósitos totales del sector privado (fin de mes),ARS mn,BCRA,stock,last
2020-11-01,DEPOSITOS_PRIV_TOTAL,4783191.0,Depósitos totales del sector privado (fin de mes),ARS mn,BCRA,stock,last
2020-12-01,DEPOSITOS_PRIV_TOTAL,5134116.0,Depósitos totales del sector privado (fin de mes),ARS mn,BCRA,stock,last
2021-01-01,DEPOSITOS_PRIV_TOTAL,5250911.0,Depósitos totales del sector privado (fin de mes),ARS mn,BCRA,stock,last
2021-02-01,DEPOSITOS_PRIV_TOTAL,5399620.0,Depósitos totales del sector privado (fin de mes),ARS mn,BCRA,stock,last
2021-03-01,DEPOSITOS_PRIV_TOTAL,5647660.0,Depósitos totales del sector privado (fin de mes),ARS mn,BCRA,stock,last
2021-04-01,DEPOSITOS_PRIV_TOTAL,5772909.0,Depósitos totales del sector privado (fin de mes),ARS mn,BCRA,stock,last
2021-05-01,DEPOSITOS_PRIV_TOTAL,5932484.0,Depósitos totales del sector privado (fin de mes),ARS mn,BCRA,stock,last
2021-06-01,DEPOSITOS_PRIV_TOTAL,6335815.0,Depósitos totales del sector privado (fin de mes),ARS mn,BCRA,stock,last
2021-07-01,DEPOSITOS_PRIV_TOTAL,6526857.0,Depósitos totales del sector privado (fin de mes),ARS mn,BCRA,stock,last
2021-08-01,DEPOSITOS_PRIV_TOTAL,6776756.0,Depósitos totales del sector privado (fin de mes),ARS mn,BCRA,stock,last
2021-09-01,DEPOSITOS_PRIV_TOTAL,7037901.0,Depósitos totales del sector privado (fin de mes),ARS mn,BCRA,stock,last
2021-10-01,DEPOSITOS_PRIV_TOTAL,7361086.0,Depósitos totales del sector privado (fin de mes),ARS mn,BCRA,stock,last
2021-11-01,DEPOSITOS_PRIV_TOTAL,7557877.0,Depósitos totales del sector privado (fin de mes),ARS mn,BCRA,stock,last
2021-12-01,DEPOSITOS_PRIV_TOTAL,8140057.0,Depósitos totales del sector privado (fin de mes),ARS mn,BCRA,stock,last
2022-01-01,DEPOSITOS_PRIV_TOTAL,8274493.0,Depósitos totales del sector privado (fin de mes),ARS mn,BCRA,stock,last
2022-02-01,DEPOSITOS_PRIV_TOTAL,8550876.0,Depósitos totales del sector privado (fin de mes),ARS mn,BCRA,stock,last
2022-03-01,DEPOSITOS_PRIV_TOTAL,8914428.0,Depósitos totales del sector privado (fin de mes),ARS mn,BCRA,stock,last
2022-04-01,DEPOSITOS_PRIV_TOTAL,9396139.0,Depósitos totales del sector privado (fin de mes),ARS mn,BCRA,stock,last
2022-05-01,DEPOSITOS_PRIV_TOTAL,9808569.0,Depósitos totales del sector privado (fin de mes),ARS mn,BCRA,stock,last
2022-06-01,DEPOSITOS_PRIV_TOTAL,11109633.0,Depósitos totales del sector privado (fin de mes),ARS mn,BCRA,stock,last
2022-07-01,DEPOSITOS_PRIV_TOTAL,11525311.0,Depósitos totales del sector privado (fin de mes),ARS mn,BCRA,stock,last
2022-08-01,DEPOSITOS_PRIV_TOTAL,11915531.0,Depósitos totales del sector privado (fin de mes),ARS mn,BCRA,stock,last
2022-09-01,DEPOSITOS_PRIV_TOTAL,13061336.0,Depósitos totales del sector privado (fin de mes),ARS mn,BCRA,stock,last
2022-10-01,DEPOSITOS_PRIV_TOTAL,13771749.0,Depósitos totales del sector privado (fin de mes),ARS mn,BCRA,stock,last
2022-11-01,DEPOSITOS_PRIV_TOTAL,14668194.0,Depósitos totales del sector privado (fin de mes),ARS mn,BCRA,stock,last
2022-12-01,DEPOSITOS_PRIV_TOTAL,16023764.0,Depósitos totales del sector privado (fin de mes),ARS mn,BCRA,stock,last
2023-01-01,DEPOSITOS_PRIV_TOTAL,16729807.0,Depósitos totales del sector privado (fin de mes),ARS mn,BCRA,stock,last
2023-02-01,DEPOSITOS_PRIV_TOTAL,17638971.0,Depósitos totales del sector privado (fin de mes),ARS mn,BCRA,stock,last
2023-03-01,DEPOSITOS_PRIV_TOTAL,18725111.0,Depósitos totales del sector privado (fin de mes),ARS mn,BCRA,stock,last
2023-04-01,DEPOSITOS_PRIV_TOTAL,20263264.0,Depósitos totales del sector privado (fin de mes),ARS mn,BCRA,stock,last
2023-05-01,DEPOSITOS_PRIV_TOTAL,21650801.0,Depósitos totales del sector privado (fin de mes),ARS mn,BCRA,stock,last
2023-06-01,DEPOSITOS_PRIV_TOTAL,23309906.0,Depósitos totales del sector privado (fin de mes),ARS mn,BCRA,stock,last
2023-07-01,DEPOSITOS_PRIV_TOTAL,25064411.0,Depósitos totales del sector privado (fin de mes),ARS mn,BCRA,stock,last
2023-08-01,DEPOSITOS_PRIV_TOTAL,27100459.0,Depósitos totales del sector privado (fin de mes),ARS mn,BCRA,stock,last
2023-09-01,DEPOSITOS_PRIV_TOTAL,29140068.0,Depósitos totales del sector privado (fin de mes),ARS mn,BCRA,stock,last
2023-10-01,DEPOSITOS_PRIV_TOTAL,30568103.0,Depósitos totales del sector privado (fin de mes),ARS mn,BCRA,stock,last
2023-11-01,DEPOSITOS_PRIV_TOTAL,28786817.0,Depósitos totales del sector privado (fin de mes),ARS mn,BCRA,stock,last
2023-12-01,DEPOSITOS_PRIV_TOTAL,38504569.0,Depósitos totales del sector privado (fin de mes),ARS mn,BCRA,stock,last
2024-01-01,DEPOSITOS_PRIV_TOTAL,40801464.0,Depósitos totales del sector privado (fin de mes),ARS mn,BCRA,stock,last
2024-02-01,DEPOSITOS_PRIV_TOTAL,42136894.0,Depósitos totales del sector privado (fin de mes),ARS mn,BCRA,stock,last
2024-03-01,DEPOSITOS_PRIV_TOTAL,45468997.0,Depósitos totales del sector privado (fin de mes),ARS mn,BCRA,stock,last
2024-04-01,DEPOSITOS_PRIV_TOTAL,48854427.0,Depósitos totales del sector privado (fin de mes),ARS mn,BCRA,stock,last
2024-05-01,DEPOSITOS_PRIV_TOTAL,52636694.0,Depósitos totales del sector privado (fin de mes),ARS mn,BCRA,stock,last
2024-06-01,DEPOSITOS_PRIV_TOTAL,57004210.0,Depósitos totales del sector privado (fin de mes),ARS mn,BCRA,stock,last
2024-07-01,DEPOSITOS_PRIV_TOTAL,59327529.0,Depósitos totales del sector privado (fin de mes),ARS mn,BCRA,stock,last
2024-08-01,DEPOSITOS_PRIV_TOTAL,62303455.0,Depósitos totales del sector privado (fin de mes),ARS mn,BCRA,stock,last
2024-09-01,DEPOSITOS_PRIV_TOTAL,65156439.0,Depósitos totales del sector privado (fin de mes),ARS mn,BCRA,stock,last
2024-10-01,DEPOSITOS_PRIV_TOTAL,69385682.0,Depósitos totales del sector privado (fin de mes),ARS mn,BCRA,stock,last
2024-11-01,DEPOSITOS_PRIV_TOTAL,72782059.0,Depósitos totales del sector privado (fin de mes),ARS mn,BCRA,stock,last
2024-12-01,DEPOSITOS_PRIV_TOTAL,78516253.0,Depósitos totales del sector privado (fin de mes),ARS mn,BCRA,stock,last
2025-01-01,DEPOSITOS_PRIV_TOTAL,79812008.0,Depósitos totales del sector privado (fin de mes),ARS mn,BCRA,stock,last
2025-02-01,DEPOSITOS_PRIV_TOTAL,82467018.0,Depósitos totales del sector privado (fin de mes),ARS mn,BCRA,stock,last
2025-03-01,DEPOSITOS_PRIV_TOTAL,85568690.0,Depósitos totales del sector privado (fin de mes),ARS mn,BCRA,stock,last
2025-04-01,DEPOSITOS_PRIV_TOTAL,88654607.0,Depósitos totales del sector privado (fin de mes),ARS mn,BCRA,stock,last
2025-05-01,DEPOSITOS_PRIV_TOTAL,90772033.0,Depósitos totales del sector privado (fin de mes),ARS mn,BCRA,stock,last
2025-06-01,DEPOSITOS_PRIV_TOTAL,95780877.0,Depósitos totales del sector privado (fin de mes),ARS mn,BCRA,stock,last
2025-07-01,DEPOSITOS_PRIV_TOTAL,95584109.0,Depósitos totales del sector privado (fin de mes),ARS mn,BCRA,stock,last
2025-08-01,DEPOSITOS_PRIV_TOTAL,95906876.0,Depósitos totales del sector privado (fin de mes),ARS mn,BCRA,stock,last
2025-09-01,DEPOSITOS_PRIV_TOTAL,100409754.0,Depósitos totales del sector privado (fin de mes),ARS mn,BCRA,stock,last
2025-10-01,DEPOSITOS_PRIV_TOTAL,98366903.0,Depósitos totales del sector privado (fin de mes),ARS mn,BCRA,stock,last
2025-11-01,DEPOSITOS_PRIV_TOTAL,103911279.0,Depósitos totales del sector privado (fin de mes),ARS mn,BCRA,stock,last
2025-12-01,DEPOSITOS_PRIV_TOTAL,111042556.0,Depósitos totales del sector privado (fin de mes),ARS mn,BCRA,stock,last
2026-01-01,DEPOSITOS_PRIV_TOTAL,109296589.0,Depósitos totales del sector privado (fin de mes),ARS mn,BCRA,stock,last
2026-02-01,DEPOSITOS_PRIV_TOTAL,110987332.0,Depósitos totales del sector privado (fin de mes),ARS mn,BCRA,stock,last
2026-03-01,DEPOSITOS_PRIV_TOTAL,113090474.0,Depósitos totales del sector privado (fin de mes),ARS mn,BCRA,stock,last
2026-04-01,DEPOSITOS_PRIV_TOTAL,118216459.0,Depósitos totales del sector privado (fin de mes),ARS mn,BCRA,stock,last
2026-05-01,DEPOSITOS_PRIV_TOTAL,119583950.0,Depósitos totales del sector privado (fin de mes),ARS mn,BCRA,stock,last
2026-06-01,DEPOSITOS_PRIV_TOTAL,126550913.0,Depósitos totales del sector privado (fin de mes),ARS mn,BCRA,stock,last
2026-07-01,DEPOSITOS_PRIV_TOTAL,125027585.0,Depósitos totales del sector privado (fin de mes),ARS mn,BCRA,stock,last
2026-08-01,DEPOSITOS_PRIV_TOTAL,125831705.0,Depósitos totales del sector privado (fin de mes),ARS mn,BCRA,stock,last
2026-09-01,DEPOSITOS_PRIV_TOTAL,128321413.0,Depósitos totales del sector privado (fin de mes),ARS mn,BCRA,stock,last
2016-06-01,DEPOSITOS_USD_PRIV,11962.0,Depósitos en dólares del sector privado no financiero (fin de mes),USD mn,BCRA,stock,last
2016-07-01,DEPOSITOS_USD_PRIV,12313.0,Depósitos en dólares del sector privado no financiero (fin de mes),USD mn,BCRA,stock,last
2016-08-01,DEPOSITOS_USD_PRIV,12690.0,Depósitos en dólares del sector privado no financiero (fin de mes),USD mn,BCRA,stock,last
2016-09-01,DEPOSITOS_USD_PRIV,13206.0,Depósitos en dólares del sector privado no financiero (fin de mes),USD mn,BCRA,stock,last
2016-10-01,DEPOSITOS_USD_PRIV,16691.0,Depósitos en dólares del sector privado no financiero (fin de mes),USD mn,BCRA,stock,last
2016-11-01,DEPOSITOS_USD_PRIV,20792.0,Depósitos en dólares del sector privado no financiero (fin de mes),USD mn,BCRA,stock,last
2016-12-01,DEPOSITOS_USD_PRIV,22464.0,Depósitos en dólares del sector privado no financiero (fin de mes),USD mn,BCRA,stock,last
2017-01-01,DEPOSITOS_USD_PRIV,22561.0,Depósitos en dólares del sector privado no financiero (fin de mes),USD mn,BCRA,stock,last
2017-02-01,DEPOSITOS_USD_PRIV,22977.0,Depósitos en dólares del sector privado no financiero (fin de mes),USD mn,BCRA,stock,last
2017-03-01,DEPOSITOS_USD_PRIV,23368.0,Depósitos en dólares del sector privado no financiero (fin de mes),USD mn,BCRA,stock,last
2017-04-01,DEPOSITOS_USD_PRIV,24262.0,Depósitos en dólares del sector privado no financiero (fin de mes),USD mn,BCRA,stock,last
2017-05-01,DEPOSITOS_USD_PRIV,23091.0,Depósitos en dólares del sector privado no financiero (fin de mes),USD mn,BCRA,stock,last
2017-06-01,DEPOSITOS_USD_PRIV,22704.0,Depósitos en dólares del sector privado no financiero (fin de mes),USD mn,BCRA,stock,last
2017-07-01,DEPOSITOS_USD_PRIV,23432.0,Depósitos en dólares del sector privado no financiero (fin de mes),USD mn,BCRA,stock,last
2017-08-01,DEPOSITOS_USD_PRIV,24074.0,Depósitos en dólares del sector privado no financiero (fin de mes),USD mn,BCRA,stock,last
2017-09-01,DEPOSITOS_USD_PRIV,24418.0,Depósitos en dólares del sector privado no financiero (fin de mes),USD mn,BCRA,stock,last
2017-10-01,DEPOSITOS_USD_PRIV,24658.0,Depósitos en dólares del sector privado no financiero (fin de mes),USD mn,BCRA,stock,last
2017-11-01,DEPOSITOS_USD_PRIV,25155.0,Depósitos en dólares del sector privado no financiero (fin de mes),USD mn,BCRA,stock,last
2017-12-01,DEPOSITOS_USD_PRIV,26428.0,Depósitos en dólares del sector privado no financiero (fin de mes),USD mn,BCRA,stock,last
2018-01-01,DEPOSITOS_USD_PRIV,25389.0,Depósitos en dólares del sector privado no financiero (fin de mes),USD mn,BCRA,stock,last
2018-02-01,DEPOSITOS_USD_PRIV,25615.0,Depósitos en dólares del sector privado no financiero (fin de mes),USD mn,BCRA,stock,last
2018-03-01,DEPOSITOS_USD_PRIV,25995.0,Depósitos en dólares del sector privado no financiero (fin de mes),USD mn,BCRA,stock,last
2018-04-01,DEPOSITOS_USD_PRIV,26477.0,Depósitos en dólares del sector privado no financiero (fin de mes),USD mn,BCRA,stock,last
2018-05-01,DEPOSITOS_USD_PRIV,25819.0,Depósitos en dólares del sector privado no financiero (fin de mes),USD mn,BCRA,stock,last
2018-06-01,DEPOSITOS_USD_PRIV,26633.0,Depósitos en dólares del sector privado no financiero (fin de mes),USD mn,BCRA,stock,last
2018-07-01,DEPOSITOS_USD_PRIV,27102.0,Depósitos en dólares del sector privado no financiero (fin de mes),USD mn,BCRA,stock,last
2018-08-01,DEPOSITOS_USD_PRIV,27994.0,Depósitos en dólares del sector privado no financiero (fin de mes),USD mn,BCRA,stock,last
2018-09-01,DEPOSITOS_USD_PRIV,27021.0,Depósitos en dólares del sector privado no financiero (fin de mes),USD mn,BCRA,stock,last
2018-10-01,DEPOSITOS_USD_PRIV,27288.0,Depósitos en dólares del sector privado no financiero (fin de mes),USD mn,BCRA,stock,last
2018-11-01,DEPOSITOS_USD_PRIV,27500.0,Depósitos en dólares del sector privado no financiero (fin de mes),USD mn,BCRA,stock,last
2018-12-01,DEPOSITOS_USD_PRIV,28951.0,Depósitos en dólares del sector privado no financiero (fin de mes),USD mn,BCRA,stock,last
2019-01-01,DEPOSITOS_USD_PRIV,29527.0,Depósitos en dólares del sector privado no financiero (fin de mes),USD mn,BCRA,stock,last
2019-02-01,DEPOSITOS_USD_PRIV,29677.0,Depósitos en dólares del sector privado no financiero (fin de mes),USD mn,BCRA,stock,last
2019-03-01,DEPOSITOS_USD_PRIV,29828.0,Depósitos en dólares del sector privado no financiero (fin de mes),USD mn,BCRA,stock,last
2019-04-01,DEPOSITOS_USD_PRIV,30194.0,Depósitos en dólares del sector privado no financiero (fin de mes),USD mn,BCRA,stock,last
2019-05-01,DEPOSITOS_USD_PRIV,30636.0,Depósitos en dólares del sector privado no financiero (fin de mes),USD mn,BCRA,stock,last
2019-06-01,DEPOSITOS_USD_PRIV,30908.0,Depósitos en dólares del sector privado no financiero (fin de mes),USD mn,BCRA,stock,last
2019-07-01,DEPOSITOS_USD_PRIV,32163.0,Depósitos en dólares del sector privado no financiero (fin de mes),USD mn,BCRA,stock,last
2019-08-01,DEPOSITOS_USD_PRIV,26623.0,Depósitos en dólares del sector privado no financiero (fin de mes),USD mn,BCRA,stock,last
2019-09-01,DEPOSITOS_USD_PRIV,21384.0,Depósitos en dólares del sector privado no financiero (fin de mes),USD mn,BCRA,stock,last
2019-10-01,DEPOSITOS_USD_PRIV,19099.0,Depósitos en dólares del sector privado no financiero (fin de mes),USD mn,BCRA,stock,last
2019-11-01,DEPOSITOS_USD_PRIV,18441.0,Depósitos en dólares del sector privado no financiero (fin de mes),USD mn,BCRA,stock,last
2019-12-01,DEPOSITOS_USD_PRIV,19448.0,Depósitos en dólares del sector privado no financiero (fin de mes),USD mn,BCRA,stock,last
2020-01-01,DEPOSITOS_USD_PRIV,18719.0,Depósitos en dólares del sector privado no financiero (fin de mes),USD mn,BCRA,stock,last
2020-02-01,DEPOSITOS_USD_PRIV,18555.0,Depósitos en dólares del sector privado no financiero (fin de mes),USD mn,BCRA,stock,last
2020-03-01,DEPOSITOS_USD_PRIV,18142.0,Depósitos en dólares del sector privado no financiero (fin de mes),USD mn,BCRA,stock,last
2020-04-01,DEPOSITOS_USD_PRIV,17783.0,Depósitos en dólares del sector privado no financiero (fin de mes),USD mn,BCRA,stock,last
2020-05-01,DEPOSITOS_USD_PRIV,16880.0,Depósitos en dólares del sector privado no financiero (fin de mes),USD mn,BCRA,stock,last
2020-06-01,DEPOSITOS_USD_PRIV,16783.0,Depósitos en dólares del sector privado no financiero (fin de mes),USD mn,BCRA,stock,last
2020-07-01,DEPOSITOS_USD_PRIV,17004.0,Depósitos en dólares del sector privado no financiero (fin de mes),USD mn,BCRA,stock,last
2020-08-01,DEPOSITOS_USD_PRIV,17165.0,Depósitos en dólares del sector privado no financiero (fin de mes),USD mn,BCRA,stock,last
2020-09-01,DEPOSITOS_USD_PRIV,16137.0,Depósitos en dólares del sector privado no financiero (fin de mes),USD mn,BCRA,stock,last
2020-10-01,DEPOSITOS_USD_PRIV,14659.0,Depósitos en dólares del sector privado no financiero (fin de mes),USD mn,BCRA,stock,last
2020-11-01,DEPOSITOS_USD_PRIV,14676.0,Depósitos en dólares del sector privado no financiero (fin de mes),USD mn,BCRA,stock,last
2020-12-01,DEPOSITOS_USD_PRIV,15935.0,Depósitos en dólares del sector privado no financiero (fin de mes),USD mn,BCRA,stock,last
2021-01-01,DEPOSITOS_USD_PRIV,15628.0,Depósitos en dólares del sector privado no financiero (fin de mes),USD mn,BCRA,stock,last
2021-02-01,DEPOSITOS_USD_PRIV,15674.0,Depósitos en dólares del sector privado no financiero (fin de mes),USD mn,BCRA,stock,last
2021-03-01,DEPOSITOS_USD_PRIV,15946.0,Depósitos en dólares del sector privado no financiero (fin de mes),USD mn,BCRA,stock,last
2021-04-01,DEPOSITOS_USD_PRIV,15957.0,Depósitos en dólares del sector privado no financiero (fin de mes),USD mn,BCRA,stock,last
2021-05-01,DEPOSITOS_USD_PRIV,16155.0,Depósitos en dólares del sector privado no financiero (fin de mes),USD mn,BCRA,stock,last
2021-06-01,DEPOSITOS_USD_PRIV,16222.0,Depósitos en dólares del sector privado no financiero (fin de mes),USD mn,BCRA,stock,last
2021-07-01,DEPOSITOS_USD_PRIV,16361.0,Depósitos en dólares del sector privado no financiero (fin de mes),USD mn,BCRA,stock,last
2021-08-01,DEPOSITOS_USD_PRIV,16430.0,Depósitos en dólares del sector privado no financiero (fin de mes),USD mn,BCRA,stock,last
2021-09-01,DEPOSITOS_USD_PRIV,16386.0,Depósitos en dólares del sector privado no financiero (fin de mes),USD mn,BCRA,stock,last
2021-10-01,DEPOSITOS_USD_PRIV,16122.0,Depósitos en dólares del sector privado no financiero (fin de mes),USD mn,BCRA,stock,last
2021-11-01,DEPOSITOS_USD_PRIV,15351.0,Depósitos en dólares del sector privado no financiero (fin de mes),USD mn,BCRA,stock,last
2021-12-01,DEPOSITOS_USD_PRIV,15752.0,Depósitos en dólares del sector privado no financiero (fin de mes),USD mn,BCRA,stock,last
2022-01-01,DEPOSITOS_USD_PRIV,15314.0,Depósitos en dólares del sector privado no financiero (fin de mes),USD mn,BCRA,stock,last
2022-02-01,DEPOSITOS_USD_PRIV,15168.0,Depósitos en dólares del sector privado no financiero (fin de mes),USD mn,BCRA,stock,last
2022-03-01,DEPOSITOS_USD_PRIV,15245.0,Depósitos en dólares del sector privado no financiero (fin de mes),USD mn,BCRA,stock,last
2022-04-01,DEPOSITOS_USD_PRIV,15321.0,Depósitos en dólares del sector privado no financiero (fin de mes),USD mn,BCRA,stock,last
2022-05-01,DEPOSITOS_USD_PRIV,15485.0,Depósitos en dólares del sector privado no financiero (fin de mes),USD mn,BCRA,stock,last
2022-06-01,DEPOSITOS_USD_PRIV,15493.0,Depósitos en dólares del sector privado no financiero (fin de mes),USD mn,BCRA,stock,last
2022-07-01,DEPOSITOS_USD_PRIV,14638.0,Depósitos en dólares del sector privado no financiero (fin de mes),USD mn,BCRA,stock,last
2022-08-01,DEPOSITOS_USD_PRIV,14527.0,Depósitos en dólares del sector privado no financiero (fin de mes),USD mn,BCRA,stock,last
2022-09-01,DEPOSITOS_USD_PRIV,14930.0,Depósitos en dólares del sector privado no financiero (fin de mes),USD mn,BCRA,stock,last
2022-10-01,DEPOSITOS_USD_PRIV,15016.0,Depósitos en dólares del sector privado no financiero (fin de mes),USD mn,BCRA,stock,last
2022-11-01,DEPOSITOS_USD_PRIV,15391.0,Depósitos en dólares del sector privado no financiero (fin de mes),USD mn,BCRA,stock,last
2022-12-01,DEPOSITOS_USD_PRIV,16329.0,Depósitos en dólares del sector privado no financiero (fin de mes),USD mn,BCRA,stock,last
2023-01-01,DEPOSITOS_USD_PRIV,16307.0,Depósitos en dólares del sector privado no financiero (fin de mes),USD mn,BCRA,stock,last
2023-02-01,DEPOSITOS_USD_PRIV,16354.0,Depósitos en dólares del sector privado no financiero (fin de mes),USD mn,BCRA,stock,last
2023-03-01,DEPOSITOS_USD_PRIV,16047.0,Depósitos en dólares del sector privado no financiero (fin de mes),USD mn,BCRA,stock,last
2023-04-01,DEPOSITOS_USD_PRIV,15293.0,Depósitos en dólares del sector privado no financiero (fin de mes),USD mn,BCRA,stock,last
2023-05-01,DEPOSITOS_USD_PRIV,15292.0,Depósitos en dólares del sector privado no financiero (fin de mes),USD mn,BCRA,stock,last
2023-06-01,DEPOSITOS_USD_PRIV,15430.0,Depósitos en dólares del sector privado no financiero (fin de mes),USD mn,BCRA,stock,last
2023-07-01,DEPOSITOS_USD_PRIV,15506.0,Depósitos en dólares del sector privado no financiero (fin de mes),USD mn,BCRA,stock,last
2023-08-01,DEPOSITOS_USD_PRIV,14976.0,Depósitos en dólares del sector privado no financiero (fin de mes),USD mn,BCRA,stock,last
2023-09-01,DEPOSITOS_USD_PRIV,14938.0,Depósitos en dólares del sector privado no financiero (fin de mes),USD mn,BCRA,stock,last
2023-10-01,DEPOSITOS_USD_PRIV,14262.0,Depósitos en dólares del sector privado no financiero (fin de mes),USD mn,BCRA,stock,last
2023-11-01,DEPOSITOS_USD_PRIV,14111.0,Depósitos en dólares del sector privado no financiero (fin de mes),USD mn,BCRA,stock,last
2023-12-01,DEPOSITOS_USD_PRIV,15802.0,Depósitos en dólares del sector privado no financiero (fin de mes),USD mn,BCRA,stock,last
2024-01-01,DEPOSITOS_USD_PRIV,15961.0,Depósitos en dólares del sector privado no financiero (fin de mes),USD mn,BCRA,stock,last
2024-02-01,DEPOSITOS_USD_PRIV,16431.0,Depósitos en dólares del sector privado no financiero (fin de mes),USD mn,BCRA,stock,last
2024-03-01,DEPOSITOS_USD_PRIV,16909.0,Depósitos en dólares del sector privado no financiero (fin de mes),USD mn,BCRA,stock,last
2024-04-01,DEPOSITOS_USD_PRIV,17293.0,Depósitos en dólares del sector privado no financiero (fin de mes),USD mn,BCRA,stock,last
2024-05-01,DEPOSITOS_USD_PRIV,17723.0,Depósitos en dólares del sector privado no financiero (fin de mes),USD mn,BCRA,stock,last
2024-06-01,DEPOSITOS_USD_PRIV,17861.0,Depósitos en dólares del sector privado no financiero (fin de mes),USD mn,BCRA,stock,last
2024-07-01,DEPOSITOS_USD_PRIV,18605.0,Depósitos en dólares del sector privado no financiero (fin de mes),USD mn,BCRA,stock,last
2024-08-01,DEPOSITOS_USD_PRIV,19310.0,Depósitos en dólares del sector privado no financiero (fin de mes),USD mn,BCRA,stock,last
2024-09-01,DEPOSITOS_USD_PRIV,31554.0,Depósitos en dólares del sector privado no financiero (fin de mes),USD mn,BCRA,stock,last
2024-10-01,DEPOSITOS_USD_PRIV,34641.0,Depósitos en dólares del sector privado no financiero (fin de mes),USD mn,BCRA,stock,last
2024-11-01,DEPOSITOS_USD_PRIV,32575.0,Depósitos en dólares del sector privado no financiero (fin de mes),USD mn,BCRA,stock,last
2024-12-01,DEPOSITOS_USD_PRIV,31444.0,Depósitos en dólares del sector privado no financiero (fin de mes),USD mn,BCRA,stock,last
2025-01-01,DEPOSITOS_USD_PRIV,31209.0,Depósitos en dólares del sector privado no financiero (fin de mes),USD mn,BCRA,stock,last
2025-02-01,DEPOSITOS_USD_PRIV,30427.0,Depósitos en dólares del sector privado no financiero (fin de mes),USD mn,BCRA,stock,last
2025-03-01,DEPOSITOS_USD_PRIV,29351.0,Depósitos en dólares del sector privado no financiero (fin de mes),USD mn,BCRA,stock,last
2025-04-01,DEPOSITOS_USD_PRIV,30364.0,Depósitos en dólares del sector privado no financiero (fin de mes),USD mn,BCRA,stock,last
2025-05-01,DEPOSITOS_USD_PRIV,30404.0,Depósitos en dólares del sector privado no financiero (fin de mes),USD mn,BCRA,stock,last
2025-06-01,DEPOSITOS_USD_PRIV,30853.0,Depósitos en dólares del sector privado no financiero (fin de mes),USD mn,BCRA,stock,last
2025-07-01,DEPOSITOS_USD_PRIV,32591.0,Depósitos en dólares del sector privado no financiero (fin de mes),USD mn,BCRA,stock,last
2025-08-01,DEPOSITOS_USD_PRIV,32323.0,Depósitos en dólares del sector privado no financiero (fin de mes),USD mn,BCRA,stock,last
2025-09-01,DEPOSITOS_USD_PRIV,33949.0,Depósitos en dólares del sector privado no financiero (fin de mes),USD mn,BCRA,stock,last
2025-10-01,DEPOSITOS_USD_PRIV,35113.0,Depósitos en dólares del sector privado no financiero (fin de mes),USD mn,BCRA,stock,last
2025-11-01,DEPOSITOS_USD_PRIV,35740.0,Depósitos en dólares del sector privado no financiero (fin de mes),USD mn,BCRA,stock,last
2025-12-01,DEPOSITOS_USD_PRIV,36986.0,Depósitos en dólares del sector privado no financiero (fin de mes),USD mn,BCRA,stock,last
2026-01-01,DEPOSITOS_USD_PRIV,37969.0,Depósitos en dólares del sector privado no financiero (fin de mes),USD mn,BCRA,stock,last
2026-02-01,DEPOSITOS_USD_PRIV,38391.0,Depósitos en dólares del sector privado no financiero (fin de mes),USD mn,BCRA,stock,last
2026-03-01,DEPOSITOS_USD_PRIV,38479.0,Depósitos en dólares del sector privado no financiero (fin de mes),USD mn,BCRA,stock,last
2026-04-01,DEPOSITOS_USD_PRIV,38888.0,Depósitos en dólares del sector privado no financiero (fin de mes),USD mn,BCRA,stock,last
2026-05-01,DEPOSITOS_USD_PRIV,38844.0,Depósitos en dólares del sector privado no financiero (fin de mes),USD mn,BCRA,stock,last
2026-06-01,DEPOSITOS_USD_PRIV,39336.0,Depósitos en dólares del sector privado no financiero (fin de mes),USD mn,BCRA,stock,last
2026-07-01,DEPOSITOS_USD_PRIV,40269.0,Depósitos en dólares del sector privado no financiero (fin de mes),USD mn,BCRA,stock,last
2026-08-01,DEPOSITOS_USD_PRIV,40887.0,Depósitos en dólares del sector privado no financiero (fin de mes),USD mn,BCRA,stock,last
2026-09-01,DEPOSITOS_USD_PRIV,41911.0,Depósitos en dólares del sector privado no financiero (fin de mes),USD mn,BCRA,stock,last
2016-06-01,DOLAR_BLUE,14.3,"Dólar blue (promedio del mes, precio de venta)",ARS por USD,ArgentinaDatos (terceros),precio,mean
2016-07-01,DOLAR_BLUE,15.096774193548388,"Dólar blue (promedio del mes, precio de venta)",ARS por USD,ArgentinaDatos (terceros),precio,mean
2016-08-01,DOLAR_BLUE,15.129032258064516,"Dólar blue (promedio del mes, precio de venta)",ARS por USD,ArgentinaDatos (terceros),precio,mean
2016-09-01,DOLAR_BLUE,15.466666666666667,"Dólar blue (promedio del mes, precio de venta)",ARS por USD,ArgentinaDatos (terceros),precio,mean
2016-10-01,DOLAR_BLUE,16.0,"Dólar blue (promedio del mes, precio de venta)",ARS por USD,ArgentinaDatos (terceros),precio,mean
2016-11-01,DOLAR_BLUE,15.6,"Dólar blue (promedio del mes, precio de venta)",ARS por USD,ArgentinaDatos (terceros),precio,mean
2016-12-01,DOLAR_BLUE,16.548387096774192,"Dólar blue (promedio del mes, precio de venta)",ARS por USD,ArgentinaDatos (terceros),precio,mean
2017-01-01,DOLAR_BLUE,17.0,"Dólar blue (promedio del mes, precio de venta)",ARS por USD,ArgentinaDatos (terceros),precio,mean
2017-02-01,DOLAR_BLUE,16.071428571428573,"Dólar blue (promedio del mes, precio de venta)",ARS por USD,ArgentinaDatos (terceros),precio,mean
2017-03-01,DOLAR_BLUE,16.0,"Dólar blue (promedio del mes, precio de venta)",ARS por USD,ArgentinaDatos (terceros),precio,mean
2017-04-01,DOLAR_BLUE,16.0,"Dólar blue (promedio del mes, precio de venta)",ARS por USD,ArgentinaDatos (terceros),precio,mean
2017-05-01,DOLAR_BLUE,16.0,"Dólar blue (promedio del mes, precio de venta)",ARS por USD,ArgentinaDatos (terceros),precio,mean
2017-06-01,DOLAR_BLUE,16.5,"Dólar blue (promedio del mes, precio de venta)",ARS por USD,ArgentinaDatos (terceros),precio,mean
2017-07-01,DOLAR_BLUE,17.612903225806452,"Dólar blue (promedio del mes, precio de venta)",ARS por USD,ArgentinaDatos (terceros),precio,mean
2017-08-01,DOLAR_BLUE,18.0,"Dólar blue (promedio del mes, precio de venta)",ARS por USD,ArgentinaDatos (terceros),precio,mean
2017-09-01,DOLAR_BLUE,18.0,"Dólar blue (promedio del mes, precio de venta)",ARS por USD,ArgentinaDatos (terceros),precio,mean
2017-10-01,DOLAR_BLUE,18.0,"Dólar blue (promedio del mes, precio de venta)",ARS por USD,ArgentinaDatos (terceros),precio,mean
2017-11-01,DOLAR_BLUE,18.0,"Dólar blue (promedio del mes, precio de venta)",ARS por USD,ArgentinaDatos (terceros),precio,mean
2017-12-01,DOLAR_BLUE,18.129032258064516,"Dólar blue (promedio del mes, precio de venta)",ARS por USD,ArgentinaDatos (terceros),precio,mean
2018-01-01,DOLAR_BLUE,19.225806451612904,"Dólar blue (promedio del mes, precio de venta)",ARS por USD,ArgentinaDatos (terceros),precio,mean
2018-02-01,DOLAR_BLUE,20.0,"Dólar blue (promedio del mes, precio de venta)",ARS por USD,ArgentinaDatos (terceros),precio,mean
2018-03-01,DOLAR_BLUE,20.870967741935484,"Dólar blue (promedio del mes, precio de venta)",ARS por USD,ArgentinaDatos (terceros),precio,mean
2018-04-01,DOLAR_BLUE,21.0,"Dólar blue (promedio del mes, precio de venta)",ARS por USD,ArgentinaDatos (terceros),precio,mean
2018-05-01,DOLAR_BLUE,24.29032258064516,"Dólar blue (promedio del mes, precio de venta)",ARS por USD,ArgentinaDatos (terceros),precio,mean
2018-06-01,DOLAR_BLUE,27.366666666666667,"Dólar blue (promedio del mes, precio de venta)",ARS por USD,ArgentinaDatos (terceros),precio,mean
2018-07-01,DOLAR_BLUE,28.93548387096774,"Dólar blue (promedio del mes, precio de venta)",ARS por USD,ArgentinaDatos (terceros),precio,mean
2018-08-01,DOLAR_BLUE,30.419354838709676,"Dólar blue (promedio del mes, precio de venta)",ARS por USD,ArgentinaDatos (terceros),precio,mean
2018-09-01,DOLAR_BLUE,39.13333333333333,"Dólar blue (promedio del mes, precio de venta)",ARS por USD,ArgentinaDatos (terceros),precio,mean
2018-10-01,DOLAR_BLUE,37.935483870967744,"Dólar blue (promedio del mes, precio de venta)",ARS por USD,ArgentinaDatos (terceros),precio,mean
2018-11-01,DOLAR_BLUE,36.5,"Dólar blue (promedio del mes, precio de venta)",ARS por USD,ArgentinaDatos (terceros),precio,mean
2018-12-01,DOLAR_BLUE,38.483870967741936,"Dólar blue (promedio del mes, precio de venta)",ARS por USD,ArgentinaDatos (terceros),precio,mean
2019-01-01,DOLAR_BLUE,39.03225806451613,"Dólar blue (promedio del mes, precio de venta)",ARS por USD,ArgentinaDatos (terceros),precio,mean
2019-02-01,DOLAR_BLUE,38.42857142857143,"Dólar blue (promedio del mes, precio de venta)",ARS por USD,ArgentinaDatos (terceros),precio,mean
2019-03-01,DOLAR_BLUE,41.29032258064516,"Dólar blue (promedio del mes, precio de venta)",ARS por USD,ArgentinaDatos (terceros),precio,mean
2019-04-01,DOLAR_BLUE,44.266666666666666,"Dólar blue (promedio del mes, precio de venta)",ARS por USD,ArgentinaDatos (terceros),precio,mean
2019-05-01,DOLAR_BLUE,46.0,"Dólar blue (promedio del mes, precio de venta)",ARS por USD,ArgentinaDatos (terceros),precio,mean
2019-06-01,DOLAR_BLUE,45.06666666666667,"Dólar blue (promedio del mes, precio de venta)",ARS por USD,ArgentinaDatos (terceros),precio,mean
2019-07-01,DOLAR_BLUE,43.774193548387096,"Dólar blue (promedio del mes, precio de venta)",ARS por USD,ArgentinaDatos (terceros),precio,mean
2019-08-01,DOLAR_BLUE,54.38709677419355,"Dólar blue (promedio del mes, precio de venta)",ARS por USD,ArgentinaDatos (terceros),precio,mean
2019-09-01,DOLAR_BLUE,61.333333333333336,"Dólar blue (promedio del mes, precio de venta)",ARS por USD,ArgentinaDatos (terceros),precio,mean
2019-10-01,DOLAR_BLUE,65.61290322580645,"Dólar blue (promedio del mes, precio de venta)",ARS por USD,ArgentinaDatos (terceros),precio,mean
2019-11-01,DOLAR_BLUE,66.9,"Dólar blue (promedio del mes, precio de venta)",ARS por USD,ArgentinaDatos (terceros),precio,mean
2019-12-01,DOLAR_BLUE,72.70967741935483,"Dólar blue (promedio del mes, precio de venta)",ARS por USD,ArgentinaDatos (terceros),precio,mean
2020-01-01,DOLAR_BLUE,77.41935483870968,"Dólar blue (promedio del mes, precio de venta)",ARS por USD,ArgentinaDatos (terceros),precio,mean
2020-02-01,DOLAR_BLUE,78.3103448275862,"Dólar blue (promedio del mes, precio de venta)",ARS por USD,ArgentinaDatos (terceros),precio,mean
2020-03-01,DOLAR_BLUE,82.51612903225806,"Dólar blue (promedio del mes, precio de venta)",ARS por USD,ArgentinaDatos (terceros),precio,mean
2020-04-01,DOLAR_BLUE,98.56666666666666,"Dólar blue (promedio del mes, precio de venta)",ARS por USD,ArgentinaDatos (terceros),precio,mean
2020-05-01,DOLAR_BLUE,125.45161290322581,"Dólar blue (promedio del mes, precio de venta)",ARS por USD,ArgentinaDatos (terceros),precio,mean
2020-06-01,DOLAR_BLUE,126.16666666666667,"Dólar blue (promedio del mes, precio de venta)",ARS por USD,ArgentinaDatos (terceros),precio,mean
2020-07-01,DOLAR_BLUE,130.7741935483871,"Dólar blue (promedio del mes, precio de venta)",ARS por USD,ArgentinaDatos (terceros),precio,mean
2020-08-01,DOLAR_BLUE,134.19354838709677,"Dólar blue (promedio del mes, precio de venta)",ARS por USD,ArgentinaDatos (terceros),precio,mean
2020-09-01,DOLAR_BLUE,137.7,"Dólar blue (promedio del mes, precio de venta)",ARS por USD,ArgentinaDatos (terceros),precio,mean
2020-10-01,DOLAR_BLUE,170.93548387096774,"Dólar blue (promedio del mes, precio de venta)",ARS por USD,ArgentinaDatos (terceros),precio,mean
2020-11-01,DOLAR_BLUE,161.0,"Dólar blue (promedio del mes, precio de venta)",ARS por USD,ArgentinaDatos (terceros),precio,mean
2020-12-01,DOLAR_BLUE,153.38709677419354,"Dólar blue (promedio del mes, precio de venta)",ARS por USD,ArgentinaDatos (terceros),precio,mean
2021-01-01,DOLAR_BLUE,158.61290322580646,"Dólar blue (promedio del mes, precio de venta)",ARS por USD,ArgentinaDatos (terceros),precio,mean
2021-02-01,DOLAR_BLUE,149.03571428571428,"Dólar blue (promedio del mes, precio de venta)",ARS por USD,ArgentinaDatos (terceros),precio,mean
2021-03-01,DOLAR_BLUE,143.3548387096774,"Dólar blue (promedio del mes, precio de venta)",ARS por USD,ArgentinaDatos (terceros),precio,mean
2021-04-01,DOLAR_BLUE,145.2,"Dólar blue (promedio del mes, precio de venta)",ARS por USD,ArgentinaDatos (terceros),precio,mean
2021-05-01,DOLAR_BLUE,153.29032258064515,"Dólar blue (promedio del mes, precio de venta)",ARS por USD,ArgentinaDatos (terceros),precio,mean
2021-06-01,DOLAR_BLUE,162.4,"Dólar blue (promedio del mes, precio de venta)",ARS por USD,ArgentinaDatos (terceros),precio,mean
2021-07-01,DOLAR_BLUE,177.6451612903226,"Dólar blue (promedio del mes, precio de venta)",ARS por USD,ArgentinaDatos (terceros),precio,mean
2021-08-01,DOLAR_BLUE,180.83870967741936,"Dólar blue (promedio del mes, precio de venta)",ARS por USD,ArgentinaDatos (terceros),precio,mean
2021-09-01,DOLAR_BLUE,184.23333333333332,"Dólar blue (promedio del mes, precio de venta)",ARS por USD,ArgentinaDatos (terceros),precio,mean
2021-10-01,DOLAR_BLUE,189.1290322580645,"Dólar blue (promedio del mes, precio de venta)",ARS por USD,ArgentinaDatos (terceros),precio,mean
2021-11-01,DOLAR_BLUE,200.7,"Dólar blue (promedio del mes, precio de venta)",ARS por USD,ArgentinaDatos (terceros),precio,mean
2021-12-01,DOLAR_BLUE,200.5483870967742,"Dólar blue (promedio del mes, precio de venta)",ARS por USD,ArgentinaDatos (terceros),precio,mean
2022-01-01,DOLAR_BLUE,211.7741935483871,"Dólar blue (promedio del mes, precio de venta)",ARS por USD,ArgentinaDatos (terceros),precio,mean
2022-02-01,DOLAR_BLUE,213.42857142857142,"Dólar blue (promedio del mes, precio de venta)",ARS por USD,ArgentinaDatos (terceros),precio,mean
2022-03-01,DOLAR_BLUE,202.0,"Dólar blue (promedio del mes, precio de venta)",ARS por USD,ArgentinaDatos (terceros),precio,mean
2022-04-01,DOLAR_BLUE,199.06666666666666,"Dólar blue (promedio del mes, precio de venta)",ARS por USD,ArgentinaDatos (terceros),precio,mean
2022-05-01,DOLAR_BLUE,204.2258064516129,"Dólar blue (promedio del mes, precio de venta)",ARS por USD,ArgentinaDatos (terceros),precio,mean
2022-06-01,DOLAR_BLUE,217.16666666666666,"Dólar blue (promedio del mes, precio de venta)",ARS por USD,ArgentinaDatos (terceros),precio,mean
2022-07-01,DOLAR_BLUE,289.80645161290323,"Dólar blue (promedio del mes, precio de venta)",ARS por USD,ArgentinaDatos (terceros),precio,mean
2022-08-01,DOLAR_BLUE,293.06451612903226,"Dólar blue (promedio del mes, precio de venta)",ARS por USD,ArgentinaDatos (terceros),precio,mean
2022-09-01,DOLAR_BLUE,281.3333333333333,"Dólar blue (promedio del mes, precio de venta)",ARS por USD,ArgentinaDatos (terceros),precio,mean
2022-10-01,DOLAR_BLUE,287.258064516129,"Dólar blue (promedio del mes, precio de venta)",ARS por USD,ArgentinaDatos (terceros),precio,mean
2022-11-01,DOLAR_BLUE,302.0,"Dólar blue (promedio del mes, precio de venta)",ARS por USD,ArgentinaDatos (terceros),precio,mean
2022-12-01,DOLAR_BLUE,326.2258064516129,"Dólar blue (promedio del mes, precio de venta)",ARS por USD,ArgentinaDatos (terceros),precio,mean
2023-01-01,DOLAR_BLUE,368.64516129032256,"Dólar blue (promedio del mes, precio de venta)",ARS por USD,ArgentinaDatos (terceros),precio,mean
2023-02-01,DOLAR_BLUE,377.85714285714283,"Dólar blue (promedio del mes, precio de venta)",ARS por USD,ArgentinaDatos (terceros),precio,mean
2023-03-01,DOLAR_BLUE,382.258064516129,"Dólar blue (promedio del mes, precio de venta)",ARS por USD,ArgentinaDatos (terceros),precio,mean
2023-04-01,DOLAR_BLUE,420.96666666666664,"Dólar blue (promedio del mes, precio de venta)",ARS por USD,ArgentinaDatos (terceros),precio,mean
2023-05-01,DOLAR_BLUE,481.38709677419354,"Dólar blue (promedio del mes, precio de venta)",ARS por USD,ArgentinaDatos (terceros),precio,mean
2023-06-01,DOLAR_BLUE,490.23333333333335,"Dólar blue (promedio del mes, precio de venta)",ARS por USD,ArgentinaDatos (terceros),precio,mean
2023-07-01,DOLAR_BLUE,518.5806451612904,"Dólar blue (promedio del mes, precio de venta)",ARS por USD,ArgentinaDatos (terceros),precio,mean
2023-08-01,DOLAR_BLUE,670.9032258064516,"Dólar blue (promedio del mes, precio de venta)",ARS por USD,ArgentinaDatos (terceros),precio,mean
2023-09-01,DOLAR_BLUE,738.9333333333333,"Dólar blue (promedio del mes, precio de venta)",ARS por USD,ArgentinaDatos (terceros),precio,mean
2023-10-01,DOLAR_BLUE,974.0645161290323,"Dólar blue (promedio del mes, precio de venta)",ARS por USD,ArgentinaDatos (terceros),precio,mean
2023-11-01,DOLAR_BLUE,955.6666666666666,"Dólar blue (promedio del mes, precio de venta)",ARS por USD,ArgentinaDatos (terceros),precio,mean
2023-12-01,DOLAR_BLUE,989.3548387096774,"Dólar blue (promedio del mes, precio de venta)",ARS por USD,ArgentinaDatos (terceros),precio,mean
2024-01-01,DOLAR_BLUE,1150.0,"Dólar blue (promedio del mes, precio de venta)",ARS por USD,ArgentinaDatos (terceros),precio,mean
2024-02-01,DOLAR_BLUE,1118.448275862069,"Dólar blue (promedio del mes, precio de venta)",ARS por USD,ArgentinaDatos (terceros),precio,mean
2024-03-01,DOLAR_BLUE,1017.9032258064516,"Dólar blue (promedio del mes, precio de venta)",ARS por USD,ArgentinaDatos (terceros),precio,mean
2024-04-01,DOLAR_BLUE,1017.8333333333334,"Dólar blue (promedio del mes, precio de venta)",ARS por USD,ArgentinaDatos (terceros),precio,mean
2024-05-01,DOLAR_BLUE,1125.483870967742,"Dólar blue (promedio del mes, precio de venta)",ARS por USD,ArgentinaDatos (terceros),precio,mean
2024-06-01,DOLAR_BLUE,1292.8333333333333,"Dólar blue (promedio del mes, precio de venta)",ARS por USD,ArgentinaDatos (terceros),precio,mean
2024-07-01,DOLAR_BLUE,1436.774193548387,"Dólar blue (promedio del mes, precio de venta)",ARS por USD,ArgentinaDatos (terceros),precio,mean
2024-08-01,DOLAR_BLUE,1355.1612903225807,"Dólar blue (promedio del mes, precio de venta)",ARS por USD,ArgentinaDatos (terceros),precio,mean
2024-09-01,DOLAR_BLUE,1263.0,"Dólar blue (promedio del mes, precio de venta)",ARS por USD,ArgentinaDatos (terceros),precio,mean
2024-10-01,DOLAR_BLUE,1206.774193548387,"Dólar blue (promedio del mes, precio de venta)",ARS por USD,ArgentinaDatos (terceros),precio,mean
2024-11-01,DOLAR_BLUE,1140.0,"Dólar blue (promedio del mes, precio de venta)",ARS por USD,ArgentinaDatos (terceros),precio,mean
2024-12-01,DOLAR_BLUE,1138.225806451613,"Dólar blue (promedio del mes, precio de venta)",ARS por USD,ArgentinaDatos (terceros),precio,mean
2025-01-01,DOLAR_BLUE,1226.2903225806451,"Dólar blue (promedio del mes, precio de venta)",ARS por USD,ArgentinaDatos (terceros),precio,mean
2025-02-01,DOLAR_BLUE,1221.9642857142858,"Dólar blue (promedio del mes, precio de venta)",ARS por USD,ArgentinaDatos (terceros),precio,mean
2025-03-01,DOLAR_BLUE,1256.6129032258063,"Dólar blue (promedio del mes, precio de venta)",ARS por USD,ArgentinaDatos (terceros),precio,mean
2025-04-01,DOLAR_BLUE,1274.3333333333333,"Dólar blue (promedio del mes, precio de venta)",ARS por USD,ArgentinaDatos (terceros),precio,mean
2025-05-01,DOLAR_BLUE,1173.3870967741937,"Dólar blue (promedio del mes, precio de venta)",ARS por USD,ArgentinaDatos (terceros),precio,mean
2025-06-01,DOLAR_BLUE,1192.0,"Dólar blue (promedio del mes, precio de venta)",ARS por USD,ArgentinaDatos (terceros),precio,mean
2025-07-01,DOLAR_BLUE,1293.225806451613,"Dólar blue (promedio del mes, precio de venta)",ARS por USD,ArgentinaDatos (terceros),precio,mean
2025-08-01,DOLAR_BLUE,1333.0645161290322,"Dólar blue (promedio del mes, precio de venta)",ARS por USD,ArgentinaDatos (terceros),precio,mean
2025-09-01,DOLAR_BLUE,1425.6666666666667,"Dólar blue (promedio del mes, precio de venta)",ARS por USD,ArgentinaDatos (terceros),precio,mean
2025-10-01,DOLAR_BLUE,1474.3548387096773,"Dólar blue (promedio del mes, precio de venta)",ARS por USD,ArgentinaDatos (terceros),precio,mean
2025-11-01,DOLAR_BLUE,1433.6666666666667,"Dólar blue (promedio del mes, precio de venta)",ARS por USD,ArgentinaDatos (terceros),precio,mean
2025-12-01,DOLAR_BLUE,1477.5806451612902,"Dólar blue (promedio del mes, precio de venta)",ARS por USD,ArgentinaDatos (terceros),precio,mean
2026-01-01,DOLAR_BLUE,1502.258064516129,"Dólar blue (promedio del mes, precio de venta)",ARS por USD,ArgentinaDatos (terceros),precio,mean
2026-02-01,DOLAR_BLUE,1437.857142857143,"Dólar blue (promedio del mes, precio de venta)",ARS por USD,ArgentinaDatos (terceros),precio,mean
2026-03-01,DOLAR_BLUE,1420.483870967742,"Dólar blue (promedio del mes, precio de venta)",ARS por USD,ArgentinaDatos (terceros),precio,mean
2026-04-01,DOLAR_BLUE,1407.5,"Dólar blue (promedio del mes, precio de venta)",ARS por USD,ArgentinaDatos (terceros),precio,mean
2026-05-01,DOLAR_BLUE,1416.9354838709678,"Dólar blue (promedio del mes, precio de venta)",ARS por USD,ArgentinaDatos (terceros),precio,mean
2026-06-01,DOLAR_BLUE,1472.8333333333333,"Dólar blue (promedio del mes, precio de venta)",ARS por USD,ArgentinaDatos (terceros),precio,mean
2026-07-01,DOLAR_BLUE,1532.258064516129,"Dólar blue (promedio del mes, precio de venta)",ARS por USD,ArgentinaDatos (terceros),precio,mean
2026-08-01,DOLAR_BLUE,1548.0645161290322,"Dólar blue (promedio del mes, precio de venta)",ARS por USD,ArgentinaDatos (terceros),precio,mean
2026-09-01,DOLAR_BLUE,1550.6666666666667,"Dólar blue (promedio del mes, precio de venta)",ARS por USD,ArgentinaDatos (terceros),precio,mean
2016-06-01,DOLAR_CCL,14.192,"Dólar CCL (promedio del mes, precio de venta)",ARS por USD,ArgentinaDatos (terceros),precio,mean
2016-07-01,DOLAR_CCL,15.050645161290323,"Dólar CCL (promedio del mes, precio de venta)",ARS por USD,ArgentinaDatos (terceros),precio,mean
2016-08-01,DOLAR_CCL,14.93032258064516,"Dólar CCL (promedio del mes, precio de venta)",ARS por USD,ArgentinaDatos (terceros),precio,mean
2016-09-01,DOLAR_CCL,15.128666666666668,"Dólar CCL (promedio del mes, precio de venta)",ARS por USD,ArgentinaDatos (terceros),precio,mean
2016-10-01,DOLAR_CCL,15.25290322580645,"Dólar CCL (promedio del mes, precio de venta)",ARS por USD,ArgentinaDatos (terceros),precio,mean
2016-11-01,DOLAR_CCL,15.405333333333333,"Dólar CCL (promedio del mes, precio de venta)",ARS por USD,ArgentinaDatos (terceros),precio,mean
2016-12-01,DOLAR_CCL,15.954516129032257,"Dólar CCL (promedio del mes, precio de venta)",ARS por USD,ArgentinaDatos (terceros),precio,mean
2017-01-01,DOLAR_CCL,15.959354838709677,"Dólar CCL (promedio del mes, precio de venta)",ARS por USD,ArgentinaDatos (terceros),precio,mean
2017-02-01,DOLAR_CCL,15.663214285714286,"Dólar CCL (promedio del mes, precio de venta)",ARS por USD,ArgentinaDatos (terceros),precio,mean
2017-03-01,DOLAR_CCL,15.588387096774193,"Dólar CCL (promedio del mes, precio de venta)",ARS por USD,ArgentinaDatos (terceros),precio,mean
2017-04-01,DOLAR_CCL,15.497666666666667,"Dólar CCL (promedio del mes, precio de venta)",ARS por USD,ArgentinaDatos (terceros),precio,mean
2017-05-01,DOLAR_CCL,15.740967741935483,"Dólar CCL (promedio del mes, precio de venta)",ARS por USD,ArgentinaDatos (terceros),precio,mean
2017-06-01,DOLAR_CCL,16.105666666666668,"Dólar CCL (promedio del mes, precio de venta)",ARS por USD,ArgentinaDatos (terceros),precio,mean
2017-07-01,DOLAR_CCL,17.17290322580645,"Dólar CCL (promedio del mes, precio de venta)",ARS por USD,ArgentinaDatos (terceros),precio,mean
2017-08-01,DOLAR_CCL,17.50483870967742,"Dólar CCL (promedio del mes, precio de venta)",ARS por USD,ArgentinaDatos (terceros),precio,mean
2017-09-01,DOLAR_CCL,17.298,"Dólar CCL (promedio del mes, precio de venta)",ARS por USD,ArgentinaDatos (terceros),precio,mean
2017-10-01,DOLAR_CCL,17.52,"Dólar CCL (promedio del mes, precio de venta)",ARS por USD,ArgentinaDatos (terceros),precio,mean
2017-11-01,DOLAR_CCL,17.525,"Dólar CCL (promedio del mes, precio de venta)",ARS por USD,ArgentinaDatos (terceros),precio,mean
2017-12-01,DOLAR_CCL,17.789032258064516,"Dólar CCL (promedio del mes, precio de venta)",ARS por USD,ArgentinaDatos (terceros),precio,mean
2018-01-01,DOLAR_CCL,19.05290322580645,"Dólar CCL (promedio del mes, precio de venta)",ARS por USD,ArgentinaDatos (terceros),precio,mean
2018-02-01,DOLAR_CCL,19.917142857142856,"Dólar CCL (promedio del mes, precio de venta)",ARS por USD,ArgentinaDatos (terceros),precio,mean
2018-03-01,DOLAR_CCL,20.29612903225806,"Dólar CCL (promedio del mes, precio de venta)",ARS por USD,ArgentinaDatos (terceros),precio,mean
2018-04-01,DOLAR_CCL,20.301,"Dólar CCL (promedio del mes, precio de venta)",ARS por USD,ArgentinaDatos (terceros),precio,mean
2018-05-01,DOLAR_CCL,23.646774193548385,"Dólar CCL (promedio del mes, precio de venta)",ARS por USD,ArgentinaDatos (terceros),precio,mean
2018-06-01,DOLAR_CCL,26.709,"Dólar CCL (promedio del mes, precio de venta)",ARS por USD,ArgentinaDatos (terceros),precio,mean
2018-07-01,DOLAR_CCL,27.756129032258066,"Dólar CCL (promedio del mes, precio de venta)",ARS por USD,ArgentinaDatos (terceros),precio,mean
2018-08-01,DOLAR_CCL,29.69741935483871,"Dólar CCL (promedio del mes, precio de venta)",ARS por USD,ArgentinaDatos (terceros),precio,mean
2018-09-01,DOLAR_CCL,38.759,"Dólar CCL (promedio del mes, precio de venta)",ARS por USD,ArgentinaDatos (terceros),precio,mean
2018-10-01,DOLAR_CCL,37.30032258064516,"Dólar CCL (promedio del mes, precio de venta)",ARS por USD,ArgentinaDatos (terceros),precio,mean
2018-11-01,DOLAR_CCL,36.324333333333335,"Dólar CCL (promedio del mes, precio de venta)",ARS por USD,ArgentinaDatos (terceros),precio,mean
2018-12-01,DOLAR_CCL,38.11354838709677,"Dólar CCL (promedio del mes, precio de venta)",ARS por USD,ArgentinaDatos (terceros),precio,mean
2019-01-01,DOLAR_CCL,37.52967741935484,"Dólar CCL (promedio del mes, precio de venta)",ARS por USD,ArgentinaDatos (terceros),precio,mean
2019-02-01,DOLAR_CCL,38.40821428571429,"Dólar CCL (promedio del mes, precio de venta)",ARS por USD,ArgentinaDatos (terceros),precio,mean
2019-03-01,DOLAR_CCL,41.281612903225806,"Dólar CCL (promedio del mes, precio de venta)",ARS por USD,ArgentinaDatos (terceros),precio,mean
2019-04-01,DOLAR_CCL,43.505,"Dólar CCL (promedio del mes, precio de venta)",ARS por USD,ArgentinaDatos (terceros),precio,mean
2019-05-01,DOLAR_CCL,45.16290322580645,"Dólar CCL (promedio del mes, precio de venta)",ARS por USD,ArgentinaDatos (terceros),precio,mean
2019-06-01,DOLAR_CCL,43.899,"Dólar CCL (promedio del mes, precio de venta)",ARS por USD,ArgentinaDatos (terceros),precio,mean
2019-07-01,DOLAR_CCL,42.689032258064515,"Dólar CCL (promedio del mes, precio de venta)",ARS por USD,ArgentinaDatos (terceros),precio,mean
2019-08-01,DOLAR_CCL,52.71,"Dólar CCL (promedio del mes, precio de venta)",ARS por USD,ArgentinaDatos (terceros),precio,mean
2019-09-01,DOLAR_CCL,65.69033333333333,"Dólar CCL (promedio del mes, precio de venta)",ARS por USD,ArgentinaDatos (terceros),precio,mean
2019-10-01,DOLAR_CCL,71.74451612903225,"Dólar CCL (promedio del mes, precio de venta)",ARS por USD,ArgentinaDatos (terceros),precio,mean
2019-11-01,DOLAR_CCL,76.71466666666667,"Dólar CCL (promedio del mes, precio de venta)",ARS por USD,ArgentinaDatos (terceros),precio,mean
2019-12-01,DOLAR_CCL,74.49258064516128,"Dólar CCL (promedio del mes, precio de venta)",ARS por USD,ArgentinaDatos (terceros),precio,mean
2020-01-01,DOLAR_CCL,80.11322580645162,"Dólar CCL (promedio del mes, precio de venta)",ARS por USD,ArgentinaDatos (terceros),precio,mean
2020-02-01,DOLAR_CCL,82.95724137931033,"Dólar CCL (promedio del mes, precio de venta)",ARS por USD,ArgentinaDatos (terceros),precio,mean
2020-03-01,DOLAR_CCL,86.28225806451613,"Dólar CCL (promedio del mes, precio de venta)",ARS por USD,ArgentinaDatos (terceros),precio,mean
2020-04-01,DOLAR_CCL,101.994,"Dólar CCL (promedio del mes, precio de venta)",ARS por USD,ArgentinaDatos (terceros),precio,mean
2020-05-01,DOLAR_CCL,116.61129032258064,"Dólar CCL (promedio del mes, precio de venta)",ARS por USD,ArgentinaDatos (terceros),precio,mean
2020-06-01,DOLAR_CCL,110.31966666666668,"Dólar CCL (promedio del mes, precio de venta)",ARS por USD,ArgentinaDatos (terceros),precio,mean
2020-07-01,DOLAR_CCL,114.00290322580646,"Dólar CCL (promedio del mes, precio de venta)",ARS por USD,ArgentinaDatos (terceros),precio,mean
2020-08-01,DOLAR_CCL,127.57516129032258,"Dólar CCL (promedio del mes, precio de venta)",ARS por USD,ArgentinaDatos (terceros),precio,mean
2020-09-01,DOLAR_CCL,133.83,"Dólar CCL (promedio del mes, precio de venta)",ARS por USD,ArgentinaDatos (terceros),precio,mean
2020-10-01,DOLAR_CCL,158.68,"Dólar CCL (promedio del mes, precio de venta)",ARS por USD,ArgentinaDatos (terceros),precio,mean
2020-11-01,DOLAR_CCL,147.99133333333333,"Dólar CCL (promedio del mes, precio de venta)",ARS por USD,ArgentinaDatos (terceros),precio,mean
2020-12-01,DOLAR_CCL,142.5074193548387,"Dólar CCL (promedio del mes, precio de venta)",ARS por USD,ArgentinaDatos (terceros),precio,mean
2021-01-01,DOLAR_CCL,146.52161290322582,"Dólar CCL (promedio del mes, precio de venta)",ARS por USD,ArgentinaDatos (terceros),precio,mean
2021-02-01,DOLAR_CCL,148.14035714285714,"Dólar CCL (promedio del mes, precio de venta)",ARS por USD,ArgentinaDatos (terceros),precio,mean
2021-03-01,DOLAR_CCL,148.01,"Dólar CCL (promedio del mes, precio de venta)",ARS por USD,ArgentinaDatos (terceros),precio,mean
2021-04-01,DOLAR_CCL,151.25966666666667,"Dólar CCL (promedio del mes, precio de venta)",ARS por USD,ArgentinaDatos (terceros),precio,mean
2021-05-01,DOLAR_CCL,160.31354838709677,"Dólar CCL (promedio del mes, precio de venta)",ARS por USD,ArgentinaDatos (terceros),precio,mean
2021-06-01,DOLAR_CCL,165.02533333333335,"Dólar CCL (promedio del mes, precio de venta)",ARS por USD,ArgentinaDatos (terceros),precio,mean
2021-07-01,DOLAR_CCL,167.00870967741935,"Dólar CCL (promedio del mes, precio de venta)",ARS por USD,ArgentinaDatos (terceros),precio,mean
2021-08-01,DOLAR_CCL,169.18129032258065,"Dólar CCL (promedio del mes, precio de venta)",ARS por USD,ArgentinaDatos (terceros),precio,mean
2021-09-01,DOLAR_CCL,172.18766666666667,"Dólar CCL (promedio del mes, precio de venta)",ARS por USD,ArgentinaDatos (terceros),precio,mean
2021-10-01,DOLAR_CCL,177.76483870967743,"Dólar CCL (promedio del mes, precio de venta)",ARS por USD,ArgentinaDatos (terceros),precio,mean
2021-11-01,DOLAR_CCL,197.74099999999999,"Dólar CCL (promedio del mes, precio de venta)",ARS por USD,ArgentinaDatos (terceros),precio,mean
2021-12-01,DOLAR_CCL,208.41290322580645,"Dólar CCL (promedio del mes, precio de venta)",ARS por USD,ArgentinaDatos (terceros),precio,mean
2022-01-01,DOLAR_CCL,216.63741935483873,"Dólar CCL (promedio del mes, precio de venta)",ARS por USD,ArgentinaDatos (terceros),precio,mean
2022-02-01,DOLAR_CCL,211.36892857142857,"Dólar CCL (promedio del mes, precio de venta)",ARS por USD,ArgentinaDatos (terceros),precio,mean
2022-03-01,DOLAR_CCL,196.49064516129033,"Dólar CCL (promedio del mes, precio de venta)",ARS por USD,ArgentinaDatos (terceros),precio,mean
2022-04-01,DOLAR_CCL,196.42066666666668,"Dólar CCL (promedio del mes, precio de venta)",ARS por USD,ArgentinaDatos (terceros),precio,mean
2022-05-01,DOLAR_CCL,210.37225806451613,"Dólar CCL (promedio del mes, precio de venta)",ARS por USD,ArgentinaDatos (terceros),precio,mean
2022-06-01,DOLAR_CCL,231.05866666666668,"Dólar CCL (promedio del mes, precio de venta)",ARS por USD,ArgentinaDatos (terceros),precio,mean
2022-07-01,DOLAR_CCL,299.161935483871,"Dólar CCL (promedio del mes, precio de venta)",ARS por USD,ArgentinaDatos (terceros),precio,mean
2022-08-01,DOLAR_CCL,289.99032258064517,"Dólar CCL (promedio del mes, precio de venta)",ARS por USD,ArgentinaDatos (terceros),precio,mean
2022-09-01,DOLAR_CCL,295.476,"Dólar CCL (promedio del mes, precio de venta)",ARS por USD,ArgentinaDatos (terceros),precio,mean
2022-10-01,DOLAR_CCL,307.05129032258066,"Dólar CCL (promedio del mes, precio de venta)",ARS por USD,ArgentinaDatos (terceros),precio,mean
2022-11-01,DOLAR_CCL,317.01933333333335,"Dólar CCL (promedio del mes, precio de venta)",ARS por USD,ArgentinaDatos (terceros),precio,mean
2022-12-01,DOLAR_CCL,334.48387096774195,"Dólar CCL (promedio del mes, precio de venta)",ARS por USD,ArgentinaDatos (terceros),precio,mean
2023-01-01,DOLAR_CCL,352.9532258064516,"Dólar CCL (promedio del mes, precio de venta)",ARS por USD,ArgentinaDatos (terceros),precio,mean
2023-02-01,DOLAR_CCL,367.9342857142857,"Dólar CCL (promedio del mes, precio de venta)",ARS por USD,ArgentinaDatos (terceros),precio,mean
2023-03-01,DOLAR_CCL,390.2335483870968,"Dólar CCL (promedio del mes, precio de venta)",ARS por USD,ArgentinaDatos (terceros),precio,mean
2023-04-01,DOLAR_CCL,425.60566666666665,"Dólar CCL (promedio del mes, precio de venta)",ARS por USD,ArgentinaDatos (terceros),precio,mean
2023-05-01,DOLAR_CCL,456.8441935483871,"Dólar CCL (promedio del mes, precio de venta)",ARS por USD,ArgentinaDatos (terceros),precio,mean
2023-06-01,DOLAR_CCL,488.4386666666667,"Dólar CCL (promedio del mes, precio de venta)",ARS por USD,ArgentinaDatos (terceros),precio,mean
2023-07-01,DOLAR_CCL,514.5751612903226,"Dólar CCL (promedio del mes, precio de venta)",ARS por USD,ArgentinaDatos (terceros),precio,mean
2023-08-01,DOLAR_CCL,683.55,"Dólar CCL (promedio del mes, precio de venta)",ARS por USD,ArgentinaDatos (terceros),precio,mean
2023-09-01,DOLAR_CCL,743.0976666666667,"Dólar CCL (promedio del mes, precio de venta)",ARS por USD,ArgentinaDatos (terceros),precio,mean
2023-10-01,DOLAR_CCL,893.3261290322581,"Dólar CCL (promedio del mes, precio de venta)",ARS por USD,ArgentinaDatos (terceros),precio,mean
2023-11-01,DOLAR_CCL,885.7566666666667,"Dólar CCL (promedio del mes, precio de venta)",ARS por USD,ArgentinaDatos (terceros),precio,mean
2023-12-01,DOLAR_CCL,963.7425806451613,"Dólar CCL (promedio del mes, precio de venta)",ARS por USD,ArgentinaDatos (terceros),precio,mean
2024-01-01,DOLAR_CCL,1194.3799999999999,"Dólar CCL (promedio del mes, precio de venta)",ARS por USD,ArgentinaDatos (terceros),precio,mean
2024-02-01,DOLAR_CCL,1173.7724137931034,"Dólar CCL (promedio del mes, precio de venta)",ARS por USD,ArgentinaDatos (terceros),precio,mean
2024-03-01,DOLAR_CCL,1066.0129032258064,"Dólar CCL (promedio del mes, precio de venta)",ARS por USD,ArgentinaDatos (terceros),precio,mean
2024-04-01,DOLAR_CCL,1055.97,"Dólar CCL (promedio del mes, precio de venta)",ARS por USD,ArgentinaDatos (terceros),precio,mean
2024-05-01,DOLAR_CCL,1144.2806451612905,"Dólar CCL (promedio del mes, precio de venta)",ARS por USD,ArgentinaDatos (terceros),precio,mean
2024-06-01,DOLAR_CCL,1299.2233333333331,"Dólar CCL (promedio del mes, precio de venta)",ARS por USD,ArgentinaDatos (terceros),precio,mean
2024-07-01,DOLAR_CCL,1358.7396774193548,"Dólar CCL (promedio del mes, precio de venta)",ARS por USD,ArgentinaDatos (terceros),precio,mean
2024-08-01,DOLAR_CCL,1298.7161290322579,"Dólar CCL (promedio del mes, precio de venta)",ARS por USD,ArgentinaDatos (terceros),precio,mean
2024-09-01,DOLAR_CCL,1246.8033333333333,"Dólar CCL (promedio del mes, precio de venta)",ARS por USD,ArgentinaDatos (terceros),precio,mean
2024-10-01,DOLAR_CCL,1188.7387096774194,"Dólar CCL (promedio del mes, precio de venta)",ARS por USD,ArgentinaDatos (terceros),precio,mean
2024-11-01,DOLAR_CCL,1138.1966666666667,"Dólar CCL (promedio del mes, precio de venta)",ARS por USD,ArgentinaDatos (terceros),precio,mean
2024-12-01,DOLAR_CCL,1129.9258064516127,"Dólar CCL (promedio del mes, precio de venta)",ARS por USD,ArgentinaDatos (terceros),precio,mean
2025-01-01,DOLAR_CCL,1185.5290322580645,"Dólar CCL (promedio del mes, precio de venta)",ARS por USD,ArgentinaDatos (terceros),precio,mean
2025-02-01,DOLAR_CCL,1205.9607142857144,"Dólar CCL (promedio del mes, precio de venta)",ARS por USD,ArgentinaDatos (terceros),precio,mean
2025-03-01,DOLAR_CCL,1264.109677419355,"Dólar CCL (promedio del mes, precio de venta)",ARS por USD,ArgentinaDatos (terceros),precio,mean
2025-04-01,DOLAR_CCL,1257.8566666666666,"Dólar CCL (promedio del mes, precio de venta)",ARS por USD,ArgentinaDatos (terceros),precio,mean
2025-05-01,DOLAR_CCL,1174.0870967741935,"Dólar CCL (promedio del mes, precio de venta)",ARS por USD,ArgentinaDatos (terceros),precio,mean
2025-06-01,DOLAR_CCL,1192.2866666666666,"Dólar CCL (promedio del mes, precio de venta)",ARS por USD,ArgentinaDatos (terceros),precio,mean
2025-07-01,DOLAR_CCL,1277.8419354838709,"Dólar CCL (promedio del mes, precio de venta)",ARS por USD,ArgentinaDatos (terceros),precio,mean
2025-08-01,DOLAR_CCL,1333.016129032258,"Dólar CCL (promedio del mes, precio de venta)",ARS por USD,ArgentinaDatos (terceros),precio,mean
2025-09-01,DOLAR_CCL,1453.1833333333334,"Dólar CCL (promedio del mes, precio de venta)",ARS por USD,ArgentinaDatos (terceros),precio,mean
2025-10-01,DOLAR_CCL,1519.9709677419355,"Dólar CCL (promedio del mes, precio de venta)",ARS por USD,ArgentinaDatos (terceros),precio,mean
2025-11-01,DOLAR_CCL,1494.6233333333332,"Dólar CCL (promedio del mes, precio de venta)",ARS por USD,ArgentinaDatos (terceros),precio,mean
2025-12-01,DOLAR_CCL,1523.4774193548387,"Dólar CCL (promedio del mes, precio de venta)",ARS por USD,ArgentinaDatos (terceros),precio,mean
2026-01-01,DOLAR_CCL,1519.5419354838712,"Dólar CCL (promedio del mes, precio de venta)",ARS por USD,ArgentinaDatos (terceros),precio,mean
2026-02-01,DOLAR_CCL,1471.2714285714285,"Dólar CCL (promedio del mes, precio de venta)",ARS por USD,ArgentinaDatos (terceros),precio,mean
2026-03-01,DOLAR_CCL,1470.0838709677419,"Dólar CCL (promedio del mes, precio de venta)",ARS por USD,ArgentinaDatos (terceros),precio,mean
2026-04-01,DOLAR_CCL,1478.4666666666667,"Dólar CCL (promedio del mes, precio de venta)",ARS por USD,ArgentinaDatos (terceros),precio,mean
2026-05-01,DOLAR_CCL,1485.8935483870966,"Dólar CCL (promedio del mes, precio de venta)",ARS por USD,ArgentinaDatos (terceros),precio,mean
2026-06-01,DOLAR_CCL,1517.7066666666665,"Dólar CCL (promedio del mes, precio de venta)",ARS por USD,ArgentinaDatos (terceros),precio,mean
2026-07-01,DOLAR_CCL,1574.7935483870967,"Dólar CCL (promedio del mes, precio de venta)",ARS por USD,ArgentinaDatos (terceros),precio,mean
2026-08-01,DOLAR_CCL,1585.9451612903226,"Dólar CCL (promedio del mes, precio de venta)",ARS por USD,ArgentinaDatos (terceros),precio,mean
2026-09-01,DOLAR_CCL,1598.97,"Dólar CCL (promedio del mes, precio de venta)",ARS por USD,ArgentinaDatos (terceros),precio,mean
2018-10-01,DOLAR_MEP,36.51,"Dólar MEP (promedio del mes, precio de venta; datos desde oct-2018)",ARS por USD,ArgentinaDatos (terceros),precio,mean
2018-11-01,DOLAR_MEP,36.51866666666667,"Dólar MEP (promedio del mes, precio de venta; datos desde oct-2018)",ARS por USD,ArgentinaDatos (terceros),precio,mean
2018-12-01,DOLAR_MEP,38.03322580645161,"Dólar MEP (promedio del mes, precio de venta; datos desde oct-2018)",ARS por USD,ArgentinaDatos (terceros),precio,mean
2019-01-01,DOLAR_MEP,37.51548387096774,"Dólar MEP (promedio del mes, precio de venta; datos desde oct-2018)",ARS por USD,ArgentinaDatos (terceros),precio,mean
2019-02-01,DOLAR_MEP,38.50678571428572,"Dólar MEP (promedio del mes, precio de venta; datos desde oct-2018)",ARS por USD,ArgentinaDatos (terceros),precio,mean
2019-03-01,DOLAR_MEP,41.50709677419355,"Dólar MEP (promedio del mes, precio de venta; datos desde oct-2018)",ARS por USD,ArgentinaDatos (terceros),precio,mean
2019-04-01,DOLAR_MEP,43.43933333333334,"Dólar MEP (promedio del mes, precio de venta; datos desde oct-2018)",ARS por USD,ArgentinaDatos (terceros),precio,mean
2019-05-01,DOLAR_MEP,44.85645161290322,"Dólar MEP (promedio del mes, precio de venta; datos desde oct-2018)",ARS por USD,ArgentinaDatos (terceros),precio,mean
2019-06-01,DOLAR_MEP,43.775,"Dólar MEP (promedio del mes, precio de venta; datos desde oct-2018)",ARS por USD,ArgentinaDatos (terceros),precio,mean
2019-07-01,DOLAR_MEP,42.498064516129034,"Dólar MEP (promedio del mes, precio de venta; datos desde oct-2018)",ARS por USD,ArgentinaDatos (terceros),precio,mean
2019-08-01,DOLAR_MEP,52.69064516129033,"Dólar MEP (promedio del mes, precio de venta; datos desde oct-2018)",ARS por USD,ArgentinaDatos (terceros),precio,mean
2019-09-01,DOLAR_MEP,63.212,"Dólar MEP (promedio del mes, precio de venta; datos desde oct-2018)",ARS por USD,ArgentinaDatos (terceros),precio,mean
2019-10-01,DOLAR_MEP,69.00483870967743,"Dólar MEP (promedio del mes, precio de venta; datos desde oct-2018)",ARS por USD,ArgentinaDatos (terceros),precio,mean
2019-11-01,DOLAR_MEP,72.58999999999999,"Dólar MEP (promedio del mes, precio de venta; datos desde oct-2018)",ARS por USD,ArgentinaDatos (terceros),precio,mean
2019-12-01,DOLAR_MEP,72.4574193548387,"Dólar MEP (promedio del mes, precio de venta; datos desde oct-2018)",ARS por USD,ArgentinaDatos (terceros),precio,mean
2020-01-01,DOLAR_MEP,78.98935483870967,"Dólar MEP (promedio del mes, precio de venta; datos desde oct-2018)",ARS por USD,ArgentinaDatos (terceros),precio,mean
2020-02-01,DOLAR_MEP,81.49137931034483,"Dólar MEP (promedio del mes, precio de venta; datos desde oct-2018)",ARS por USD,ArgentinaDatos (terceros),precio,mean
2020-03-01,DOLAR_MEP,85.86354838709677,"Dólar MEP (promedio del mes, precio de venta; datos desde oct-2018)",ARS por USD,ArgentinaDatos (terceros),precio,mean
2020-04-01,DOLAR_MEP,100.62766666666667,"Dólar MEP (promedio del mes, precio de venta; datos desde oct-2018)",ARS por USD,ArgentinaDatos (terceros),precio,mean
2020-05-01,DOLAR_MEP,113.14741935483872,"Dólar MEP (promedio del mes, precio de venta; datos desde oct-2018)",ARS por USD,ArgentinaDatos (terceros),precio,mean
2020-06-01,DOLAR_MEP,106.77199999999999,"Dólar MEP (promedio del mes, precio de venta; datos desde oct-2018)",ARS por USD,ArgentinaDatos (terceros),precio,mean
2020-07-01,DOLAR_MEP,112.09,"Dólar MEP (promedio del mes, precio de venta; datos desde oct-2018)",ARS por USD,ArgentinaDatos (terceros),precio,mean
2020-08-01,DOLAR_MEP,124.42870967741935,"Dólar MEP (promedio del mes, precio de venta; datos desde oct-2018)",ARS por USD,ArgentinaDatos (terceros),precio,mean
2020-09-01,DOLAR_MEP,126.99266666666666,"Dólar MEP (promedio del mes, precio de venta; datos desde oct-2018)",ARS por USD,ArgentinaDatos (terceros),precio,mean
2020-10-01,DOLAR_MEP,147.92129032258063,"Dólar MEP (promedio del mes, precio de venta; datos desde oct-2018)",ARS por USD,ArgentinaDatos (terceros),precio,mean
2020-11-01,DOLAR_MEP,143.806,"Dólar MEP (promedio del mes, precio de venta; datos desde oct-2018)",ARS por USD,ArgentinaDatos (terceros),precio,mean
2020-12-01,DOLAR_MEP,140.5932258064516,"Dólar MEP (promedio del mes, precio de venta; datos desde oct-2018)",ARS por USD,ArgentinaDatos (terceros),precio,mean
2021-01-01,DOLAR_MEP,145.18451612903226,"Dólar MEP (promedio del mes, precio de venta; datos desde oct-2018)",ARS por USD,ArgentinaDatos (terceros),precio,mean
2021-02-01,DOLAR_MEP,145.555,"Dólar MEP (promedio del mes, precio de venta; datos desde oct-2018)",ARS por USD,ArgentinaDatos (terceros),precio,mean
2021-03-01,DOLAR_MEP,143.57290322580647,"Dólar MEP (promedio del mes, precio de venta; datos desde oct-2018)",ARS por USD,ArgentinaDatos (terceros),precio,mean
2021-04-01,DOLAR_MEP,145.49033333333333,"Dólar MEP (promedio del mes, precio de venta; datos desde oct-2018)",ARS por USD,ArgentinaDatos (terceros),precio,mean
2021-05-01,DOLAR_MEP,155.76967741935482,"Dólar MEP (promedio del mes, precio de venta; datos desde oct-2018)",ARS por USD,ArgentinaDatos (terceros),precio,mean
2021-06-01,DOLAR_MEP,160.6843333333333,"Dólar MEP (promedio del mes, precio de venta; datos desde oct-2018)",ARS por USD,ArgentinaDatos (terceros),precio,mean
2021-07-01,DOLAR_MEP,166.38548387096773,"Dólar MEP (promedio del mes, precio de venta; datos desde oct-2018)",ARS por USD,ArgentinaDatos (terceros),precio,mean
2021-08-01,DOLAR_MEP,169.6258064516129,"Dólar MEP (promedio del mes, precio de venta; datos desde oct-2018)",ARS por USD,ArgentinaDatos (terceros),precio,mean
2021-09-01,DOLAR_MEP,172.06466666666665,"Dólar MEP (promedio del mes, precio de venta; datos desde oct-2018)",ARS por USD,ArgentinaDatos (terceros),precio,mean
2021-10-01,DOLAR_MEP,177.66645161290322,"Dólar MEP (promedio del mes, precio de venta; datos desde oct-2018)",ARS por USD,ArgentinaDatos (terceros),precio,mean
2021-11-01,DOLAR_MEP,192.11066666666665,"Dólar MEP (promedio del mes, precio de venta; datos desde oct-2018)",ARS por USD,ArgentinaDatos (terceros),precio,mean
2021-12-01,DOLAR_MEP,198.34870967741938,"Dólar MEP (promedio del mes, precio de venta; datos desde oct-2018)",ARS por USD,ArgentinaDatos (terceros),precio,mean
2022-01-01,DOLAR_MEP,207.33129032258066,"Dólar MEP (promedio del mes, precio de venta; datos desde oct-2018)",ARS por USD,ArgentinaDatos (terceros),precio,mean
2022-02-01,DOLAR_MEP,204.22678571428574,"Dólar MEP (promedio del mes, precio de venta; datos desde oct-2018)",ARS por USD,ArgentinaDatos (terceros),precio,mean
2022-03-01,DOLAR_MEP,194.6883870967742,"Dólar MEP (promedio del mes, precio de venta; datos desde oct-2018)",ARS por USD,ArgentinaDatos (terceros),precio,mean
2022-04-01,DOLAR_MEP,196.50833333333333,"Dólar MEP (promedio del mes, precio de venta; datos desde oct-2018)",ARS por USD,ArgentinaDatos (terceros),precio,mean
2022-05-01,DOLAR_MEP,208.89709677419356,"Dólar MEP (promedio del mes, precio de venta; datos desde oct-2018)",ARS por USD,ArgentinaDatos (terceros),precio,mean
2022-06-01,DOLAR_MEP,226.24366666666668,"Dólar MEP (promedio del mes, precio de venta; datos desde oct-2018)",ARS por USD,ArgentinaDatos (terceros),precio,mean
2022-07-01,DOLAR_MEP,289.56225806451613,"Dólar MEP (promedio del mes, precio de venta; datos desde oct-2018)",ARS por USD,ArgentinaDatos (terceros),precio,mean
2022-08-01,DOLAR_MEP,282.4690322580645,"Dólar MEP (promedio del mes, precio de venta; datos desde oct-2018)",ARS por USD,ArgentinaDatos (terceros),precio,mean
2022-09-01,DOLAR_MEP,286.175,"Dólar MEP (promedio del mes, precio de venta; datos desde oct-2018)",ARS por USD,ArgentinaDatos (terceros),precio,mean
2022-10-01,DOLAR_MEP,294.8545161290323,"Dólar MEP (promedio del mes, precio de venta; datos desde oct-2018)",ARS por USD,ArgentinaDatos (terceros),precio,mean
2022-11-01,DOLAR_MEP,304.2006666666667,"Dólar MEP (promedio del mes, precio de venta; datos desde oct-2018)",ARS por USD,ArgentinaDatos (terceros),precio,mean
2022-12-01,DOLAR_MEP,324.8809677419355,"Dólar MEP (promedio del mes, precio de venta; datos desde oct-2018)",ARS por USD,ArgentinaDatos (terceros),precio,mean
2023-01-01,DOLAR_MEP,341.38516129032257,"Dólar MEP (promedio del mes, precio de venta; datos desde oct-2018)",ARS por USD,ArgentinaDatos (terceros),precio,mean
2023-02-01,DOLAR_MEP,355.6914285714286,"Dólar MEP (promedio del mes, precio de venta; datos desde oct-2018)",ARS por USD,ArgentinaDatos (terceros),precio,mean
2023-03-01,DOLAR_MEP,378.68032258064517,"Dólar MEP (promedio del mes, precio de venta; datos desde oct-2018)",ARS por USD,ArgentinaDatos (terceros),precio,mean
2023-04-01,DOLAR_MEP,412.2566666666667,"Dólar MEP (promedio del mes, precio de venta; datos desde oct-2018)",ARS por USD,ArgentinaDatos (terceros),precio,mean
2023-05-01,DOLAR_MEP,448.1051612903226,"Dólar MEP (promedio del mes, precio de venta; datos desde oct-2018)",ARS por USD,ArgentinaDatos (terceros),precio,mean
2023-06-01,DOLAR_MEP,477.158,"Dólar MEP (promedio del mes, precio de venta; datos desde oct-2018)",ARS por USD,ArgentinaDatos (terceros),precio,mean
2023-07-01,DOLAR_MEP,495.22645161290325,"Dólar MEP (promedio del mes, precio de venta; datos desde oct-2018)",ARS por USD,ArgentinaDatos (terceros),precio,mean
2023-08-01,DOLAR_MEP,602.7929032258065,"Dólar MEP (promedio del mes, precio de venta; datos desde oct-2018)",ARS por USD,ArgentinaDatos (terceros),precio,mean
2023-09-01,DOLAR_MEP,679.9363333333333,"Dólar MEP (promedio del mes, precio de venta; datos desde oct-2018)",ARS por USD,ArgentinaDatos (terceros),precio,mean
2023-10-01,DOLAR_MEP,841.0064516129032,"Dólar MEP (promedio del mes, precio de venta; datos desde oct-2018)",ARS por USD,ArgentinaDatos (terceros),precio,mean
2023-11-01,DOLAR_MEP,892.0013333333334,"Dólar MEP (promedio del mes, precio de venta; datos desde oct-2018)",ARS por USD,ArgentinaDatos (terceros),precio,mean
2023-12-01,DOLAR_MEP,968.9554838709677,"Dólar MEP (promedio del mes, precio de venta; datos desde oct-2018)",ARS por USD,ArgentinaDatos (terceros),precio,mean
2024-01-01,DOLAR_MEP,1158.8812903225805,"Dólar MEP (promedio del mes, precio de venta; datos desde oct-2018)",ARS por USD,ArgentinaDatos (terceros),precio,mean
2024-02-01,DOLAR_MEP,1130.2758620689656,"Dólar MEP (promedio del mes, precio de venta; datos desde oct-2018)",ARS por USD,ArgentinaDatos (terceros),precio,mean
2024-03-01,DOLAR_MEP,1025.088064516129,"Dólar MEP (promedio del mes, precio de venta; datos desde oct-2018)",ARS por USD,ArgentinaDatos (terceros),precio,mean
2024-04-01,DOLAR_MEP,1016.3133333333333,"Dólar MEP (promedio del mes, precio de venta; datos desde oct-2018)",ARS por USD,ArgentinaDatos (terceros),precio,mean
2024-05-01,DOLAR_MEP,1112.0225806451613,"Dólar MEP (promedio del mes, precio de venta; datos desde oct-2018)",ARS por USD,ArgentinaDatos (terceros),precio,mean
2024-06-01,DOLAR_MEP,1280.3966666666668,"Dólar MEP (promedio del mes, precio de venta; datos desde oct-2018)",ARS por USD,ArgentinaDatos (terceros),precio,mean
2024-07-01,DOLAR_MEP,1355.4612903225807,"Dólar MEP (promedio del mes, precio de venta; datos desde oct-2018)",ARS por USD,ArgentinaDatos (terceros),precio,mean
2024-08-01,DOLAR_MEP,1298.8935483870966,"Dólar MEP (promedio del mes, precio de venta; datos desde oct-2018)",ARS por USD,ArgentinaDatos (terceros),precio,mean
2024-09-01,DOLAR_MEP,1229.41,"Dólar MEP (promedio del mes, precio de venta; datos desde oct-2018)",ARS por USD,ArgentinaDatos (terceros),precio,mean
2024-10-01,DOLAR_MEP,1158.5516129032258,"Dólar MEP (promedio del mes, precio de venta; datos desde oct-2018)",ARS por USD,ArgentinaDatos (terceros),precio,mean
2024-11-01,DOLAR_MEP,1107.6133333333335,"Dólar MEP (promedio del mes, precio de venta; datos desde oct-2018)",ARS por USD,ArgentinaDatos (terceros),precio,mean
2024-12-01,DOLAR_MEP,1110.725806451613,"Dólar MEP (promedio del mes, precio de venta; datos desde oct-2018)",ARS por USD,ArgentinaDatos (terceros),precio,mean
2025-01-01,DOLAR_MEP,1165.851612903226,"Dólar MEP (promedio del mes, precio de venta; datos desde oct-2018)",ARS por USD,ArgentinaDatos (terceros),precio,mean
2025-02-01,DOLAR_MEP,1195.0357142857142,"Dólar MEP (promedio del mes, precio de venta; datos desde oct-2018)",ARS por USD,ArgentinaDatos (terceros),precio,mean
2025-03-01,DOLAR_MEP,1261.7774193548387,"Dólar MEP (promedio del mes, precio de venta; datos desde oct-2018)",ARS por USD,ArgentinaDatos (terceros),precio,mean
2025-04-01,DOLAR_MEP,1250.1366666666665,"Dólar MEP (promedio del mes, precio de venta; datos desde oct-2018)",ARS por USD,ArgentinaDatos (terceros),precio,mean
2025-05-01,DOLAR_MEP,1161.1903225806452,"Dólar MEP (promedio del mes, precio de venta; datos desde oct-2018)",ARS por USD,ArgentinaDatos (terceros),precio,mean
2025-06-01,DOLAR_MEP,1189.7933333333335,"Dólar MEP (promedio del mes, precio de venta; datos desde oct-2018)",ARS por USD,ArgentinaDatos (terceros),precio,mean
2025-07-01,DOLAR_MEP,1276.5290322580645,"Dólar MEP (promedio del mes, precio de venta; datos desde oct-2018)",ARS por USD,ArgentinaDatos (terceros),precio,mean
2025-08-01,DOLAR_MEP,1337.4870967741936,"Dólar MEP (promedio del mes, precio de venta; datos desde oct-2018)",ARS por USD,ArgentinaDatos (terceros),precio,mean
2025-09-01,DOLAR_MEP,1450.3333333333333,"Dólar MEP (promedio del mes, precio de venta; datos desde oct-2018)",ARS por USD,ArgentinaDatos (terceros),precio,mean
2025-10-01,DOLAR_MEP,1508.7387096774194,"Dólar MEP (promedio del mes, precio de venta; datos desde oct-2018)",ARS por USD,ArgentinaDatos (terceros),precio,mean
2025-11-01,DOLAR_MEP,1470.8366666666666,"Dólar MEP (promedio del mes, precio de venta; datos desde oct-2018)",ARS por USD,ArgentinaDatos (terceros),precio,mean
2025-12-01,DOLAR_MEP,1490.741935483871,"Dólar MEP (promedio del mes, precio de venta; datos desde oct-2018)",ARS por USD,ArgentinaDatos (terceros),precio,mean
2026-01-01,DOLAR_MEP,1481.7516129032258,"Dólar MEP (promedio del mes, precio de venta; datos desde oct-2018)",ARS por USD,ArgentinaDatos (terceros),precio,mean
2026-02-01,DOLAR_MEP,1431.8535714285715,"Dólar MEP (promedio del mes, precio de venta; datos desde oct-2018)",ARS por USD,ArgentinaDatos (terceros),precio,mean
2026-03-01,DOLAR_MEP,1427.3129032258064,"Dólar MEP (promedio del mes, precio de venta; datos desde oct-2018)",ARS por USD,ArgentinaDatos (terceros),precio,mean
2026-04-01,DOLAR_MEP,1427.6633333333334,"Dólar MEP (promedio del mes, precio de venta; datos desde oct-2018)",ARS por USD,ArgentinaDatos (terceros),precio,mean
2026-05-01,DOLAR_MEP,1435.6516129032257,"Dólar MEP (promedio del mes, precio de venta; datos desde oct-2018)",ARS por USD,ArgentinaDatos (terceros),precio,mean
2026-06-01,DOLAR_MEP,1473.6866666666667,"Dólar MEP (promedio del mes, precio de venta; datos desde oct-2018)",ARS por USD,ArgentinaDatos (terceros),precio,mean
2026-07-01,DOLAR_MEP,1524.8967741935485,"Dólar MEP (promedio del mes, precio de venta; datos desde oct-2018)",ARS por USD,ArgentinaDatos (terceros),precio,mean
2026-08-01,DOLAR_MEP,1531.6903225806452,"Dólar MEP (promedio del mes, precio de venta; datos desde oct-2018)",ARS por USD,ArgentinaDatos (terceros),precio,mean
2026-09-01,DOLAR_MEP,1539.4399999999998,"Dólar MEP (promedio del mes, precio de venta; datos desde oct-2018)",ARS por USD,ArgentinaDatos (terceros),precio,mean
2016-06-01,DOLAR_OFICIAL,14.14075,"Dólar mayorista oficial, Com. A 3500 (promedio del mes)",ARS por USD,BCRA,precio,mean
2016-07-01,DOLAR_OFICIAL,14.909385,"Dólar mayorista oficial, Com. A 3500 (promedio del mes)",ARS por USD,BCRA,precio,mean
2016-08-01,DOLAR_OFICIAL,14.849809090909092,"Dólar mayorista oficial, Com. A 3500 (promedio del mes)",ARS por USD,BCRA,precio,mean
2016-09-01,DOLAR_OFICIAL,15.100736363636365,"Dólar mayorista oficial, Com. A 3500 (promedio del mes)",ARS por USD,BCRA,precio,mean
2016-10-01,DOLAR_OFICIAL,15.180995,"Dólar mayorista oficial, Com. A 3500 (promedio del mes)",ARS por USD,BCRA,precio,mean
2016-11-01,DOLAR_OFICIAL,15.33990476190476,"Dólar mayorista oficial, Com. A 3500 (promedio del mes)",ARS por USD,BCRA,precio,mean
2016-12-01,DOLAR_OFICIAL,15.829585,"Dólar mayorista oficial, Com. A 3500 (promedio del mes)",ARS por USD,BCRA,precio,mean
2017-01-01,DOLAR_OFICIAL,15.9065,"Dólar mayorista oficial, Com. A 3500 (promedio del mes)",ARS por USD,BCRA,precio,mean
2017-02-01,DOLAR_OFICIAL,15.59827222222222,"Dólar mayorista oficial, Com. A 3500 (promedio del mes)",ARS por USD,BCRA,precio,mean
2017-03-01,DOLAR_OFICIAL,15.523672727272727,"Dólar mayorista oficial, Com. A 3500 (promedio del mes)",ARS por USD,BCRA,precio,mean
2017-04-01,DOLAR_OFICIAL,15.359950000000001,"Dólar mayorista oficial, Com. A 3500 (promedio del mes)",ARS por USD,BCRA,precio,mean
2017-05-01,DOLAR_OFICIAL,15.698138095238093,"Dólar mayorista oficial, Com. A 3500 (promedio del mes)",ARS por USD,BCRA,precio,mean
2017-06-01,DOLAR_OFICIAL,16.116638095238095,"Dólar mayorista oficial, Com. A 3500 (promedio del mes)",ARS por USD,BCRA,precio,mean
2017-07-01,DOLAR_OFICIAL,17.169042857142855,"Dólar mayorista oficial, Com. A 3500 (promedio del mes)",ARS por USD,BCRA,precio,mean
2017-08-01,DOLAR_OFICIAL,17.41653181818182,"Dólar mayorista oficial, Com. A 3500 (promedio del mes)",ARS por USD,BCRA,precio,mean
2017-09-01,DOLAR_OFICIAL,17.246466666666667,"Dólar mayorista oficial, Com. A 3500 (promedio del mes)",ARS por USD,BCRA,precio,mean
2017-10-01,DOLAR_OFICIAL,17.45278095238095,"Dólar mayorista oficial, Com. A 3500 (promedio del mes)",ARS por USD,BCRA,precio,mean
2017-11-01,DOLAR_OFICIAL,17.4925,"Dólar mayorista oficial, Com. A 3500 (promedio del mes)",ARS por USD,BCRA,precio,mean
2017-12-01,DOLAR_OFICIAL,17.700052631578945,"Dólar mayorista oficial, Com. A 3500 (promedio del mes)",ARS por USD,BCRA,precio,mean
2018-01-01,DOLAR_OFICIAL,19.029036363636365,"Dólar mayorista oficial, Com. A 3500 (promedio del mes)",ARS por USD,BCRA,precio,mean
2018-02-01,DOLAR_OFICIAL,19.84092777777778,"Dólar mayorista oficial, Com. A 3500 (promedio del mes)",ARS por USD,BCRA,precio,mean
2018-03-01,DOLAR_OFICIAL,20.2378,"Dólar mayorista oficial, Com. A 3500 (promedio del mes)",ARS por USD,BCRA,precio,mean
2018-04-01,DOLAR_OFICIAL,20.23486842105263,"Dólar mayorista oficial, Com. A 3500 (promedio del mes)",ARS por USD,BCRA,precio,mean
2018-05-01,DOLAR_OFICIAL,23.66874761904762,"Dólar mayorista oficial, Com. A 3500 (promedio del mes)",ARS por USD,BCRA,precio,mean
2018-06-01,DOLAR_OFICIAL,26.534185,"Dólar mayorista oficial, Com. A 3500 (promedio del mes)",ARS por USD,BCRA,precio,mean
2018-07-01,DOLAR_OFICIAL,27.624733333333335,"Dólar mayorista oficial, Com. A 3500 (promedio del mes)",ARS por USD,BCRA,precio,mean
2018-08-01,DOLAR_OFICIAL,30.12450909090909,"Dólar mayorista oficial, Com. A 3500 (promedio del mes)",ARS por USD,BCRA,precio,mean
2018-09-01,DOLAR_OFICIAL,38.590005000000005,"Dólar mayorista oficial, Com. A 3500 (promedio del mes)",ARS por USD,BCRA,precio,mean
2018-10-01,DOLAR_OFICIAL,37.12021818181818,"Dólar mayorista oficial, Com. A 3500 (promedio del mes)",ARS por USD,BCRA,precio,mean
2018-11-01,DOLAR_OFICIAL,36.45903684210526,"Dólar mayorista oficial, Com. A 3500 (promedio del mes)",ARS por USD,BCRA,precio,mean
2018-12-01,DOLAR_OFICIAL,37.88518333333334,"Dólar mayorista oficial, Com. A 3500 (promedio del mes)",ARS por USD,BCRA,precio,mean
2019-01-01,DOLAR_OFICIAL,37.40689090909091,"Dólar mayorista oficial, Com. A 3500 (promedio del mes)",ARS por USD,BCRA,precio,mean
2019-02-01,DOLAR_OFICIAL,38.408550000000005,"Dólar mayorista oficial, Com. A 3500 (promedio del mes)",ARS por USD,BCRA,precio,mean
2019-03-01,DOLAR_OFICIAL,41.362373684210525,"Dólar mayorista oficial, Com. A 3500 (promedio del mes)",ARS por USD,BCRA,precio,mean
2019-04-01,DOLAR_OFICIAL,43.23376842105263,"Dólar mayorista oficial, Com. A 3500 (promedio del mes)",ARS por USD,BCRA,precio,mean
2019-05-01,DOLAR_OFICIAL,44.93321363636364,"Dólar mayorista oficial, Com. A 3500 (promedio del mes)",ARS por USD,BCRA,precio,mean
2019-06-01,DOLAR_OFICIAL,43.78935,"Dólar mayorista oficial, Com. A 3500 (promedio del mes)",ARS por USD,BCRA,precio,mean
2019-07-01,DOLAR_OFICIAL,42.54340952380952,"Dólar mayorista oficial, Com. A 3500 (promedio del mes)",ARS por USD,BCRA,precio,mean
2019-08-01,DOLAR_OFICIAL,52.72705714285714,"Dólar mayorista oficial, Com. A 3500 (promedio del mes)",ARS por USD,BCRA,precio,mean
2019-09-01,DOLAR_OFICIAL,56.50141904761905,"Dólar mayorista oficial, Com. A 3500 (promedio del mes)",ARS por USD,BCRA,precio,mean
2019-10-01,DOLAR_OFICIAL,58.53083636363636,"Dólar mayorista oficial, Com. A 3500 (promedio del mes)",ARS por USD,BCRA,precio,mean
2019-11-01,DOLAR_OFICIAL,59.73807894736842,"Dólar mayorista oficial, Com. A 3500 (promedio del mes)",ARS por USD,BCRA,precio,mean
2019-12-01,DOLAR_OFICIAL,59.8832,"Dólar mayorista oficial, Com. A 3500 (promedio del mes)",ARS por USD,BCRA,precio,mean
2020-01-01,DOLAR_OFICIAL,60.01095909090909,"Dólar mayorista oficial, Com. A 3500 (promedio del mes)",ARS por USD,BCRA,precio,mean
2020-02-01,DOLAR_OFICIAL,61.34840555555556,"Dólar mayorista oficial, Com. A 3500 (promedio del mes)",ARS por USD,BCRA,precio,mean
2020-03-01,DOLAR_OFICIAL,63.12271052631579,"Dólar mayorista oficial, Com. A 3500 (promedio del mes)",ARS por USD,BCRA,precio,mean
2020-04-01,DOLAR_OFICIAL,65.76197499999999,"Dólar mayorista oficial, Com. A 3500 (promedio del mes)",ARS por USD,BCRA,precio,mean
2020-05-01,DOLAR_OFICIAL,67.72552631578948,"Dólar mayorista oficial, Com. A 3500 (promedio del mes)",ARS por USD,BCRA,precio,mean
2020-06-01,DOLAR_OFICIAL,69.54071428571429,"Dólar mayorista oficial, Com. A 3500 (promedio del mes)",ARS por USD,BCRA,precio,mean
2020-07-01,DOLAR_OFICIAL,71.47491904761905,"Dólar mayorista oficial, Com. A 3500 (promedio del mes)",ARS por USD,BCRA,precio,mean
2020-08-01,DOLAR_OFICIAL,73.29299999999999,"Dólar mayorista oficial, Com. A 3500 (promedio del mes)",ARS por USD,BCRA,precio,mean
2020-09-01,DOLAR_OFICIAL,75.19863636363635,"Dólar mayorista oficial, Com. A 3500 (promedio del mes)",ARS por USD,BCRA,precio,mean
2020-10-01,DOLAR_OFICIAL,77.56929047619047,"Dólar mayorista oficial, Com. A 3500 (promedio del mes)",ARS por USD,BCRA,precio,mean
2020-11-01,DOLAR_OFICIAL,79.93323684210527,"Dólar mayorista oficial, Com. A 3500 (promedio del mes)",ARS por USD,BCRA,precio,mean
2020-12-01,DOLAR_OFICIAL,82.63787222222223,"Dólar mayorista oficial, Com. A 3500 (promedio del mes)",ARS por USD,BCRA,precio,mean
2021-01-01,DOLAR_OFICIAL,85.970835,"Dólar mayorista oficial, Com. A 3500 (promedio del mes)",ARS por USD,BCRA,precio,mean
2021-02-01,DOLAR_OFICIAL,88.67462222222223,"Dólar mayorista oficial, Com. A 3500 (promedio del mes)",ARS por USD,BCRA,precio,mean
2021-03-01,DOLAR_OFICIAL,91.06636818181818,"Dólar mayorista oficial, Com. A 3500 (promedio del mes)",ARS por USD,BCRA,precio,mean
2021-04-01,DOLAR_OFICIAL,92.863845,"Dólar mayorista oficial, Com. A 3500 (promedio del mes)",ARS por USD,BCRA,precio,mean
2021-05-01,DOLAR_OFICIAL,94.10482631578948,"Dólar mayorista oficial, Com. A 3500 (promedio del mes)",ARS por USD,BCRA,precio,mean
2021-06-01,DOLAR_OFICIAL,95.25429047619048,"Dólar mayorista oficial, Com. A 3500 (promedio del mes)",ARS por USD,BCRA,precio,mean
2021-07-01,DOLAR_OFICIAL,96.23778095238096,"Dólar mayorista oficial, Com. A 3500 (promedio del mes)",ARS por USD,BCRA,precio,mean
2021-08-01,DOLAR_OFICIAL,97.21381428571428,"Dólar mayorista oficial, Com. A 3500 (promedio del mes)",ARS por USD,BCRA,precio,mean
2021-09-01,DOLAR_OFICIAL,98.28499545454544,"Dólar mayorista oficial, Com. A 3500 (promedio del mes)",ARS por USD,BCRA,precio,mean
2021-10-01,DOLAR_OFICIAL,99.24912631578948,"Dólar mayorista oficial, Com. A 3500 (promedio del mes)",ARS por USD,BCRA,precio,mean
2021-11-01,DOLAR_OFICIAL,100.31007142857143,"Dólar mayorista oficial, Com. A 3500 (promedio del mes)",ARS por USD,BCRA,precio,mean
2021-12-01,DOLAR_OFICIAL,101.8885,"Dólar mayorista oficial, Com. A 3500 (promedio del mes)",ARS por USD,BCRA,precio,mean
2022-01-01,DOLAR_OFICIAL,103.98460000000001,"Dólar mayorista oficial, Com. A 3500 (promedio del mes)",ARS por USD,BCRA,precio,mean
2022-02-01,DOLAR_OFICIAL,106.3071105263158,"Dólar mayorista oficial, Com. A 3500 (promedio del mes)",ARS por USD,BCRA,precio,mean
2022-03-01,DOLAR_OFICIAL,109.45849999999999,"Dólar mayorista oficial, Com. A 3500 (promedio del mes)",ARS por USD,BCRA,precio,mean
2022-04-01,DOLAR_OFICIAL,113.33447368421052,"Dólar mayorista oficial, Com. A 3500 (promedio del mes)",ARS por USD,BCRA,precio,mean
2022-05-01,DOLAR_OFICIAL,117.77367,"Dólar mayorista oficial, Com. A 3500 (promedio del mes)",ARS por USD,BCRA,precio,mean
2022-06-01,DOLAR_OFICIAL,122.73574,"Dólar mayorista oficial, Com. A 3500 (promedio del mes)",ARS por USD,BCRA,precio,mean
2022-07-01,DOLAR_OFICIAL,128.44539047619048,"Dólar mayorista oficial, Com. A 3500 (promedio del mes)",ARS por USD,BCRA,precio,mean
2022-08-01,DOLAR_OFICIAL,135.29029545454546,"Dólar mayorista oficial, Com. A 3500 (promedio del mes)",ARS por USD,BCRA,precio,mean
2022-09-01,DOLAR_OFICIAL,143.62523333333334,"Dólar mayorista oficial, Com. A 3500 (promedio del mes)",ARS por USD,BCRA,precio,mean
2022-10-01,DOLAR_OFICIAL,152.5928947368421,"Dólar mayorista oficial, Com. A 3500 (promedio del mes)",ARS por USD,BCRA,precio,mean
2022-11-01,DOLAR_OFICIAL,162.11833333333334,"Dólar mayorista oficial, Com. A 3500 (promedio del mes)",ARS por USD,BCRA,precio,mean
2022-12-01,DOLAR_OFICIAL,172.90316,"Dólar mayorista oficial, Com. A 3500 (promedio del mes)",ARS por USD,BCRA,precio,mean
2023-01-01,DOLAR_OFICIAL,182.24409090909091,"Dólar mayorista oficial, Com. A 3500 (promedio del mes)",ARS por USD,BCRA,precio,mean
2023-02-01,DOLAR_OFICIAL,191.89239444444445,"Dólar mayorista oficial, Com. A 3500 (promedio del mes)",ARS por USD,BCRA,precio,mean
2023-03-01,DOLAR_OFICIAL,203.10553636363636,"Dólar mayorista oficial, Com. A 3500 (promedio del mes)",ARS por USD,BCRA,precio,mean
2023-04-01,DOLAR_OFICIAL,216.55591666666666,"Dólar mayorista oficial, Com. A 3500 (promedio del mes)",ARS por USD,BCRA,precio,mean
2023-05-01,DOLAR_OFICIAL,231.19083500000002,"Dólar mayorista oficial, Com. A 3500 (promedio del mes)",ARS por USD,BCRA,precio,mean
2023-06-01,DOLAR_OFICIAL,248.76167,"Dólar mayorista oficial, Com. A 3500 (promedio del mes)",ARS por USD,BCRA,precio,mean
2023-07-01,DOLAR_OFICIAL,266.4646857142857,"Dólar mayorista oficial, Com. A 3500 (promedio del mes)",ARS por USD,BCRA,precio,mean
2023-08-01,DOLAR_OFICIAL,322.1341,"Dólar mayorista oficial, Com. A 3500 (promedio del mes)",ARS por USD,BCRA,precio,mean
2023-09-01,DOLAR_OFICIAL,349.9980142857143,"Dólar mayorista oficial, Com. A 3500 (promedio del mes)",ARS por USD,BCRA,precio,mean
2023-10-01,DOLAR_OFICIAL,350.020415,"Dólar mayorista oficial, Com. A 3500 (promedio del mes)",ARS por USD,BCRA,precio,mean
2023-11-01,DOLAR_OFICIAL,353.84040999999996,"Dólar mayorista oficial, Com. A 3500 (promedio del mes)",ARS por USD,BCRA,precio,mean
2023-12-01,DOLAR_OFICIAL,641.9947315789474,"Dólar mayorista oficial, Com. A 3500 (promedio del mes)",ARS por USD,BCRA,precio,mean
2024-01-01,DOLAR_OFICIAL,818.3454545454545,"Dólar mayorista oficial, Com. A 3500 (promedio del mes)",ARS por USD,BCRA,precio,mean
2024-02-01,DOLAR_OFICIAL,834.9140368421052,"Dólar mayorista oficial, Com. A 3500 (promedio del mes)",ARS por USD,BCRA,precio,mean
2024-03-01,DOLAR_OFICIAL,850.3377210526315,"Dólar mayorista oficial, Com. A 3500 (promedio del mes)",ARS por USD,BCRA,precio,mean
2024-04-01,DOLAR_OFICIAL,868.958335,"Dólar mayorista oficial, Com. A 3500 (promedio del mes)",ARS por USD,BCRA,precio,mean
2024-05-01,DOLAR_OFICIAL,886.8636363636364,"Dólar mayorista oficial, Com. A 3500 (promedio del mes)",ARS por USD,BCRA,precio,mean
2024-06-01,DOLAR_OFICIAL,903.7794176470588,"Dólar mayorista oficial, Com. A 3500 (promedio del mes)",ARS por USD,BCRA,precio,mean
2024-07-01,DOLAR_OFICIAL,923.7651545454545,"Dólar mayorista oficial, Com. A 3500 (promedio del mes)",ARS por USD,BCRA,precio,mean
2024-08-01,DOLAR_OFICIAL,942.9204454545455,"Dólar mayorista oficial, Com. A 3500 (promedio del mes)",ARS por USD,BCRA,precio,mean
2024-09-01,DOLAR_OFICIAL,961.8254047619048,"Dólar mayorista oficial, Com. A 3500 (promedio del mes)",ARS por USD,BCRA,precio,mean
2024-10-01,DOLAR_OFICIAL,981.5681772727272,"Dólar mayorista oficial, Com. A 3500 (promedio del mes)",ARS por USD,BCRA,precio,mean
2024-11-01,DOLAR_OFICIAL,1001.8377157894737,"Dólar mayorista oficial, Com. A 3500 (promedio del mes)",ARS por USD,BCRA,precio,mean
2024-12-01,DOLAR_OFICIAL,1020.7061421052632,"Dólar mayorista oficial, Com. A 3500 (promedio del mes)",ARS por USD,BCRA,precio,mean
2025-01-01,DOLAR_OFICIAL,1043.5643954545455,"Dólar mayorista oficial, Com. A 3500 (promedio del mes)",ARS por USD,BCRA,precio,mean
2025-02-01,DOLAR_OFICIAL,1058.4625,"Dólar mayorista oficial, Com. A 3500 (promedio del mes)",ARS por USD,BCRA,precio,mean
2025-03-01,DOLAR_OFICIAL,1069.0347222222222,"Dólar mayorista oficial, Com. A 3500 (promedio del mes)",ARS por USD,BCRA,precio,mean
2025-04-01,DOLAR_OFICIAL,1121.5679842105264,"Dólar mayorista oficial, Com. A 3500 (promedio del mes)",ARS por USD,BCRA,precio,mean
2025-05-01,DOLAR_OFICIAL,1147.52916,"Dólar mayorista oficial, Com. A 3500 (promedio del mes)",ARS por USD,BCRA,precio,mean
2025-06-01,DOLAR_OFICIAL,1181.3552631578948,"Dólar mayorista oficial, Com. A 3500 (promedio del mes)",ARS por USD,BCRA,precio,mean
2025-07-01,DOLAR_OFICIAL,1267.022731818182,"Dólar mayorista oficial, Com. A 3500 (promedio del mes)",ARS por USD,BCRA,precio,mean
2025-08-01,DOLAR_OFICIAL,1329.537495,"Dólar mayorista oficial, Com. A 3500 (promedio del mes)",ARS por USD,BCRA,precio,mean
2025-09-01,DOLAR_OFICIAL,1399.8977363636363,"Dólar mayorista oficial, Com. A 3500 (promedio del mes)",ARS por USD,BCRA,precio,mean
2025-10-01,DOLAR_OFICIAL,1432.0227272727273,"Dólar mayorista oficial, Com. A 3500 (promedio del mes)",ARS por USD,BCRA,precio,mean
2025-11-01,DOLAR_OFICIAL,1427.6176470588234,"Dólar mayorista oficial, Com. A 3500 (promedio del mes)",ARS por USD,BCRA,precio,mean
2025-12-01,DOLAR_OFICIAL,1447.8377210526317,"Dólar mayorista oficial, Com. A 3500 (promedio del mes)",ARS por USD,BCRA,precio,mean
2026-01-01,DOLAR_OFICIAL,1449.334661904762,"Dólar mayorista oficial, Com. A 3500 (promedio del mes)",ARS por USD,BCRA,precio,mean
2026-02-01,DOLAR_OFICIAL,1409.6571,"Dólar mayorista oficial, Com. A 3500 (promedio del mes)",ARS por USD,BCRA,precio,mean
2026-03-01,DOLAR_OFICIAL,1396.338715,"Dólar mayorista oficial, Com. A 3500 (promedio del mes)",ARS por USD,BCRA,precio,mean
2026-04-01,DOLAR_OFICIAL,1381.45228,"Dólar mayorista oficial, Com. A 3500 (promedio del mes)",ARS por USD,BCRA,precio,mean
2026-05-01,DOLAR_OFICIAL,1397.2372368421052,"Dólar mayorista oficial, Com. A 3500 (promedio del mes)",ARS por USD,BCRA,precio,mean
2026-06-01,DOLAR_OFICIAL,1450.2727761904762,"Dólar mayorista oficial, Com. A 3500 (promedio del mes)",ARS por USD,BCRA,precio,mean
2026-07-01,DOLAR_OFICIAL,1487.0038095238097,"Dólar mayorista oficial, Com. A 3500 (promedio del mes)",ARS por USD,BCRA,precio,mean
2026-08-01,DOLAR_OFICIAL,1499.962935,"Dólar mayorista oficial, Com. A 3500 (promedio del mes)",ARS por USD,BCRA,precio,mean
2026-09-01,DOLAR_OFICIAL,1513.886972727273,"Dólar mayorista oficial, Com. A 3500 (promedio del mes)",ARS por USD,BCRA,precio,mean
2016-06-01,FAE_PRIV_EGRESOS,2085.4116,Formación de activos externos del sector privado: egresos,USD mn,"datos.gob.ar (Balance Cambiario, BCRA)",flujo,none
2016-07-01,FAE_PRIV_EGRESOS,2332.2285,Formación de activos externos del sector privado: egresos,USD mn,"datos.gob.ar (Balance Cambiario, BCRA)",flujo,none
2016-08-01,FAE_PRIV_EGRESOS,2292.6852,Formación de activos externos del sector privado: egresos,USD mn,"datos.gob.ar (Balance Cambiario, BCRA)",flujo,none
2016-09-01,FAE_PRIV_EGRESOS,2301.948,Formación de activos externos del sector privado: egresos,USD mn,"datos.gob.ar (Balance Cambiario, BCRA)",flujo,none
2016-10-01,FAE_PRIV_EGRESOS,2255.7296,Formación de activos externos del sector privado: egresos,USD mn,"datos.gob.ar (Balance Cambiario, BCRA)",flujo,none
2016-11-01,FAE_PRIV_EGRESOS,2917.4676,Formación de activos externos del sector privado: egresos,USD mn,"datos.gob.ar (Balance Cambiario, BCRA)",flujo,none
2016-12-01,FAE_PRIV_EGRESOS,4864.0738,Formación de activos externos del sector privado: egresos,USD mn,"datos.gob.ar (Balance Cambiario, BCRA)",flujo,none
2017-01-01,FAE_PRIV_EGRESOS,3461.6376,Formación de activos externos del sector privado: egresos,USD mn,"datos.gob.ar (Balance Cambiario, BCRA)",flujo,none
2017-02-01,FAE_PRIV_EGRESOS,3101.4484,Formación de activos externos del sector privado: egresos,USD mn,"datos.gob.ar (Balance Cambiario, BCRA)",flujo,none
2017-03-01,FAE_PRIV_EGRESOS,3579.7849,Formación de activos externos del sector privado: egresos,USD mn,"datos.gob.ar (Balance Cambiario, BCRA)",flujo,none
2017-04-01,FAE_PRIV_EGRESOS,2989.3599,Formación de activos externos del sector privado: egresos,USD mn,"datos.gob.ar (Balance Cambiario, BCRA)",flujo,none
2017-05-01,FAE_PRIV_EGRESOS,3545.5466,Formación de activos externos del sector privado: egresos,USD mn,"datos.gob.ar (Balance Cambiario, BCRA)",flujo,none
2017-06-01,FAE_PRIV_EGRESOS,3959.4563,Formación de activos externos del sector privado: egresos,USD mn,"datos.gob.ar (Balance Cambiario, BCRA)",flujo,none
2017-07-01,FAE_PRIV_EGRESOS,4448.13,Formación de activos externos del sector privado: egresos,USD mn,"datos.gob.ar (Balance Cambiario, BCRA)",flujo,none
2017-08-01,FAE_PRIV_EGRESOS,5195.4841,Formación de activos externos del sector privado: egresos,USD mn,"datos.gob.ar (Balance Cambiario, BCRA)",flujo,none
2017-09-01,FAE_PRIV_EGRESOS,4247.69,Formación de activos externos del sector privado: egresos,USD mn,"datos.gob.ar (Balance Cambiario, BCRA)",flujo,none
2017-10-01,FAE_PRIV_EGRESOS,3961.7976,Formación de activos externos del sector privado: egresos,USD mn,"datos.gob.ar (Balance Cambiario, BCRA)",flujo,none
2017-11-01,FAE_PRIV_EGRESOS,4183.2275,Formación de activos externos del sector privado: egresos,USD mn,"datos.gob.ar (Balance Cambiario, BCRA)",flujo,none
2017-12-01,FAE_PRIV_EGRESOS,5557.6634,Formación de activos externos del sector privado: egresos,USD mn,"datos.gob.ar (Balance Cambiario, BCRA)",flujo,none
2018-01-01,FAE_PRIV_EGRESOS,5027.1729,Formación de activos externos del sector privado: egresos,USD mn,"datos.gob.ar (Balance Cambiario, BCRA)",flujo,none
2018-02-01,FAE_PRIV_EGRESOS,3409.0815,Formación de activos externos del sector privado: egresos,USD mn,"datos.gob.ar (Balance Cambiario, BCRA)",flujo,none
2018-03-01,FAE_PRIV_EGRESOS,4587.1255,Formación de activos externos del sector privado: egresos,USD mn,"datos.gob.ar (Balance Cambiario, BCRA)",flujo,none
2018-04-01,FAE_PRIV_EGRESOS,3959.8272,Formación de activos externos del sector privado: egresos,USD mn,"datos.gob.ar (Balance Cambiario, BCRA)",flujo,none
2018-05-01,FAE_PRIV_EGRESOS,7446.1136,Formación de activos externos del sector privado: egresos,USD mn,"datos.gob.ar (Balance Cambiario, BCRA)",flujo,none
2018-06-01,FAE_PRIV_EGRESOS,5522.74,Formación de activos externos del sector privado: egresos,USD mn,"datos.gob.ar (Balance Cambiario, BCRA)",flujo,none
2018-07-01,FAE_PRIV_EGRESOS,5583.0224,Formación de activos externos del sector privado: egresos,USD mn,"datos.gob.ar (Balance Cambiario, BCRA)",flujo,none
2018-08-01,FAE_PRIV_EGRESOS,5621.0969,Formación de activos externos del sector privado: egresos,USD mn,"datos.gob.ar (Balance Cambiario, BCRA)",flujo,none
2018-09-01,FAE_PRIV_EGRESOS,4261.0215,Formación de activos externos del sector privado: egresos,USD mn,"datos.gob.ar (Balance Cambiario, BCRA)",flujo,none
2018-10-01,FAE_PRIV_EGRESOS,3977.5022,Formación de activos externos del sector privado: egresos,USD mn,"datos.gob.ar (Balance Cambiario, BCRA)",flujo,none
2018-11-01,FAE_PRIV_EGRESOS,3542.7074,Formación de activos externos del sector privado: egresos,USD mn,"datos.gob.ar (Balance Cambiario, BCRA)",flujo,none
2018-12-01,FAE_PRIV_EGRESOS,4552.2639,Formación de activos externos del sector privado: egresos,USD mn,"datos.gob.ar (Balance Cambiario, BCRA)",flujo,none
2019-01-01,FAE_PRIV_EGRESOS,7072.487,Formación de activos externos del sector privado: egresos,USD mn,"datos.gob.ar (Balance Cambiario, BCRA)",flujo,none
2019-02-01,FAE_PRIV_EGRESOS,5268.7051,Formación de activos externos del sector privado: egresos,USD mn,"datos.gob.ar (Balance Cambiario, BCRA)",flujo,none
2019-03-01,FAE_PRIV_EGRESOS,6123.696,Formación de activos externos del sector privado: egresos,USD mn,"datos.gob.ar (Balance Cambiario, BCRA)",flujo,none
2019-04-01,FAE_PRIV_EGRESOS,7213.7338,Formación de activos externos del sector privado: egresos,USD mn,"datos.gob.ar (Balance Cambiario, BCRA)",flujo,none
2019-05-01,FAE_PRIV_EGRESOS,8130.0177,Formación de activos externos del sector privado: egresos,USD mn,"datos.gob.ar (Balance Cambiario, BCRA)",flujo,none
2019-06-01,FAE_PRIV_EGRESOS,6863.7542,Formación de activos externos del sector privado: egresos,USD mn,"datos.gob.ar (Balance Cambiario, BCRA)",flujo,none
2019-07-01,FAE_PRIV_EGRESOS,8197.3266,Formación de activos externos del sector privado: egresos,USD mn,"datos.gob.ar (Balance Cambiario, BCRA)",flujo,none
2019-08-01,FAE_PRIV_EGRESOS,9744.503,Formación de activos externos del sector privado: egresos,USD mn,"datos.gob.ar (Balance Cambiario, BCRA)",flujo,none
2019-09-01,FAE_PRIV_EGRESOS,4177.2183,Formación de activos externos del sector privado: egresos,USD mn,"datos.gob.ar (Balance Cambiario, BCRA)",flujo,none
2019-10-01,FAE_PRIV_EGRESOS,5038.8816,Formación de activos externos del sector privado: egresos,USD mn,"datos.gob.ar (Balance Cambiario, BCRA)",flujo,none
2019-11-01,FAE_PRIV_EGRESOS,729.8469,Formación de activos externos del sector privado: egresos,USD mn,"datos.gob.ar (Balance Cambiario, BCRA)",flujo,none
2019-12-01,FAE_PRIV_EGRESOS,802.3947,Formación de activos externos del sector privado: egresos,USD mn,"datos.gob.ar (Balance Cambiario, BCRA)",flujo,none
2020-01-01,FAE_PRIV_EGRESOS,499.8683,Formación de activos externos del sector privado: egresos,USD mn,"datos.gob.ar (Balance Cambiario, BCRA)",flujo,none
2020-02-01,FAE_PRIV_EGRESOS,384.5815,Formación de activos externos del sector privado: egresos,USD mn,"datos.gob.ar (Balance Cambiario, BCRA)",flujo,none
2020-03-01,FAE_PRIV_EGRESOS,456.6424,Formación de activos externos del sector privado: egresos,USD mn,"datos.gob.ar (Balance Cambiario, BCRA)",flujo,none
2020-04-01,FAE_PRIV_EGRESOS,546.1084,Formación de activos externos del sector privado: egresos,USD mn,"datos.gob.ar (Balance Cambiario, BCRA)",flujo,none
2020-05-01,FAE_PRIV_EGRESOS,556.7228,Formación de activos externos del sector privado: egresos,USD mn,"datos.gob.ar (Balance Cambiario, BCRA)",flujo,none
2020-06-01,FAE_PRIV_EGRESOS,736.6137,Formación de activos externos del sector privado: egresos,USD mn,"datos.gob.ar (Balance Cambiario, BCRA)",flujo,none
2020-07-01,FAE_PRIV_EGRESOS,859.6324,Formación de activos externos del sector privado: egresos,USD mn,"datos.gob.ar (Balance Cambiario, BCRA)",flujo,none
2020-08-01,FAE_PRIV_EGRESOS,876.2793,Formación de activos externos del sector privado: egresos,USD mn,"datos.gob.ar (Balance Cambiario, BCRA)",flujo,none
2020-09-01,FAE_PRIV_EGRESOS,787.6458,Formación de activos externos del sector privado: egresos,USD mn,"datos.gob.ar (Balance Cambiario, BCRA)",flujo,none
2020-10-01,FAE_PRIV_EGRESOS,346.0094,Formación de activos externos del sector privado: egresos,USD mn,"datos.gob.ar (Balance Cambiario, BCRA)",flujo,none
2020-11-01,FAE_PRIV_EGRESOS,272.7324,Formación de activos externos del sector privado: egresos,USD mn,"datos.gob.ar (Balance Cambiario, BCRA)",flujo,none
2020-12-01,FAE_PRIV_EGRESOS,277.0493,Formación de activos externos del sector privado: egresos,USD mn,"datos.gob.ar (Balance Cambiario, BCRA)",flujo,none
2021-01-01,FAE_PRIV_EGRESOS,282.2928,Formación de activos externos del sector privado: egresos,USD mn,"datos.gob.ar (Balance Cambiario, BCRA)",flujo,none
2021-02-01,FAE_PRIV_EGRESOS,175.4374,Formación de activos externos del sector privado: egresos,USD mn,"datos.gob.ar (Balance Cambiario, BCRA)",flujo,none
2021-03-01,FAE_PRIV_EGRESOS,169.2529,Formación de activos externos del sector privado: egresos,USD mn,"datos.gob.ar (Balance Cambiario, BCRA)",flujo,none
2021-04-01,FAE_PRIV_EGRESOS,156.1597,Formación de activos externos del sector privado: egresos,USD mn,"datos.gob.ar (Balance Cambiario, BCRA)",flujo,none
2021-05-01,FAE_PRIV_EGRESOS,148.864,Formación de activos externos del sector privado: egresos,USD mn,"datos.gob.ar (Balance Cambiario, BCRA)",flujo,none
2021-06-01,FAE_PRIV_EGRESOS,187.8232,Formación de activos externos del sector privado: egresos,USD mn,"datos.gob.ar (Balance Cambiario, BCRA)",flujo,none
2021-07-01,FAE_PRIV_EGRESOS,279.0,Formación de activos externos del sector privado: egresos,USD mn,"datos.gob.ar (Balance Cambiario, BCRA)",flujo,none
2021-08-01,FAE_PRIV_EGRESOS,234.2344,Formación de activos externos del sector privado: egresos,USD mn,"datos.gob.ar (Balance Cambiario, BCRA)",flujo,none
2021-09-01,FAE_PRIV_EGRESOS,259.1151,Formación de activos externos del sector privado: egresos,USD mn,"datos.gob.ar (Balance Cambiario, BCRA)",flujo,none
2021-10-01,FAE_PRIV_EGRESOS,245.6934,Formación de activos externos del sector privado: egresos,USD mn,"datos.gob.ar (Balance Cambiario, BCRA)",flujo,none
2021-11-01,FAE_PRIV_EGRESOS,326.2227,Formación de activos externos del sector privado: egresos,USD mn,"datos.gob.ar (Balance Cambiario, BCRA)",flujo,none
2021-12-01,FAE_PRIV_EGRESOS,252.3624,Formación de activos externos del sector privado: egresos,USD mn,"datos.gob.ar (Balance Cambiario, BCRA)",flujo,none
2022-01-01,FAE_PRIV_EGRESOS,329.0168,Formación de activos externos del sector privado: egresos,USD mn,"datos.gob.ar (Balance Cambiario, BCRA)",flujo,none
2022-02-01,FAE_PRIV_EGRESOS,262.7483,Formación de activos externos del sector privado: egresos,USD mn,"datos.gob.ar (Balance Cambiario, BCRA)",flujo,none
2022-03-01,FAE_PRIV_EGRESOS,277.1477,Formación de activos externos del sector privado: egresos,USD mn,"datos.gob.ar (Balance Cambiario, BCRA)",flujo,none
2022-04-01,FAE_PRIV_EGRESOS,217.7533,Formación de activos externos del sector privado: egresos,USD mn,"datos.gob.ar (Balance Cambiario, BCRA)",flujo,none
2022-05-01,FAE_PRIV_EGRESOS,193.7708,Formación de activos externos del sector privado: egresos,USD mn,"datos.gob.ar (Balance Cambiario, BCRA)",flujo,none
2022-06-01,FAE_PRIV_EGRESOS,242.4459,Formación de activos externos del sector privado: egresos,USD mn,"datos.gob.ar (Balance Cambiario, BCRA)",flujo,none
2022-07-01,FAE_PRIV_EGRESOS,365.8733,Formación de activos externos del sector privado: egresos,USD mn,"datos.gob.ar (Balance Cambiario, BCRA)",flujo,none
2022-08-01,FAE_PRIV_EGRESOS,327.5042,Formación de activos externos del sector privado: egresos,USD mn,"datos.gob.ar (Balance Cambiario, BCRA)",flujo,none
2022-09-01,FAE_PRIV_EGRESOS,246.6954,Formación de activos externos del sector privado: egresos,USD mn,"datos.gob.ar (Balance Cambiario, BCRA)",flujo,none
2022-10-01,FAE_PRIV_EGRESOS,187.1104,Formación de activos externos del sector privado: egresos,USD mn,"datos.gob.ar (Balance Cambiario, BCRA)",flujo,none
2022-11-01,FAE_PRIV_EGRESOS,167.5319,Formación de activos externos del sector privado: egresos,USD mn,"datos.gob.ar (Balance Cambiario, BCRA)",flujo,none
2022-12-01,FAE_PRIV_EGRESOS,186.0539,Formación de activos externos del sector privado: egresos,USD mn,"datos.gob.ar (Balance Cambiario, BCRA)",flujo,none
2023-01-01,FAE_PRIV_EGRESOS,273.2493,Formación de activos externos del sector privado: egresos,USD mn,"datos.gob.ar (Balance Cambiario, BCRA)",flujo,none
2023-02-01,FAE_PRIV_EGRESOS,216.744,Formación de activos externos del sector privado: egresos,USD mn,"datos.gob.ar (Balance Cambiario, BCRA)",flujo,none
2023-03-01,FAE_PRIV_EGRESOS,238.2317,Formación de activos externos del sector privado: egresos,USD mn,"datos.gob.ar (Balance Cambiario, BCRA)",flujo,none
2023-04-01,FAE_PRIV_EGRESOS,615.5396,Formación de activos externos del sector privado: egresos,USD mn,"datos.gob.ar (Balance Cambiario, BCRA)",flujo,none
2023-05-01,FAE_PRIV_EGRESOS,262.4903,Formación de activos externos del sector privado: egresos,USD mn,"datos.gob.ar (Balance Cambiario, BCRA)",flujo,none
2023-06-01,FAE_PRIV_EGRESOS,244.9313,Formación de activos externos del sector privado: egresos,USD mn,"datos.gob.ar (Balance Cambiario, BCRA)",flujo,none
2023-07-01,FAE_PRIV_EGRESOS,627.5627,Formación de activos externos del sector privado: egresos,USD mn,"datos.gob.ar (Balance Cambiario, BCRA)",flujo,none
2023-08-01,FAE_PRIV_EGRESOS,409.1624,Formación de activos externos del sector privado: egresos,USD mn,"datos.gob.ar (Balance Cambiario, BCRA)",flujo,none
2023-09-01,FAE_PRIV_EGRESOS,432.3842,Formación de activos externos del sector privado: egresos,USD mn,"datos.gob.ar (Balance Cambiario, BCRA)",flujo,none
2023-10-01,FAE_PRIV_EGRESOS,312.3683,Formación de activos externos del sector privado: egresos,USD mn,"datos.gob.ar (Balance Cambiario, BCRA)",flujo,none
2023-11-01,FAE_PRIV_EGRESOS,242.6882,Formación de activos externos del sector privado: egresos,USD mn,"datos.gob.ar (Balance Cambiario, BCRA)",flujo,none
2023-12-01,FAE_PRIV_EGRESOS,94.1172,Formación de activos externos del sector privado: egresos,USD mn,"datos.gob.ar (Balance Cambiario, BCRA)",flujo,none
2024-01-01,FAE_PRIV_EGRESOS,174.0596,Formación de activos externos del sector privado: egresos,USD mn,"datos.gob.ar (Balance Cambiario, BCRA)",flujo,none
2024-02-01,FAE_PRIV_EGRESOS,93.1941,Formación de activos externos del sector privado: egresos,USD mn,"datos.gob.ar (Balance Cambiario, BCRA)",flujo,none
2024-03-01,FAE_PRIV_EGRESOS,78.078,Formación de activos externos del sector privado: egresos,USD mn,"datos.gob.ar (Balance Cambiario, BCRA)",flujo,none
2024-04-01,FAE_PRIV_EGRESOS,127.7084,Formación de activos externos del sector privado: egresos,USD mn,"datos.gob.ar (Balance Cambiario, BCRA)",flujo,none
2024-05-01,FAE_PRIV_EGRESOS,114.9374,Formación de activos externos del sector privado: egresos,USD mn,"datos.gob.ar (Balance Cambiario, BCRA)",flujo,none
2024-06-01,FAE_PRIV_EGRESOS,67.0218,Formación de activos externos del sector privado: egresos,USD mn,"datos.gob.ar (Balance Cambiario, BCRA)",flujo,none
2024-07-01,FAE_PRIV_EGRESOS,88.1363,Formación de activos externos del sector privado: egresos,USD mn,"datos.gob.ar (Balance Cambiario, BCRA)",flujo,none
2024-08-01,FAE_PRIV_EGRESOS,93.7609,Formación de activos externos del sector privado: egresos,USD mn,"datos.gob.ar (Balance Cambiario, BCRA)",flujo,none
2024-09-01,FAE_PRIV_EGRESOS,97.6975,Formación de activos externos del sector privado: egresos,USD mn,"datos.gob.ar (Balance Cambiario, BCRA)",flujo,none
2024-10-01,FAE_PRIV_EGRESOS,227.67,Formación de activos externos del sector privado: egresos,USD mn,"datos.gob.ar (Balance Cambiario, BCRA)",flujo,none
2024-11-01,FAE_PRIV_EGRESOS,190.0065,Formación de activos externos del sector privado: egresos,USD mn,"datos.gob.ar (Balance Cambiario, BCRA)",flujo,none
2024-12-01,FAE_PRIV_EGRESOS,148.3248,Formación de activos externos del sector privado: egresos,USD mn,"datos.gob.ar (Balance Cambiario, BCRA)",flujo,none
2025-01-01,FAE_PRIV_EGRESOS,172.9919,Formación de activos externos del sector privado: egresos,USD mn,"datos.gob.ar (Balance Cambiario, BCRA)",flujo,none
2025-02-01,FAE_PRIV_EGRESOS,146.184,Formación de activos externos del sector privado: egresos,USD mn,"datos.gob.ar (Balance Cambiario, BCRA)",flujo,none
2025-03-01,FAE_PRIV_EGRESOS,118.7162,Formación de activos externos del sector privado: egresos,USD mn,"datos.gob.ar (Balance Cambiario, BCRA)",flujo,none
2025-04-01,FAE_PRIV_EGRESOS,2512.906,Formación de activos externos del sector privado: egresos,USD mn,"datos.gob.ar (Balance Cambiario, BCRA)",flujo,none
2025-05-01,FAE_PRIV_EGRESOS,3967.7638,Formación de activos externos del sector privado: egresos,USD mn,"datos.gob.ar (Balance Cambiario, BCRA)",flujo,none
2025-06-01,FAE_PRIV_EGRESOS,4932.9346,Formación de activos externos del sector privado: egresos,USD mn,"datos.gob.ar (Balance Cambiario, BCRA)",flujo,none
2025-07-01,FAE_PRIV_EGRESOS,6477.3334,Formación de activos externos del sector privado: egresos,USD mn,"datos.gob.ar (Balance Cambiario, BCRA)",flujo,none
2025-08-01,FAE_PRIV_EGRESOS,4327.6623,Formación de activos externos del sector privado: egresos,USD mn,"datos.gob.ar (Balance Cambiario, BCRA)",flujo,none
2025-09-01,FAE_PRIV_EGRESOS,7758.8895,Formación de activos externos del sector privado: egresos,USD mn,"datos.gob.ar (Balance Cambiario, BCRA)",flujo,none
2025-10-01,FAE_PRIV_EGRESOS,6330.7374,Formación de activos externos del sector privado: egresos,USD mn,"datos.gob.ar (Balance Cambiario, BCRA)",flujo,none
2025-11-01,FAE_PRIV_EGRESOS,2166.5234,Formación de activos externos del sector privado: egresos,USD mn,"datos.gob.ar (Balance Cambiario, BCRA)",flujo,none
2025-12-01,FAE_PRIV_EGRESOS,3124.0263,Formación de activos externos del sector privado: egresos,USD mn,"datos.gob.ar (Balance Cambiario, BCRA)",flujo,none
2026-01-01,FAE_PRIV_EGRESOS,3709.396,Formación de activos externos del sector privado: egresos,USD mn,"datos.gob.ar (Balance Cambiario, BCRA)",flujo,none
2026-02-01,FAE_PRIV_EGRESOS,3079.8409,Formación de activos externos del sector privado: egresos,USD mn,"datos.gob.ar (Balance Cambiario, BCRA)",flujo,none
2026-03-01,FAE_PRIV_EGRESOS,2954.9488,Formación de activos externos del sector privado: egresos,USD mn,"datos.gob.ar (Balance Cambiario, BCRA)",flujo,none
2026-04-01,FAE_PRIV_EGRESOS,3534.7682,Formación de activos externos del sector privado: egresos,USD mn,"datos.gob.ar (Balance Cambiario, BCRA)",flujo,none
2026-05-01,FAE_PRIV_EGRESOS,2839.6758,Formación de activos externos del sector privado: egresos,USD mn,"datos.gob.ar (Balance Cambiario, BCRA)",flujo,none
2026-06-01,FAE_PRIV_EGRESOS,3108.0068,Formación de activos externos del sector privado: egresos,USD mn,"datos.gob.ar (Balance Cambiario, BCRA)",flujo,none
2026-07-01,FAE_PRIV_EGRESOS,4095.1466,Formación de activos externos del sector privado: egresos,USD mn,"datos.gob.ar (Balance Cambiario, BCRA)",flujo,none
2026-08-01,FAE_PRIV_EGRESOS,3531.1756,Formación de activos externos del sector privado: egresos,USD mn,"datos.gob.ar (Balance Cambiario, BCRA)",flujo,none
2016-06-01,FAE_PRIV_INGRESOS,823.6131,Formación de activos externos del sector privado: ingresos,USD mn,"datos.gob.ar (Balance Cambiario, BCRA)",flujo,none
2016-07-01,FAE_PRIV_INGRESOS,861.0203,Formación de activos externos del sector privado: ingresos,USD mn,"datos.gob.ar (Balance Cambiario, BCRA)",flujo,none
2016-08-01,FAE_PRIV_INGRESOS,851.7485,Formación de activos externos del sector privado: ingresos,USD mn,"datos.gob.ar (Balance Cambiario, BCRA)",flujo,none
2016-09-01,FAE_PRIV_INGRESOS,1244.5342,Formación de activos externos del sector privado: ingresos,USD mn,"datos.gob.ar (Balance Cambiario, BCRA)",flujo,none
2016-10-01,FAE_PRIV_INGRESOS,1251.6505,Formación de activos externos del sector privado: ingresos,USD mn,"datos.gob.ar (Balance Cambiario, BCRA)",flujo,none
2016-11-01,FAE_PRIV_INGRESOS,2040.9672,Formación de activos externos del sector privado: ingresos,USD mn,"datos.gob.ar (Balance Cambiario, BCRA)",flujo,none
2016-12-01,FAE_PRIV_INGRESOS,6864.9356,Formación de activos externos del sector privado: ingresos,USD mn,"datos.gob.ar (Balance Cambiario, BCRA)",flujo,none
2017-01-01,FAE_PRIV_INGRESOS,1490.3465,Formación de activos externos del sector privado: ingresos,USD mn,"datos.gob.ar (Balance Cambiario, BCRA)",flujo,none
2017-02-01,FAE_PRIV_INGRESOS,1220.781,Formación de activos externos del sector privado: ingresos,USD mn,"datos.gob.ar (Balance Cambiario, BCRA)",flujo,none
2017-03-01,FAE_PRIV_INGRESOS,2553.6881,Formación de activos externos del sector privado: ingresos,USD mn,"datos.gob.ar (Balance Cambiario, BCRA)",flujo,none
2017-04-01,FAE_PRIV_INGRESOS,2036.4748,Formación de activos externos del sector privado: ingresos,USD mn,"datos.gob.ar (Balance Cambiario, BCRA)",flujo,none
2017-05-01,FAE_PRIV_INGRESOS,2473.0528,Formación de activos externos del sector privado: ingresos,USD mn,"datos.gob.ar (Balance Cambiario, BCRA)",flujo,none
2017-06-01,FAE_PRIV_INGRESOS,2810.8155,Formación de activos externos del sector privado: ingresos,USD mn,"datos.gob.ar (Balance Cambiario, BCRA)",flujo,none
2017-07-01,FAE_PRIV_INGRESOS,1955.6672,Formación de activos externos del sector privado: ingresos,USD mn,"datos.gob.ar (Balance Cambiario, BCRA)",flujo,none
2017-08-01,FAE_PRIV_INGRESOS,2032.9971,Formación de activos externos del sector privado: ingresos,USD mn,"datos.gob.ar (Balance Cambiario, BCRA)",flujo,none
2017-09-01,FAE_PRIV_INGRESOS,1992.9241,Formación de activos externos del sector privado: ingresos,USD mn,"datos.gob.ar (Balance Cambiario, BCRA)",flujo,none
2017-10-01,FAE_PRIV_INGRESOS,1921.5288,Formación de activos externos del sector privado: ingresos,USD mn,"datos.gob.ar (Balance Cambiario, BCRA)",flujo,none
2017-11-01,FAE_PRIV_INGRESOS,2193.7523,Formación de activos externos del sector privado: ingresos,USD mn,"datos.gob.ar (Balance Cambiario, BCRA)",flujo,none
2017-12-01,FAE_PRIV_INGRESOS,2774.2938,Formación de activos externos del sector privado: ingresos,USD mn,"datos.gob.ar (Balance Cambiario, BCRA)",flujo,none
2018-01-01,FAE_PRIV_INGRESOS,1954.1046,Formación de activos externos del sector privado: ingresos,USD mn,"datos.gob.ar (Balance Cambiario, BCRA)",flujo,none
2018-02-01,FAE_PRIV_INGRESOS,2077.1667,Formación de activos externos del sector privado: ingresos,USD mn,"datos.gob.ar (Balance Cambiario, BCRA)",flujo,none
2018-03-01,FAE_PRIV_INGRESOS,2123.2394,Formación de activos externos del sector privado: ingresos,USD mn,"datos.gob.ar (Balance Cambiario, BCRA)",flujo,none
2018-04-01,FAE_PRIV_INGRESOS,1905.2534,Formación de activos externos del sector privado: ingresos,USD mn,"datos.gob.ar (Balance Cambiario, BCRA)",flujo,none
2018-05-01,FAE_PRIV_INGRESOS,2906.8379,Formación de activos externos del sector privado: ingresos,USD mn,"datos.gob.ar (Balance Cambiario, BCRA)",flujo,none
2018-06-01,FAE_PRIV_INGRESOS,2493.2414,Formación de activos externos del sector privado: ingresos,USD mn,"datos.gob.ar (Balance Cambiario, BCRA)",flujo,none
2018-07-01,FAE_PRIV_INGRESOS,2264.4523,Formación de activos externos del sector privado: ingresos,USD mn,"datos.gob.ar (Balance Cambiario, BCRA)",flujo,none
2018-08-01,FAE_PRIV_INGRESOS,2870.0831,Formación de activos externos del sector privado: ingresos,USD mn,"datos.gob.ar (Balance Cambiario, BCRA)",flujo,none
2018-09-01,FAE_PRIV_INGRESOS,2312.9609,Formación de activos externos del sector privado: ingresos,USD mn,"datos.gob.ar (Balance Cambiario, BCRA)",flujo,none
2018-10-01,FAE_PRIV_INGRESOS,2849.387,Formación de activos externos del sector privado: ingresos,USD mn,"datos.gob.ar (Balance Cambiario, BCRA)",flujo,none
2018-11-01,FAE_PRIV_INGRESOS,3134.5741,Formación de activos externos del sector privado: ingresos,USD mn,"datos.gob.ar (Balance Cambiario, BCRA)",flujo,none
2018-12-01,FAE_PRIV_INGRESOS,3715.9424,Formación de activos externos del sector privado: ingresos,USD mn,"datos.gob.ar (Balance Cambiario, BCRA)",flujo,none
2019-01-01,FAE_PRIV_INGRESOS,5030.7676,Formación de activos externos del sector privado: ingresos,USD mn,"datos.gob.ar (Balance Cambiario, BCRA)",flujo,none
2019-02-01,FAE_PRIV_INGRESOS,4294.3454,Formación de activos externos del sector privado: ingresos,USD mn,"datos.gob.ar (Balance Cambiario, BCRA)",flujo,none
2019-03-01,FAE_PRIV_INGRESOS,4343.9647,Formación de activos externos del sector privado: ingresos,USD mn,"datos.gob.ar (Balance Cambiario, BCRA)",flujo,none
2019-04-01,FAE_PRIV_INGRESOS,4851.4053,Formación de activos externos del sector privado: ingresos,USD mn,"datos.gob.ar (Balance Cambiario, BCRA)",flujo,none
2019-05-01,FAE_PRIV_INGRESOS,5579.2585,Formación de activos externos del sector privado: ingresos,USD mn,"datos.gob.ar (Balance Cambiario, BCRA)",flujo,none
2019-06-01,FAE_PRIV_INGRESOS,5445.8912,Formación de activos externos del sector privado: ingresos,USD mn,"datos.gob.ar (Balance Cambiario, BCRA)",flujo,none
2019-07-01,FAE_PRIV_INGRESOS,5162.7801,Formación de activos externos del sector privado: ingresos,USD mn,"datos.gob.ar (Balance Cambiario, BCRA)",flujo,none
2019-08-01,FAE_PRIV_INGRESOS,3798.1193,Formación de activos externos del sector privado: ingresos,USD mn,"datos.gob.ar (Balance Cambiario, BCRA)",flujo,none
2019-09-01,FAE_PRIV_INGRESOS,1128.3595,Formación de activos externos del sector privado: ingresos,USD mn,"datos.gob.ar (Balance Cambiario, BCRA)",flujo,none
2019-10-01,FAE_PRIV_INGRESOS,920.6576,Formación de activos externos del sector privado: ingresos,USD mn,"datos.gob.ar (Balance Cambiario, BCRA)",flujo,none
2019-11-01,FAE_PRIV_INGRESOS,592.2223,Formación de activos externos del sector privado: ingresos,USD mn,"datos.gob.ar (Balance Cambiario, BCRA)",flujo,none
2019-12-01,FAE_PRIV_INGRESOS,1000.1752,Formación de activos externos del sector privado: ingresos,USD mn,"datos.gob.ar (Balance Cambiario, BCRA)",flujo,none
2020-01-01,FAE_PRIV_INGRESOS,438.464,Formación de activos externos del sector privado: ingresos,USD mn,"datos.gob.ar (Balance Cambiario, BCRA)",flujo,none
2020-02-01,FAE_PRIV_INGRESOS,235.5148,Formación de activos externos del sector privado: ingresos,USD mn,"datos.gob.ar (Balance Cambiario, BCRA)",flujo,none
2020-03-01,FAE_PRIV_INGRESOS,342.0413,Formación de activos externos del sector privado: ingresos,USD mn,"datos.gob.ar (Balance Cambiario, BCRA)",flujo,none
2020-04-01,FAE_PRIV_INGRESOS,351.9173,Formación de activos externos del sector privado: ingresos,USD mn,"datos.gob.ar (Balance Cambiario, BCRA)",flujo,none
2020-05-01,FAE_PRIV_INGRESOS,179.1455,Formación de activos externos del sector privado: ingresos,USD mn,"datos.gob.ar (Balance Cambiario, BCRA)",flujo,none
2020-06-01,FAE_PRIV_INGRESOS,195.9802,Formación de activos externos del sector privado: ingresos,USD mn,"datos.gob.ar (Balance Cambiario, BCRA)",flujo,none
2020-07-01,FAE_PRIV_INGRESOS,409.1836,Formación de activos externos del sector privado: ingresos,USD mn,"datos.gob.ar (Balance Cambiario, BCRA)",flujo,none
2020-08-01,FAE_PRIV_INGRESOS,305.7176,Formación de activos externos del sector privado: ingresos,USD mn,"datos.gob.ar (Balance Cambiario, BCRA)",flujo,none
2020-09-01,FAE_PRIV_INGRESOS,348.3353,Formación de activos externos del sector privado: ingresos,USD mn,"datos.gob.ar (Balance Cambiario, BCRA)",flujo,none
2020-10-01,FAE_PRIV_INGRESOS,148.3959,Formación de activos externos del sector privado: ingresos,USD mn,"datos.gob.ar (Balance Cambiario, BCRA)",flujo,none
2020-11-01,FAE_PRIV_INGRESOS,159.167,Formación de activos externos del sector privado: ingresos,USD mn,"datos.gob.ar (Balance Cambiario, BCRA)",flujo,none
2020-12-01,FAE_PRIV_INGRESOS,368.2363,Formación de activos externos del sector privado: ingresos,USD mn,"datos.gob.ar (Balance Cambiario, BCRA)",flujo,none
2021-01-01,FAE_PRIV_INGRESOS,180.8855,Formación de activos externos del sector privado: ingresos,USD mn,"datos.gob.ar (Balance Cambiario, BCRA)",flujo,none
2021-02-01,FAE_PRIV_INGRESOS,167.7818,Formación de activos externos del sector privado: ingresos,USD mn,"datos.gob.ar (Balance Cambiario, BCRA)",flujo,none
2021-03-01,FAE_PRIV_INGRESOS,416.9657,Formación de activos externos del sector privado: ingresos,USD mn,"datos.gob.ar (Balance Cambiario, BCRA)",flujo,none
2021-04-01,FAE_PRIV_INGRESOS,207.7489,Formación de activos externos del sector privado: ingresos,USD mn,"datos.gob.ar (Balance Cambiario, BCRA)",flujo,none
2021-05-01,FAE_PRIV_INGRESOS,175.429,Formación de activos externos del sector privado: ingresos,USD mn,"datos.gob.ar (Balance Cambiario, BCRA)",flujo,none
2021-06-01,FAE_PRIV_INGRESOS,151.8714,Formación de activos externos del sector privado: ingresos,USD mn,"datos.gob.ar (Balance Cambiario, BCRA)",flujo,none
2021-07-01,FAE_PRIV_INGRESOS,146.7079,Formación de activos externos del sector privado: ingresos,USD mn,"datos.gob.ar (Balance Cambiario, BCRA)",flujo,none
2021-08-01,FAE_PRIV_INGRESOS,144.8654,Formación de activos externos del sector privado: ingresos,USD mn,"datos.gob.ar (Balance Cambiario, BCRA)",flujo,none
2021-09-01,FAE_PRIV_INGRESOS,139.5851,Formación de activos externos del sector privado: ingresos,USD mn,"datos.gob.ar (Balance Cambiario, BCRA)",flujo,none
2021-10-01,FAE_PRIV_INGRESOS,122.0074,Formación de activos externos del sector privado: ingresos,USD mn,"datos.gob.ar (Balance Cambiario, BCRA)",flujo,none
2021-11-01,FAE_PRIV_INGRESOS,127.2725,Formación de activos externos del sector privado: ingresos,USD mn,"datos.gob.ar (Balance Cambiario, BCRA)",flujo,none
2021-12-01,FAE_PRIV_INGRESOS,160.7394,Formación de activos externos del sector privado: ingresos,USD mn,"datos.gob.ar (Balance Cambiario, BCRA)",flujo,none
2022-01-01,FAE_PRIV_INGRESOS,140.9417,Formación de activos externos del sector privado: ingresos,USD mn,"datos.gob.ar (Balance Cambiario, BCRA)",flujo,none
2022-02-01,FAE_PRIV_INGRESOS,124.0445,Formación de activos externos del sector privado: ingresos,USD mn,"datos.gob.ar (Balance Cambiario, BCRA)",flujo,none
2022-03-01,FAE_PRIV_INGRESOS,258.024,Formación de activos externos del sector privado: ingresos,USD mn,"datos.gob.ar (Balance Cambiario, BCRA)",flujo,none
2022-04-01,FAE_PRIV_INGRESOS,182.4343,Formación de activos externos del sector privado: ingresos,USD mn,"datos.gob.ar (Balance Cambiario, BCRA)",flujo,none
2022-05-01,FAE_PRIV_INGRESOS,170.6025,Formación de activos externos del sector privado: ingresos,USD mn,"datos.gob.ar (Balance Cambiario, BCRA)",flujo,none
2022-06-01,FAE_PRIV_INGRESOS,174.1292,Formación de activos externos del sector privado: ingresos,USD mn,"datos.gob.ar (Balance Cambiario, BCRA)",flujo,none
2022-07-01,FAE_PRIV_INGRESOS,186.7181,Formación de activos externos del sector privado: ingresos,USD mn,"datos.gob.ar (Balance Cambiario, BCRA)",flujo,none
2022-08-01,FAE_PRIV_INGRESOS,141.134,Formación de activos externos del sector privado: ingresos,USD mn,"datos.gob.ar (Balance Cambiario, BCRA)",flujo,none
2022-09-01,FAE_PRIV_INGRESOS,139.3909,Formación de activos externos del sector privado: ingresos,USD mn,"datos.gob.ar (Balance Cambiario, BCRA)",flujo,none
2022-10-01,FAE_PRIV_INGRESOS,201.8257,Formación de activos externos del sector privado: ingresos,USD mn,"datos.gob.ar (Balance Cambiario, BCRA)",flujo,none
2022-11-01,FAE_PRIV_INGRESOS,223.9728,Formación de activos externos del sector privado: ingresos,USD mn,"datos.gob.ar (Balance Cambiario, BCRA)",flujo,none
2022-12-01,FAE_PRIV_INGRESOS,281.2605,Formación de activos externos del sector privado: ingresos,USD mn,"datos.gob.ar (Balance Cambiario, BCRA)",flujo,none
2023-01-01,FAE_PRIV_INGRESOS,188.6416,Formación de activos externos del sector privado: ingresos,USD mn,"datos.gob.ar (Balance Cambiario, BCRA)",flujo,none
2023-02-01,FAE_PRIV_INGRESOS,204.9615,Formación de activos externos del sector privado: ingresos,USD mn,"datos.gob.ar (Balance Cambiario, BCRA)",flujo,none
2023-03-01,FAE_PRIV_INGRESOS,234.1466,Formación de activos externos del sector privado: ingresos,USD mn,"datos.gob.ar (Balance Cambiario, BCRA)",flujo,none
2023-04-01,FAE_PRIV_INGRESOS,210.5881,Formación de activos externos del sector privado: ingresos,USD mn,"datos.gob.ar (Balance Cambiario, BCRA)",flujo,none
2023-05-01,FAE_PRIV_INGRESOS,177.0727,Formación de activos externos del sector privado: ingresos,USD mn,"datos.gob.ar (Balance Cambiario, BCRA)",flujo,none
2023-06-01,FAE_PRIV_INGRESOS,241.6809,Formación de activos externos del sector privado: ingresos,USD mn,"datos.gob.ar (Balance Cambiario, BCRA)",flujo,none
2023-07-01,FAE_PRIV_INGRESOS,427.6317,Formación de activos externos del sector privado: ingresos,USD mn,"datos.gob.ar (Balance Cambiario, BCRA)",flujo,none
2023-08-01,FAE_PRIV_INGRESOS,315.8055,Formación de activos externos del sector privado: ingresos,USD mn,"datos.gob.ar (Balance Cambiario, BCRA)",flujo,none
2023-09-01,FAE_PRIV_INGRESOS,346.2561,Formación de activos externos del sector privado: ingresos,USD mn,"datos.gob.ar (Balance Cambiario, BCRA)",flujo,none
2023-10-01,FAE_PRIV_INGRESOS,197.8485,Formación de activos externos del sector privado: ingresos,USD mn,"datos.gob.ar (Balance Cambiario, BCRA)",flujo,none
2023-11-01,FAE_PRIV_INGRESOS,246.4593,Formación de activos externos del sector privado: ingresos,USD mn,"datos.gob.ar (Balance Cambiario, BCRA)",flujo,none
2023-12-01,FAE_PRIV_INGRESOS,422.0613,Formación de activos externos del sector privado: ingresos,USD mn,"datos.gob.ar (Balance Cambiario, BCRA)",flujo,none
2024-01-01,FAE_PRIV_INGRESOS,151.8499,Formación de activos externos del sector privado: ingresos,USD mn,"datos.gob.ar (Balance Cambiario, BCRA)",flujo,none
2024-02-01,FAE_PRIV_INGRESOS,187.6801,Formación de activos externos del sector privado: ingresos,USD mn,"datos.gob.ar (Balance Cambiario, BCRA)",flujo,none
2024-03-01,FAE_PRIV_INGRESOS,216.5278,Formación de activos externos del sector privado: ingresos,USD mn,"datos.gob.ar (Balance Cambiario, BCRA)",flujo,none
2024-04-01,FAE_PRIV_INGRESOS,258.1967,Formación de activos externos del sector privado: ingresos,USD mn,"datos.gob.ar (Balance Cambiario, BCRA)",flujo,none
2024-05-01,FAE_PRIV_INGRESOS,208.7251,Formación de activos externos del sector privado: ingresos,USD mn,"datos.gob.ar (Balance Cambiario, BCRA)",flujo,none
2024-06-01,FAE_PRIV_INGRESOS,200.4298,Formación de activos externos del sector privado: ingresos,USD mn,"datos.gob.ar (Balance Cambiario, BCRA)",flujo,none
2024-07-01,FAE_PRIV_INGRESOS,250.4649,Formación de activos externos del sector privado: ingresos,USD mn,"datos.gob.ar (Balance Cambiario, BCRA)",flujo,none
2024-08-01,FAE_PRIV_INGRESOS,541.4868,Formación de activos externos del sector privado: ingresos,USD mn,"datos.gob.ar (Balance Cambiario, BCRA)",flujo,none
2024-09-01,FAE_PRIV_INGRESOS,679.1982,Formación de activos externos del sector privado: ingresos,USD mn,"datos.gob.ar (Balance Cambiario, BCRA)",flujo,none
2024-10-01,FAE_PRIV_INGRESOS,444.421,Formación de activos externos del sector privado: ingresos,USD mn,"datos.gob.ar (Balance Cambiario, BCRA)",flujo,none
2024-11-01,FAE_PRIV_INGRESOS,302.6386,Formación de activos externos del sector privado: ingresos,USD mn,"datos.gob.ar (Balance Cambiario, BCRA)",flujo,none
2024-12-01,FAE_PRIV_INGRESOS,372.7482,Formación de activos externos del sector privado: ingresos,USD mn,"datos.gob.ar (Balance Cambiario, BCRA)",flujo,none
2025-01-01,FAE_PRIV_INGRESOS,302.6151,Formación de activos externos del sector privado: ingresos,USD mn,"datos.gob.ar (Balance Cambiario, BCRA)",flujo,none
2025-02-01,FAE_PRIV_INGRESOS,384.8938,Formación de activos externos del sector privado: ingresos,USD mn,"datos.gob.ar (Balance Cambiario, BCRA)",flujo,none
2025-03-01,FAE_PRIV_INGRESOS,281.6281,Formación de activos externos del sector privado: ingresos,USD mn,"datos.gob.ar (Balance Cambiario, BCRA)",flujo,none
2025-04-01,FAE_PRIV_INGRESOS,491.9193,Formación de activos externos del sector privado: ingresos,USD mn,"datos.gob.ar (Balance Cambiario, BCRA)",flujo,none
2025-05-01,FAE_PRIV_INGRESOS,741.8591,Formación de activos externos del sector privado: ingresos,USD mn,"datos.gob.ar (Balance Cambiario, BCRA)",flujo,none
2025-06-01,FAE_PRIV_INGRESOS,881.8361,Formación de activos externos del sector privado: ingresos,USD mn,"datos.gob.ar (Balance Cambiario, BCRA)",flujo,none
2025-07-01,FAE_PRIV_INGRESOS,1044.9275,Formación de activos externos del sector privado: ingresos,USD mn,"datos.gob.ar (Balance Cambiario, BCRA)",flujo,none
2025-08-01,FAE_PRIV_INGRESOS,1139.5811,Formación de activos externos del sector privado: ingresos,USD mn,"datos.gob.ar (Balance Cambiario, BCRA)",flujo,none
2025-09-01,FAE_PRIV_INGRESOS,1181.6466,Formación de activos externos del sector privado: ingresos,USD mn,"datos.gob.ar (Balance Cambiario, BCRA)",flujo,none
2025-10-01,FAE_PRIV_INGRESOS,896.8655,Formación de activos externos del sector privado: ingresos,USD mn,"datos.gob.ar (Balance Cambiario, BCRA)",flujo,none
2025-11-01,FAE_PRIV_INGRESOS,1047.5308,Formación de activos externos del sector privado: ingresos,USD mn,"datos.gob.ar (Balance Cambiario, BCRA)",flujo,none
2025-12-01,FAE_PRIV_INGRESOS,1301.6886,Formación de activos externos del sector privado: ingresos,USD mn,"datos.gob.ar (Balance Cambiario, BCRA)",flujo,none
2026-01-01,FAE_PRIV_INGRESOS,979.8046,Formación de activos externos del sector privado: ingresos,USD mn,"datos.gob.ar (Balance Cambiario, BCRA)",flujo,none
2026-02-01,FAE_PRIV_INGRESOS,948.7132,Formación de activos externos del sector privado: ingresos,USD mn,"datos.gob.ar (Balance Cambiario, BCRA)",flujo,none
2026-03-01,FAE_PRIV_INGRESOS,1172.9179,Formación de activos externos del sector privado: ingresos,USD mn,"datos.gob.ar (Balance Cambiario, BCRA)",flujo,none
2026-04-01,FAE_PRIV_INGRESOS,1171.3166,Formación de activos externos del sector privado: ingresos,USD mn,"datos.gob.ar (Balance Cambiario, BCRA)",flujo,none
2026-05-01,FAE_PRIV_INGRESOS,953.2276,Formación de activos externos del sector privado: ingresos,USD mn,"datos.gob.ar (Balance Cambiario, BCRA)",flujo,none
2026-06-01,FAE_PRIV_INGRESOS,1043.4888,Formación de activos externos del sector privado: ingresos,USD mn,"datos.gob.ar (Balance Cambiario, BCRA)",flujo,none
2026-07-01,FAE_PRIV_INGRESOS,951.8643,Formación de activos externos del sector privado: ingresos,USD mn,"datos.gob.ar (Balance Cambiario, BCRA)",flujo,none
2026-08-01,FAE_PRIV_INGRESOS,853.6936,Formación de activos externos del sector privado: ingresos,USD mn,"datos.gob.ar (Balance Cambiario, BCRA)",flujo,none
2016-06-01,FAE_PRIV_NETA,-1261.7985,Formación de activos externos del sector privado no financiero (neta: ingresos − egresos; negativo = salida),USD mn,"datos.gob.ar (Balance Cambiario, BCRA)",flujo,none
2016-07-01,FAE_PRIV_NETA,-1471.2082,Formación de activos externos del sector privado no financiero (neta: ingresos − egresos; negativo = salida),USD mn,"datos.gob.ar (Balance Cambiario, BCRA)",flujo,none
2016-08-01,FAE_PRIV_NETA,-1440.9366999999995,Formación de activos externos del sector privado no financiero (neta: ingresos − egresos; negativo = salida),USD mn,"datos.gob.ar (Balance Cambiario, BCRA)",flujo,none
2016-09-01,FAE_PRIV_NETA,-1057.4137999999998,Formación de activos externos del sector privado no financiero (neta: ingresos − egresos; negativo = salida),USD mn,"datos.gob.ar (Balance Cambiario, BCRA)",flujo,none
2016-10-01,FAE_PRIV_NETA,-1004.0791000000002,Formación de activos externos del sector privado no financiero (neta: ingresos − egresos; negativo = salida),USD mn,"datos.gob.ar (Balance Cambiario, BCRA)",flujo,none
2016-11-01,FAE_PRIV_NETA,-876.5003999999999,Formación de activos externos del sector privado no financiero (neta: ingresos − egresos; negativo = salida),USD mn,"datos.gob.ar (Balance Cambiario, BCRA)",flujo,none
2016-12-01,FAE_PRIV_NETA,2000.8618,Formación de activos externos del sector privado no financiero (neta: ingresos − egresos; negativo = salida),USD mn,"datos.gob.ar (Balance Cambiario, BCRA)",flujo,none
2017-01-01,FAE_PRIV_NETA,-1971.2911,Formación de activos externos del sector privado no financiero (neta: ingresos − egresos; negativo = salida),USD mn,"datos.gob.ar (Balance Cambiario, BCRA)",flujo,none
2017-02-01,FAE_PRIV_NETA,-1880.6674000000005,Formación de activos externos del sector privado no financiero (neta: ingresos − egresos; negativo = salida),USD mn,"datos.gob.ar (Balance Cambiario, BCRA)",flujo,none
2017-03-01,FAE_PRIV_NETA,-1026.0968000000005,Formación de activos externos del sector privado no financiero (neta: ingresos − egresos; negativo = salida),USD mn,"datos.gob.ar (Balance Cambiario, BCRA)",flujo,none
2017-04-01,FAE_PRIV_NETA,-952.8851,Formación de activos externos del sector privado no financiero (neta: ingresos − egresos; negativo = salida),USD mn,"datos.gob.ar (Balance Cambiario, BCRA)",flujo,none
2017-05-01,FAE_PRIV_NETA,-1072.4938000000002,Formación de activos externos del sector privado no financiero (neta: ingresos − egresos; negativo = salida),USD mn,"datos.gob.ar (Balance Cambiario, BCRA)",flujo,none
2017-06-01,FAE_PRIV_NETA,-1148.6407999999997,Formación de activos externos del sector privado no financiero (neta: ingresos − egresos; negativo = salida),USD mn,"datos.gob.ar (Balance Cambiario, BCRA)",flujo,none
2017-07-01,FAE_PRIV_NETA,-2492.4628,Formación de activos externos del sector privado no financiero (neta: ingresos − egresos; negativo = salida),USD mn,"datos.gob.ar (Balance Cambiario, BCRA)",flujo,none
2017-08-01,FAE_PRIV_NETA,-3162.487,Formación de activos externos del sector privado no financiero (neta: ingresos − egresos; negativo = salida),USD mn,"datos.gob.ar (Balance Cambiario, BCRA)",flujo,none
2017-09-01,FAE_PRIV_NETA,-2254.7658999999994,Formación de activos externos del sector privado no financiero (neta: ingresos − egresos; negativo = salida),USD mn,"datos.gob.ar (Balance Cambiario, BCRA)",flujo,none
2017-10-01,FAE_PRIV_NETA,-2040.2688,Formación de activos externos del sector privado no financiero (neta: ingresos − egresos; negativo = salida),USD mn,"datos.gob.ar (Balance Cambiario, BCRA)",flujo,none
2017-11-01,FAE_PRIV_NETA,-1989.4752,Formación de activos externos del sector privado no financiero (neta: ingresos − egresos; negativo = salida),USD mn,"datos.gob.ar (Balance Cambiario, BCRA)",flujo,none
2017-12-01,FAE_PRIV_NETA,-2783.3696000000004,Formación de activos externos del sector privado no financiero (neta: ingresos − egresos; negativo = salida),USD mn,"datos.gob.ar (Balance Cambiario, BCRA)",flujo,none
2018-01-01,FAE_PRIV_NETA,-3073.0683,Formación de activos externos del sector privado no financiero (neta: ingresos − egresos; negativo = salida),USD mn,"datos.gob.ar (Balance Cambiario, BCRA)",flujo,none
2018-02-01,FAE_PRIV_NETA,-1331.9147999999996,Formación de activos externos del sector privado no financiero (neta: ingresos − egresos; negativo = salida),USD mn,"datos.gob.ar (Balance Cambiario, BCRA)",flujo,none
2018-03-01,FAE_PRIV_NETA,-2463.8861,Formación de activos externos del sector privado no financiero (neta: ingresos − egresos; negativo = salida),USD mn,"datos.gob.ar (Balance Cambiario, BCRA)",flujo,none
2018-04-01,FAE_PRIV_NETA,-2054.5738,Formación de activos externos del sector privado no financiero (neta: ingresos − egresos; negativo = salida),USD mn,"datos.gob.ar (Balance Cambiario, BCRA)",flujo,none
2018-05-01,FAE_PRIV_NETA,-4539.2757,Formación de activos externos del sector privado no financiero (neta: ingresos − egresos; negativo = salida),USD mn,"datos.gob.ar (Balance Cambiario, BCRA)",flujo,none
2018-06-01,FAE_PRIV_NETA,-3029.4986,Formación de activos externos del sector privado no financiero (neta: ingresos − egresos; negativo = salida),USD mn,"datos.gob.ar (Balance Cambiario, BCRA)",flujo,none
2018-07-01,FAE_PRIV_NETA,-3318.5701,Formación de activos externos del sector privado no financiero (neta: ingresos − egresos; negativo = salida),USD mn,"datos.gob.ar (Balance Cambiario, BCRA)",flujo,none
2018-08-01,FAE_PRIV_NETA,-2751.0138,Formación de activos externos del sector privado no financiero (neta: ingresos − egresos; negativo = salida),USD mn,"datos.gob.ar (Balance Cambiario, BCRA)",flujo,none
2018-09-01,FAE_PRIV_NETA,-1948.0606,Formación de activos externos del sector privado no financiero (neta: ingresos − egresos; negativo = salida),USD mn,"datos.gob.ar (Balance Cambiario, BCRA)",flujo,none
2018-10-01,FAE_PRIV_NETA,-1128.1151999999995,Formación de activos externos del sector privado no financiero (neta: ingresos − egresos; negativo = salida),USD mn,"datos.gob.ar (Balance Cambiario, BCRA)",flujo,none
2018-11-01,FAE_PRIV_NETA,-408.1333,Formación de activos externos del sector privado no financiero (neta: ingresos − egresos; negativo = salida),USD mn,"datos.gob.ar (Balance Cambiario, BCRA)",flujo,none
2018-12-01,FAE_PRIV_NETA,-836.3215,Formación de activos externos del sector privado no financiero (neta: ingresos − egresos; negativo = salida),USD mn,"datos.gob.ar (Balance Cambiario, BCRA)",flujo,none
2019-01-01,FAE_PRIV_NETA,-2041.7194,Formación de activos externos del sector privado no financiero (neta: ingresos − egresos; negativo = salida),USD mn,"datos.gob.ar (Balance Cambiario, BCRA)",flujo,none
2019-02-01,FAE_PRIV_NETA,-974.3597,Formación de activos externos del sector privado no financiero (neta: ingresos − egresos; negativo = salida),USD mn,"datos.gob.ar (Balance Cambiario, BCRA)",flujo,none
2019-03-01,FAE_PRIV_NETA,-1779.7312999999997,Formación de activos externos del sector privado no financiero (neta: ingresos − egresos; negativo = salida),USD mn,"datos.gob.ar (Balance Cambiario, BCRA)",flujo,none
2019-04-01,FAE_PRIV_NETA,-2362.3285,Formación de activos externos del sector privado no financiero (neta: ingresos − egresos; negativo = salida),USD mn,"datos.gob.ar (Balance Cambiario, BCRA)",flujo,none
2019-05-01,FAE_PRIV_NETA,-2550.7592000000004,Formación de activos externos del sector privado no financiero (neta: ingresos − egresos; negativo = salida),USD mn,"datos.gob.ar (Balance Cambiario, BCRA)",flujo,none
2019-06-01,FAE_PRIV_NETA,-1417.8630000000005,Formación de activos externos del sector privado no financiero (neta: ingresos − egresos; negativo = salida),USD mn,"datos.gob.ar (Balance Cambiario, BCRA)",flujo,none
2019-07-01,FAE_PRIV_NETA,-3034.5465000000004,Formación de activos externos del sector privado no financiero (neta: ingresos − egresos; negativo = salida),USD mn,"datos.gob.ar (Balance Cambiario, BCRA)",flujo,none
2019-08-01,FAE_PRIV_NETA,-5946.3837,Formación de activos externos del sector privado no financiero (neta: ingresos − egresos; negativo = salida),USD mn,"datos.gob.ar (Balance Cambiario, BCRA)",flujo,none
2019-09-01,FAE_PRIV_NETA,-3048.8588000000004,Formación de activos externos del sector privado no financiero (neta: ingresos − egresos; negativo = salida),USD mn,"datos.gob.ar (Balance Cambiario, BCRA)",flujo,none
2019-10-01,FAE_PRIV_NETA,-4118.224,Formación de activos externos del sector privado no financiero (neta: ingresos − egresos; negativo = salida),USD mn,"datos.gob.ar (Balance Cambiario, BCRA)",flujo,none
2019-11-01,FAE_PRIV_NETA,-137.6246,Formación de activos externos del sector privado no financiero (neta: ingresos − egresos; negativo = salida),USD mn,"datos.gob.ar (Balance Cambiario, BCRA)",flujo,none
2019-12-01,FAE_PRIV_NETA,197.78050000000007,Formación de activos externos del sector privado no financiero (neta: ingresos − egresos; negativo = salida),USD mn,"datos.gob.ar (Balance Cambiario, BCRA)",flujo,none
2020-01-01,FAE_PRIV_NETA,-61.40429999999998,Formación de activos externos del sector privado no financiero (neta: ingresos − egresos; negativo = salida),USD mn,"datos.gob.ar (Balance Cambiario, BCRA)",flujo,none
2020-02-01,FAE_PRIV_NETA,-149.0667,Formación de activos externos del sector privado no financiero (neta: ingresos − egresos; negativo = salida),USD mn,"datos.gob.ar (Balance Cambiario, BCRA)",flujo,none
2020-03-01,FAE_PRIV_NETA,-114.60110000000005,Formación de activos externos del sector privado no financiero (neta: ingresos − egresos; negativo = salida),USD mn,"datos.gob.ar (Balance Cambiario, BCRA)",flujo,none
2020-04-01,FAE_PRIV_NETA,-194.19109999999995,Formación de activos externos del sector privado no financiero (neta: ingresos − egresos; negativo = salida),USD mn,"datos.gob.ar (Balance Cambiario, BCRA)",flujo,none
2020-05-01,FAE_PRIV_NETA,-377.5773,Formación de activos externos del sector privado no financiero (neta: ingresos − egresos; negativo = salida),USD mn,"datos.gob.ar (Balance Cambiario, BCRA)",flujo,none
2020-06-01,FAE_PRIV_NETA,-540.6335,Formación de activos externos del sector privado no financiero (neta: ingresos − egresos; negativo = salida),USD mn,"datos.gob.ar (Balance Cambiario, BCRA)",flujo,none
2020-07-01,FAE_PRIV_NETA,-450.4488,Formación de activos externos del sector privado no financiero (neta: ingresos − egresos; negativo = salida),USD mn,"datos.gob.ar (Balance Cambiario, BCRA)",flujo,none
2020-08-01,FAE_PRIV_NETA,-570.5617,Formación de activos externos del sector privado no financiero (neta: ingresos − egresos; negativo = salida),USD mn,"datos.gob.ar (Balance Cambiario, BCRA)",flujo,none
2020-09-01,FAE_PRIV_NETA,-439.3105,Formación de activos externos del sector privado no financiero (neta: ingresos − egresos; negativo = salida),USD mn,"datos.gob.ar (Balance Cambiario, BCRA)",flujo,none
2020-10-01,FAE_PRIV_NETA,-197.6135,Formación de activos externos del sector privado no financiero (neta: ingresos − egresos; negativo = salida),USD mn,"datos.gob.ar (Balance Cambiario, BCRA)",flujo,none
2020-11-01,FAE_PRIV_NETA,-113.56539999999998,Formación de activos externos del sector privado no financiero (neta: ingresos − egresos; negativo = salida),USD mn,"datos.gob.ar (Balance Cambiario, BCRA)",flujo,none
2020-12-01,FAE_PRIV_NETA,91.187,Formación de activos externos del sector privado no financiero (neta: ingresos − egresos; negativo = salida),USD mn,"datos.gob.ar (Balance Cambiario, BCRA)",flujo,none
2021-01-01,FAE_PRIV_NETA,-101.4073,Formación de activos externos del sector privado no financiero (neta: ingresos − egresos; negativo = salida),USD mn,"datos.gob.ar (Balance Cambiario, BCRA)",flujo,none
2021-02-01,FAE_PRIV_NETA,-7.655599999999993,Formación de activos externos del sector privado no financiero (neta: ingresos − egresos; negativo = salida),USD mn,"datos.gob.ar (Balance Cambiario, BCRA)",flujo,none
2021-03-01,FAE_PRIV_NETA,247.7128,Formación de activos externos del sector privado no financiero (neta: ingresos − egresos; negativo = salida),USD mn,"datos.gob.ar (Balance Cambiario, BCRA)",flujo,none
2021-04-01,FAE_PRIV_NETA,51.589200000000005,Formación de activos externos del sector privado no financiero (neta: ingresos − egresos; negativo = salida),USD mn,"datos.gob.ar (Balance Cambiario, BCRA)",flujo,none
2021-05-01,FAE_PRIV_NETA,26.565,Formación de activos externos del sector privado no financiero (neta: ingresos − egresos; negativo = salida),USD mn,"datos.gob.ar (Balance Cambiario, BCRA)",flujo,none
2021-06-01,FAE_PRIV_NETA,-35.95180000000002,Formación de activos externos del sector privado no financiero (neta: ingresos − egresos; negativo = salida),USD mn,"datos.gob.ar (Balance Cambiario, BCRA)",flujo,none
2021-07-01,FAE_PRIV_NETA,-132.2921,Formación de activos externos del sector privado no financiero (neta: ingresos − egresos; negativo = salida),USD mn,"datos.gob.ar (Balance Cambiario, BCRA)",flujo,none
2021-08-01,FAE_PRIV_NETA,-89.369,Formación de activos externos del sector privado no financiero (neta: ingresos − egresos; negativo = salida),USD mn,"datos.gob.ar (Balance Cambiario, BCRA)",flujo,none
2021-09-01,FAE_PRIV_NETA,-119.52999999999996,Formación de activos externos del sector privado no financiero (neta: ingresos − egresos; negativo = salida),USD mn,"datos.gob.ar (Balance Cambiario, BCRA)",flujo,none
2021-10-01,FAE_PRIV_NETA,-123.686,Formación de activos externos del sector privado no financiero (neta: ingresos − egresos; negativo = salida),USD mn,"datos.gob.ar (Balance Cambiario, BCRA)",flujo,none
2021-11-01,FAE_PRIV_NETA,-198.9502,Formación de activos externos del sector privado no financiero (neta: ingresos − egresos; negativo = salida),USD mn,"datos.gob.ar (Balance Cambiario, BCRA)",flujo,none
2021-12-01,FAE_PRIV_NETA,-91.62300000000002,Formación de activos externos del sector privado no financiero (neta: ingresos − egresos; negativo = salida),USD mn,"datos.gob.ar (Balance Cambiario, BCRA)",flujo,none
2022-01-01,FAE_PRIV_NETA,-188.0751,Formación de activos externos del sector privado no financiero (neta: ingresos − egresos; negativo = salida),USD mn,"datos.gob.ar (Balance Cambiario, BCRA)",flujo,none
2022-02-01,FAE_PRIV_NETA,-138.70379999999997,Formación de activos externos del sector privado no financiero (neta: ingresos − egresos; negativo = salida),USD mn,"datos.gob.ar (Balance Cambiario, BCRA)",flujo,none
2022-03-01,FAE_PRIV_NETA,-19.123699999999985,Formación de activos externos del sector privado no financiero (neta: ingresos − egresos; negativo = salida),USD mn,"datos.gob.ar (Balance Cambiario, BCRA)",flujo,none
2022-04-01,FAE_PRIV_NETA,-35.31899999999999,Formación de activos externos del sector privado no financiero (neta: ingresos − egresos; negativo = salida),USD mn,"datos.gob.ar (Balance Cambiario, BCRA)",flujo,none
2022-05-01,FAE_PRIV_NETA,-23.168300000000016,Formación de activos externos del sector privado no financiero (neta: ingresos − egresos; negativo = salida),USD mn,"datos.gob.ar (Balance Cambiario, BCRA)",flujo,none
2022-06-01,FAE_PRIV_NETA,-68.3167,Formación de activos externos del sector privado no financiero (neta: ingresos − egresos; negativo = salida),USD mn,"datos.gob.ar (Balance Cambiario, BCRA)",flujo,none
2022-07-01,FAE_PRIV_NETA,-179.15519999999998,Formación de activos externos del sector privado no financiero (neta: ingresos − egresos; negativo = salida),USD mn,"datos.gob.ar (Balance Cambiario, BCRA)",flujo,none
2022-08-01,FAE_PRIV_NETA,-186.37020000000004,Formación de activos externos del sector privado no financiero (neta: ingresos − egresos; negativo = salida),USD mn,"datos.gob.ar (Balance Cambiario, BCRA)",flujo,none
2022-09-01,FAE_PRIV_NETA,-107.30450000000002,Formación de activos externos del sector privado no financiero (neta: ingresos − egresos; negativo = salida),USD mn,"datos.gob.ar (Balance Cambiario, BCRA)",flujo,none
2022-10-01,FAE_PRIV_NETA,14.715300000000012,Formación de activos externos del sector privado no financiero (neta: ingresos − egresos; negativo = salida),USD mn,"datos.gob.ar (Balance Cambiario, BCRA)",flujo,none
2022-11-01,FAE_PRIV_NETA,56.4409,Formación de activos externos del sector privado no financiero (neta: ingresos − egresos; negativo = salida),USD mn,"datos.gob.ar (Balance Cambiario, BCRA)",flujo,none
2022-12-01,FAE_PRIV_NETA,95.20659999999998,Formación de activos externos del sector privado no financiero (neta: ingresos − egresos; negativo = salida),USD mn,"datos.gob.ar (Balance Cambiario, BCRA)",flujo,none
2023-01-01,FAE_PRIV_NETA,-84.6077,Formación de activos externos del sector privado no financiero (neta: ingresos − egresos; negativo = salida),USD mn,"datos.gob.ar (Balance Cambiario, BCRA)",flujo,none
2023-02-01,FAE_PRIV_NETA,-11.7825,Formación de activos externos del sector privado no financiero (neta: ingresos − egresos; negativo = salida),USD mn,"datos.gob.ar (Balance Cambiario, BCRA)",flujo,none
2023-03-01,FAE_PRIV_NETA,-4.085099999999983,Formación de activos externos del sector privado no financiero (neta: ingresos − egresos; negativo = salida),USD mn,"datos.gob.ar (Balance Cambiario, BCRA)",flujo,none
2023-04-01,FAE_PRIV_NETA,-404.9515,Formación de activos externos del sector privado no financiero (neta: ingresos − egresos; negativo = salida),USD mn,"datos.gob.ar (Balance Cambiario, BCRA)",flujo,none
2023-05-01,FAE_PRIV_NETA,-85.4176,Formación de activos externos del sector privado no financiero (neta: ingresos − egresos; negativo = salida),USD mn,"datos.gob.ar (Balance Cambiario, BCRA)",flujo,none
2023-06-01,FAE_PRIV_NETA,-3.250399999999985,Formación de activos externos del sector privado no financiero (neta: ingresos − egresos; negativo = salida),USD mn,"datos.gob.ar (Balance Cambiario, BCRA)",flujo,none
2023-07-01,FAE_PRIV_NETA,-199.93099999999995,Formación de activos externos del sector privado no financiero (neta: ingresos − egresos; negativo = salida),USD mn,"datos.gob.ar (Balance Cambiario, BCRA)",flujo,none
2023-08-01,FAE_PRIV_NETA,-93.3569,Formación de activos externos del sector privado no financiero (neta: ingresos − egresos; negativo = salida),USD mn,"datos.gob.ar (Balance Cambiario, BCRA)",flujo,none
2023-09-01,FAE_PRIV_NETA,-86.12810000000002,Formación de activos externos del sector privado no financiero (neta: ingresos − egresos; negativo = salida),USD mn,"datos.gob.ar (Balance Cambiario, BCRA)",flujo,none
2023-10-01,FAE_PRIV_NETA,-114.51979999999998,Formación de activos externos del sector privado no financiero (neta: ingresos − egresos; negativo = salida),USD mn,"datos.gob.ar (Balance Cambiario, BCRA)",flujo,none
2023-11-01,FAE_PRIV_NETA,3.7711000000000174,Formación de activos externos del sector privado no financiero (neta: ingresos − egresos; negativo = salida),USD mn,"datos.gob.ar (Balance Cambiario, BCRA)",flujo,none
2023-12-01,FAE_PRIV_NETA,327.94410000000005,Formación de activos externos del sector privado no financiero (neta: ingresos − egresos; negativo = salida),USD mn,"datos.gob.ar (Balance Cambiario, BCRA)",flujo,none
2024-01-01,FAE_PRIV_NETA,-22.2097,Formación de activos externos del sector privado no financiero (neta: ingresos − egresos; negativo = salida),USD mn,"datos.gob.ar (Balance Cambiario, BCRA)",flujo,none
2024-02-01,FAE_PRIV_NETA,94.486,Formación de activos externos del sector privado no financiero (neta: ingresos − egresos; negativo = salida),USD mn,"datos.gob.ar (Balance Cambiario, BCRA)",flujo,none
2024-03-01,FAE_PRIV_NETA,138.4498,Formación de activos externos del sector privado no financiero (neta: ingresos − egresos; negativo = salida),USD mn,"datos.gob.ar (Balance Cambiario, BCRA)",flujo,none
2024-04-01,FAE_PRIV_NETA,130.48830000000004,Formación de activos externos del sector privado no financiero (neta: ingresos − egresos; negativo = salida),USD mn,"datos.gob.ar (Balance Cambiario, BCRA)",flujo,none
2024-05-01,FAE_PRIV_NETA,93.7877,Formación de activos externos del sector privado no financiero (neta: ingresos − egresos; negativo = salida),USD mn,"datos.gob.ar (Balance Cambiario, BCRA)",flujo,none
2024-06-01,FAE_PRIV_NETA,133.40800000000002,Formación de activos externos del sector privado no financiero (neta: ingresos − egresos; negativo = salida),USD mn,"datos.gob.ar (Balance Cambiario, BCRA)",flujo,none
2024-07-01,FAE_PRIV_NETA,162.3286,Formación de activos externos del sector privado no financiero (neta: ingresos − egresos; negativo = salida),USD mn,"datos.gob.ar (Balance Cambiario, BCRA)",flujo,none
2024-08-01,FAE_PRIV_NETA,447.7259,Formación de activos externos del sector privado no financiero (neta: ingresos − egresos; negativo = salida),USD mn,"datos.gob.ar (Balance Cambiario, BCRA)",flujo,none
2024-09-01,FAE_PRIV_NETA,581.5007,Formación de activos externos del sector privado no financiero (neta: ingresos − egresos; negativo = salida),USD mn,"datos.gob.ar (Balance Cambiario, BCRA)",flujo,none
2024-10-01,FAE_PRIV_NETA,216.751,Formación de activos externos del sector privado no financiero (neta: ingresos − egresos; negativo = salida),USD mn,"datos.gob.ar (Balance Cambiario, BCRA)",flujo,none
2024-11-01,FAE_PRIV_NETA,112.6321,Formación de activos externos del sector privado no financiero (neta: ingresos − egresos; negativo = salida),USD mn,"datos.gob.ar (Balance Cambiario, BCRA)",flujo,none
2024-12-01,FAE_PRIV_NETA,224.4234,Formación de activos externos del sector privado no financiero (neta: ingresos − egresos; negativo = salida),USD mn,"datos.gob.ar (Balance Cambiario, BCRA)",flujo,none
2025-01-01,FAE_PRIV_NETA,129.6232,Formación de activos externos del sector privado no financiero (neta: ingresos − egresos; negativo = salida),USD mn,"datos.gob.ar (Balance Cambiario, BCRA)",flujo,none
2025-02-01,FAE_PRIV_NETA,238.7098,Formación de activos externos del sector privado no financiero (neta: ingresos − egresos; negativo = salida),USD mn,"datos.gob.ar (Balance Cambiario, BCRA)",flujo,none
2025-03-01,FAE_PRIV_NETA,162.9119,Formación de activos externos del sector privado no financiero (neta: ingresos − egresos; negativo = salida),USD mn,"datos.gob.ar (Balance Cambiario, BCRA)",flujo,none
2025-04-01,FAE_PRIV_NETA,-2020.9867,Formación de activos externos del sector privado no financiero (neta: ingresos − egresos; negativo = salida),USD mn,"datos.gob.ar (Balance Cambiario, BCRA)",flujo,none
2025-05-01,FAE_PRIV_NETA,-3225.9047,Formación de activos externos del sector privado no financiero (neta: ingresos − egresos; negativo = salida),USD mn,"datos.gob.ar (Balance Cambiario, BCRA)",flujo,none
2025-06-01,FAE_PRIV_NETA,-4051.0985,Formación de activos externos del sector privado no financiero (neta: ingresos − egresos; negativo = salida),USD mn,"datos.gob.ar (Balance Cambiario, BCRA)",flujo,none
2025-07-01,FAE_PRIV_NETA,-5432.405900000001,Formación de activos externos del sector privado no financiero (neta: ingresos − egresos; negativo = salida),USD mn,"datos.gob.ar (Balance Cambiario, BCRA)",flujo,none
2025-08-01,FAE_PRIV_NETA,-3188.0812,Formación de activos externos del sector privado no financiero (neta: ingresos − egresos; negativo = salida),USD mn,"datos.gob.ar (Balance Cambiario, BCRA)",flujo,none
2025-09-01,FAE_PRIV_NETA,-6577.2429,Formación de activos externos del sector privado no financiero (neta: ingresos − egresos; negativo = salida),USD mn,"datos.gob.ar (Balance Cambiario, BCRA)",flujo,none
2025-10-01,FAE_PRIV_NETA,-5433.8719,Formación de activos externos del sector privado no financiero (neta: ingresos − egresos; negativo = salida),USD mn,"datos.gob.ar (Balance Cambiario, BCRA)",flujo,none
2025-11-01,FAE_PRIV_NETA,-1118.9926,Formación de activos externos del sector privado no financiero (neta: ingresos − egresos; negativo = salida),USD mn,"datos.gob.ar (Balance Cambiario, BCRA)",flujo,none
2025-12-01,FAE_PRIV_NETA,-1822.3377,Formación de activos externos del sector privado no financiero (neta: ingresos − egresos; negativo = salida),USD mn,"datos.gob.ar (Balance Cambiario, BCRA)",flujo,none
2026-01-01,FAE_PRIV_NETA,-2729.5914,Formación de activos externos del sector privado no financiero (neta: ingresos − egresos; negativo = salida),USD mn,"datos.gob.ar (Balance Cambiario, BCRA)",flujo,none
2026-02-01,FAE_PRIV_NETA,-2131.1277,Formación de activos externos del sector privado no financiero (neta: ingresos − egresos; negativo = salida),USD mn,"datos.gob.ar (Balance Cambiario, BCRA)",flujo,none
2026-03-01,FAE_PRIV_NETA,-1782.0309000000002,Formación de activos externos del sector privado no financiero (neta: ingresos − egresos; negativo = salida),USD mn,"datos.gob.ar (Balance Cambiario, BCRA)",flujo,none
2026-04-01,FAE_PRIV_NETA,-2363.4516,Formación de activos externos del sector privado no financiero (neta: ingresos − egresos; negativo = salida),USD mn,"datos.gob.ar (Balance Cambiario, BCRA)",flujo,none
2026-05-01,FAE_PRIV_NETA,-1886.4482,Formación de activos externos del sector privado no financiero (neta: ingresos − egresos; negativo = salida),USD mn,"datos.gob.ar (Balance Cambiario, BCRA)",flujo,none
2026-06-01,FAE_PRIV_NETA,-2064.518,Formación de activos externos del sector privado no financiero (neta: ingresos − egresos; negativo = salida),USD mn,"datos.gob.ar (Balance Cambiario, BCRA)",flujo,none
2026-07-01,FAE_PRIV_NETA,-3143.2823,Formación de activos externos del sector privado no financiero (neta: ingresos − egresos; negativo = salida),USD mn,"datos.gob.ar (Balance Cambiario, BCRA)",flujo,none
2026-08-01,FAE_PRIV_NETA,-2677.482,Formación de activos externos del sector privado no financiero (neta: ingresos − egresos; negativo = salida),USD mn,"datos.gob.ar (Balance Cambiario, BCRA)",flujo,none
2016-06-01,M2,1035945.8239,M2 (fin de mes),ARS mn,BCRA,stock,last
2016-07-01,M2,1033922.0132,M2 (fin de mes),ARS mn,BCRA,stock,last
2016-08-01,M2,1050873.1509,M2 (fin de mes),ARS mn,BCRA,stock,last
2016-09-01,M2,1057410.2335,M2 (fin de mes),ARS mn,BCRA,stock,last
2016-10-01,M2,1091260.7021,M2 (fin de mes),ARS mn,BCRA,stock,last
2016-11-01,M2,1156963.8619,M2 (fin de mes),ARS mn,BCRA,stock,last
2016-12-01,M2,1372320.5171,M2 (fin de mes),ARS mn,BCRA,stock,last
2017-01-01,M2,1299315.0,M2 (fin de mes),ARS mn,BCRA,stock,last
2017-02-01,M2,1259273.0,M2 (fin de mes),ARS mn,BCRA,stock,last
2017-03-01,M2,1268118.0,M2 (fin de mes),ARS mn,BCRA,stock,last
2017-04-01,M2,1286361.0,M2 (fin de mes),ARS mn,BCRA,stock,last
2017-05-01,M2,1288583.0,M2 (fin de mes),ARS mn,BCRA,stock,last
2017-06-01,M2,1402451.0,M2 (fin de mes),ARS mn,BCRA,stock,last
2017-07-01,M2,1402443.0,M2 (fin de mes),ARS mn,BCRA,stock,last
2017-08-01,M2,1423476.0,M2 (fin de mes),ARS mn,BCRA,stock,last
2017-09-01,M2,1442077.0,M2 (fin de mes),ARS mn,BCRA,stock,last
2017-10-01,M2,1453672.0,M2 (fin de mes),ARS mn,BCRA,stock,last
2017-11-01,M2,1490868.0,M2 (fin de mes),ARS mn,BCRA,stock,last
2017-12-01,M2,1723907.0,M2 (fin de mes),ARS mn,BCRA,stock,last
2018-01-01,M2,1642608.0,M2 (fin de mes),ARS mn,BCRA,stock,last
2018-02-01,M2,1621055.8,M2 (fin de mes),ARS mn,BCRA,stock,last
2018-03-01,M2,1665415.0,M2 (fin de mes),ARS mn,BCRA,stock,last
2018-04-01,M2,1639969.0,M2 (fin de mes),ARS mn,BCRA,stock,last
2018-05-01,M2,1723925.0,M2 (fin de mes),ARS mn,BCRA,stock,last
2018-06-01,M2,1875657.0,M2 (fin de mes),ARS mn,BCRA,stock,last
2018-07-01,M2,1723733.0,M2 (fin de mes),ARS mn,BCRA,stock,last
2018-08-01,M2,1891817.0,M2 (fin de mes),ARS mn,BCRA,stock,last
2018-09-01,M2,1827316.0,M2 (fin de mes),ARS mn,BCRA,stock,last
2018-10-01,M2,1724110.0,M2 (fin de mes),ARS mn,BCRA,stock,last
2018-11-01,M2,1776575.4,M2 (fin de mes),ARS mn,BCRA,stock,last
2018-12-01,M2,2121891.0,M2 (fin de mes),ARS mn,BCRA,stock,last
2019-01-01,M2,1835011.0,M2 (fin de mes),ARS mn,BCRA,stock,last
2019-02-01,M2,1839564.8,M2 (fin de mes),ARS mn,BCRA,stock,last
2019-03-01,M2,1902839.0,M2 (fin de mes),ARS mn,BCRA,stock,last
2019-04-01,M2,1943918.0,M2 (fin de mes),ARS mn,BCRA,stock,last
2019-05-01,M2,1944916.0,M2 (fin de mes),ARS mn,BCRA,stock,last
2019-06-01,M2,2044934.0,M2 (fin de mes),ARS mn,BCRA,stock,last
2019-07-01,M2,2085152.0,M2 (fin de mes),ARS mn,BCRA,stock,last
2019-08-01,M2,2185665.0,M2 (fin de mes),ARS mn,BCRA,stock,last
2019-09-01,M2,2206198.0,M2 (fin de mes),ARS mn,BCRA,stock,last
2019-10-01,M2,2189626.0,M2 (fin de mes),ARS mn,BCRA,stock,last
2019-11-01,M2,2328738.0,M2 (fin de mes),ARS mn,BCRA,stock,last
2019-12-01,M2,2735901.0,M2 (fin de mes),ARS mn,BCRA,stock,last
2020-01-01,M2,2823436.0,M2 (fin de mes),ARS mn,BCRA,stock,last
2020-02-01,M2,2893044.0,M2 (fin de mes),ARS mn,BCRA,stock,last
2020-03-01,M2,3247106.0,M2 (fin de mes),ARS mn,BCRA,stock,last
2020-04-01,M2,3547911.0,M2 (fin de mes),ARS mn,BCRA,stock,last
2020-05-01,M2,3828255.0,M2 (fin de mes),ARS mn,BCRA,stock,last
2020-06-01,M2,4088335.0,M2 (fin de mes),ARS mn,BCRA,stock,last
2020-07-01,M2,4199414.0,M2 (fin de mes),ARS mn,BCRA,stock,last
2020-08-01,M2,4155272.0,M2 (fin de mes),ARS mn,BCRA,stock,last
2020-09-01,M2,4237168.0,M2 (fin de mes),ARS mn,BCRA,stock,last
2020-10-01,M2,4348844.0,M2 (fin de mes),ARS mn,BCRA,stock,last
2020-11-01,M2,4405288.0,M2 (fin de mes),ARS mn,BCRA,stock,last
2020-12-01,M2,4902460.0,M2 (fin de mes),ARS mn,BCRA,stock,last
2021-01-01,M2,4778563.0,M2 (fin de mes),ARS mn,BCRA,stock,last
2021-02-01,M2,4756858.0,M2 (fin de mes),ARS mn,BCRA,stock,last
2021-03-01,M2,4878938.0,M2 (fin de mes),ARS mn,BCRA,stock,last
2021-04-01,M2,5014380.0,M2 (fin de mes),ARS mn,BCRA,stock,last
2021-05-01,M2,5216324.0,M2 (fin de mes),ARS mn,BCRA,stock,last
2021-06-01,M2,5550010.0,M2 (fin de mes),ARS mn,BCRA,stock,last
2021-07-01,M2,5667359.0,M2 (fin de mes),ARS mn,BCRA,stock,last
2021-08-01,M2,5800361.0,M2 (fin de mes),ARS mn,BCRA,stock,last
2021-09-01,M2,6052571.0,M2 (fin de mes),ARS mn,BCRA,stock,last
2021-10-01,M2,6411444.0,M2 (fin de mes),ARS mn,BCRA,stock,last
2021-11-01,M2,6770724.0,M2 (fin de mes),ARS mn,BCRA,stock,last
2021-12-01,M2,7809297.0,M2 (fin de mes),ARS mn,BCRA,stock,last
2022-01-01,M2,7489231.0,M2 (fin de mes),ARS mn,BCRA,stock,last
2022-02-01,M2,7518148.0,M2 (fin de mes),ARS mn,BCRA,stock,last
2022-03-01,M2,7430984.0,M2 (fin de mes),ARS mn,BCRA,stock,last
2022-04-01,M2,7777368.0,M2 (fin de mes),ARS mn,BCRA,stock,last
2022-05-01,M2,8163439.0,M2 (fin de mes),ARS mn,BCRA,stock,last
2022-06-01,M2,9205225.0,M2 (fin de mes),ARS mn,BCRA,stock,last
2022-07-01,M2,9380335.0,M2 (fin de mes),ARS mn,BCRA,stock,last
2022-08-01,M2,9413906.0,M2 (fin de mes),ARS mn,BCRA,stock,last
2022-09-01,M2,10323756.0,M2 (fin de mes),ARS mn,BCRA,stock,last
2022-10-01,M2,10547344.0,M2 (fin de mes),ARS mn,BCRA,stock,last
2022-11-01,M2,11118879.0,M2 (fin de mes),ARS mn,BCRA,stock,last
2022-12-01,M2,13081865.0,M2 (fin de mes),ARS mn,BCRA,stock,last
2023-01-01,M2,12771212.0,M2 (fin de mes),ARS mn,BCRA,stock,last
2023-02-01,M2,13548125.0,M2 (fin de mes),ARS mn,BCRA,stock,last
2023-03-01,M2,13435273.0,M2 (fin de mes),ARS mn,BCRA,stock,last
2023-04-01,M2,14566351.0,M2 (fin de mes),ARS mn,BCRA,stock,last
2023-05-01,M2,15518729.0,M2 (fin de mes),ARS mn,BCRA,stock,last
2023-06-01,M2,17075301.0,M2 (fin de mes),ARS mn,BCRA,stock,last
2023-07-01,M2,18154402.0,M2 (fin de mes),ARS mn,BCRA,stock,last
2023-08-01,M2,19805469.0,M2 (fin de mes),ARS mn,BCRA,stock,last
2023-09-01,M2,21864602.0,M2 (fin de mes),ARS mn,BCRA,stock,last
2023-10-01,M2,24689883.0,M2 (fin de mes),ARS mn,BCRA,stock,last
2023-11-01,M2,23798533.0,M2 (fin de mes),ARS mn,BCRA,stock,last
2023-12-01,M2,35390205.0,M2 (fin de mes),ARS mn,BCRA,stock,last
2024-01-01,M2,36923296.0,M2 (fin de mes),ARS mn,BCRA,stock,last
2024-02-01,M2,37060554.0,M2 (fin de mes),ARS mn,BCRA,stock,last
2024-03-01,M2,37609336.0,M2 (fin de mes),ARS mn,BCRA,stock,last
2024-04-01,M2,39535344.0,M2 (fin de mes),ARS mn,BCRA,stock,last
2024-05-01,M2,45501598.0,M2 (fin de mes),ARS mn,BCRA,stock,last
2024-06-01,M2,51227974.0,M2 (fin de mes),ARS mn,BCRA,stock,last
2024-07-01,M2,52767940.0,M2 (fin de mes),ARS mn,BCRA,stock,last
2024-08-01,M2,54468705.0,M2 (fin de mes),ARS mn,BCRA,stock,last
2024-09-01,M2,57012577.0,M2 (fin de mes),ARS mn,BCRA,stock,last
2024-10-01,M2,58743216.0,M2 (fin de mes),ARS mn,BCRA,stock,last
2024-11-01,M2,61742077.0,M2 (fin de mes),ARS mn,BCRA,stock,last
2024-12-01,M2,71432723.0,M2 (fin de mes),ARS mn,BCRA,stock,last
2025-01-01,M2,67420660.0,M2 (fin de mes),ARS mn,BCRA,stock,last
2025-02-01,M2,65405151.0,M2 (fin de mes),ARS mn,BCRA,stock,last
2025-03-01,M2,69670839.0,M2 (fin de mes),ARS mn,BCRA,stock,last
2025-04-01,M2,74625973.0,M2 (fin de mes),ARS mn,BCRA,stock,last
2025-05-01,M2,75038578.0,M2 (fin de mes),ARS mn,BCRA,stock,last
2025-06-01,M2,81013790.0,M2 (fin de mes),ARS mn,BCRA,stock,last
2025-07-01,M2,80948295.0,M2 (fin de mes),ARS mn,BCRA,stock,last
2025-08-01,M2,78015406.0,M2 (fin de mes),ARS mn,BCRA,stock,last
2025-09-01,M2,79198461.0,M2 (fin de mes),ARS mn,BCRA,stock,last
2025-10-01,M2,77527954.0,M2 (fin de mes),ARS mn,BCRA,stock,last
2025-11-01,M2,84570949.0,M2 (fin de mes),ARS mn,BCRA,stock,last
2025-12-01,M2,94630472.0,M2 (fin de mes),ARS mn,BCRA,stock,last
2026-01-01,M2,82056876.0,M2 (fin de mes),ARS mn,BCRA,stock,last
2026-02-01,M2,84075277.0,M2 (fin de mes),ARS mn,BCRA,stock,last
2026-03-01,M2,84633524.0,M2 (fin de mes),ARS mn,BCRA,stock,last
2026-04-01,M2,84704309.0,M2 (fin de mes),ARS mn,BCRA,stock,last
2026-05-01,M2,87969157.0,M2 (fin de mes),ARS mn,BCRA,stock,last
2026-06-01,M2,94881304.0,M2 (fin de mes),ARS mn,BCRA,stock,last
2026-07-01,M2,95273925.0,M2 (fin de mes),ARS mn,BCRA,stock,last
2026-08-01,M2,95231750.0,M2 (fin de mes),ARS mn,BCRA,stock,last
2026-09-01,M2,95880872.0,M2 (fin de mes),ARS mn,BCRA,stock,last
2016-06-01,RESERVAS_BRUTAS,30507.0,Reservas internacionales (fin de mes),USD mn,BCRA,stock,last
2016-07-01,RESERVAS_BRUTAS,32511.0,Reservas internacionales (fin de mes),USD mn,BCRA,stock,last
2016-08-01,RESERVAS_BRUTAS,31150.0,Reservas internacionales (fin de mes),USD mn,BCRA,stock,last
2016-09-01,RESERVAS_BRUTAS,29902.0,Reservas internacionales (fin de mes),USD mn,BCRA,stock,last
2016-10-01,RESERVAS_BRUTAS,37210.0,Reservas internacionales (fin de mes),USD mn,BCRA,stock,last
2016-11-01,RESERVAS_BRUTAS,37378.0,Reservas internacionales (fin de mes),USD mn,BCRA,stock,last
2016-12-01,RESERVAS_BRUTAS,39308.0,Reservas internacionales (fin de mes),USD mn,BCRA,stock,last
2017-01-01,RESERVAS_BRUTAS,46887.0,Reservas internacionales (fin de mes),USD mn,BCRA,stock,last
2017-02-01,RESERVAS_BRUTAS,50608.0,Reservas internacionales (fin de mes),USD mn,BCRA,stock,last
2017-03-01,RESERVAS_BRUTAS,50522.0,Reservas internacionales (fin de mes),USD mn,BCRA,stock,last
2017-04-01,RESERVAS_BRUTAS,48217.0,Reservas internacionales (fin de mes),USD mn,BCRA,stock,last
2017-05-01,RESERVAS_BRUTAS,46146.0,Reservas internacionales (fin de mes),USD mn,BCRA,stock,last
2017-06-01,RESERVAS_BRUTAS,47995.0,Reservas internacionales (fin de mes),USD mn,BCRA,stock,last
2017-07-01,RESERVAS_BRUTAS,47014.0,Reservas internacionales (fin de mes),USD mn,BCRA,stock,last
2017-08-01,RESERVAS_BRUTAS,48877.0,Reservas internacionales (fin de mes),USD mn,BCRA,stock,last
2017-09-01,RESERVAS_BRUTAS,50237.0,Reservas internacionales (fin de mes),USD mn,BCRA,stock,last
2017-10-01,RESERVAS_BRUTAS,51810.0,Reservas internacionales (fin de mes),USD mn,BCRA,stock,last
2017-11-01,RESERVAS_BRUTAS,54563.0,Reservas internacionales (fin de mes),USD mn,BCRA,stock,last
2017-12-01,RESERVAS_BRUTAS,55055.0,Reservas internacionales (fin de mes),USD mn,BCRA,stock,last
2018-01-01,RESERVAS_BRUTAS,62024.0,Reservas internacionales (fin de mes),USD mn,BCRA,stock,last
2018-02-01,RESERVAS_BRUTAS,61509.0,Reservas internacionales (fin de mes),USD mn,BCRA,stock,last
2018-03-01,RESERVAS_BRUTAS,61726.0,Reservas internacionales (fin de mes),USD mn,BCRA,stock,last
2018-04-01,RESERVAS_BRUTAS,56623.0,Reservas internacionales (fin de mes),USD mn,BCRA,stock,last
2018-05-01,RESERVAS_BRUTAS,50098.0,Reservas internacionales (fin de mes),USD mn,BCRA,stock,last
2018-06-01,RESERVAS_BRUTAS,61881.0,Reservas internacionales (fin de mes),USD mn,BCRA,stock,last
2018-07-01,RESERVAS_BRUTAS,57996.0,Reservas internacionales (fin de mes),USD mn,BCRA,stock,last
2018-08-01,RESERVAS_BRUTAS,52658.0,Reservas internacionales (fin de mes),USD mn,BCRA,stock,last
2018-09-01,RESERVAS_BRUTAS,49003.0,Reservas internacionales (fin de mes),USD mn,BCRA,stock,last
2018-10-01,RESERVAS_BRUTAS,53955.0,Reservas internacionales (fin de mes),USD mn,BCRA,stock,last
2018-11-01,RESERVAS_BRUTAS,51193.0,Reservas internacionales (fin de mes),USD mn,BCRA,stock,last
2018-12-01,RESERVAS_BRUTAS,65786.0,Reservas internacionales (fin de mes),USD mn,BCRA,stock,last
2019-01-01,RESERVAS_BRUTAS,66811.0,Reservas internacionales (fin de mes),USD mn,BCRA,stock,last
2019-02-01,RESERVAS_BRUTAS,68015.0,Reservas internacionales (fin de mes),USD mn,BCRA,stock,last
2019-03-01,RESERVAS_BRUTAS,66187.0,Reservas internacionales (fin de mes),USD mn,BCRA,stock,last
2019-04-01,RESERVAS_BRUTAS,71663.0,Reservas internacionales (fin de mes),USD mn,BCRA,stock,last
2019-05-01,RESERVAS_BRUTAS,64779.0,Reservas internacionales (fin de mes),USD mn,BCRA,stock,last
2019-06-01,RESERVAS_BRUTAS,64278.0,Reservas internacionales (fin de mes),USD mn,BCRA,stock,last
2019-07-01,RESERVAS_BRUTAS,67899.0,Reservas internacionales (fin de mes),USD mn,BCRA,stock,last
2019-08-01,RESERVAS_BRUTAS,54100.0,Reservas internacionales (fin de mes),USD mn,BCRA,stock,last
2019-09-01,RESERVAS_BRUTAS,48703.0,Reservas internacionales (fin de mes),USD mn,BCRA,stock,last
2019-10-01,RESERVAS_BRUTAS,43260.0,Reservas internacionales (fin de mes),USD mn,BCRA,stock,last
2019-11-01,RESERVAS_BRUTAS,43772.0,Reservas internacionales (fin de mes),USD mn,BCRA,stock,last
2019-12-01,RESERVAS_BRUTAS,44848.0,Reservas internacionales (fin de mes),USD mn,BCRA,stock,last
2020-01-01,RESERVAS_BRUTAS,44917.0,Reservas internacionales (fin de mes),USD mn,BCRA,stock,last
2020-02-01,RESERVAS_BRUTAS,44791.0,Reservas internacionales (fin de mes),USD mn,BCRA,stock,last
2020-03-01,RESERVAS_BRUTAS,43561.0,Reservas internacionales (fin de mes),USD mn,BCRA,stock,last
2020-04-01,RESERVAS_BRUTAS,43568.0,Reservas internacionales (fin de mes),USD mn,BCRA,stock,last
2020-05-01,RESERVAS_BRUTAS,42589.0,Reservas internacionales (fin de mes),USD mn,BCRA,stock,last
2020-06-01,RESERVAS_BRUTAS,43242.0,Reservas internacionales (fin de mes),USD mn,BCRA,stock,last
2020-07-01,RESERVAS_BRUTAS,43386.0,Reservas internacionales (fin de mes),USD mn,BCRA,stock,last
2020-08-01,RESERVAS_BRUTAS,42842.0,Reservas internacionales (fin de mes),USD mn,BCRA,stock,last
2020-09-01,RESERVAS_BRUTAS,41379.0,Reservas internacionales (fin de mes),USD mn,BCRA,stock,last
2020-10-01,RESERVAS_BRUTAS,39856.0,Reservas internacionales (fin de mes),USD mn,BCRA,stock,last
2020-11-01,RESERVAS_BRUTAS,38652.0,Reservas internacionales (fin de mes),USD mn,BCRA,stock,last
2020-12-01,RESERVAS_BRUTAS,39387.0,Reservas internacionales (fin de mes),USD mn,BCRA,stock,last
2021-01-01,RESERVAS_BRUTAS,39515.0,Reservas internacionales (fin de mes),USD mn,BCRA,stock,last
2021-02-01,RESERVAS_BRUTAS,39518.0,Reservas internacionales (fin de mes),USD mn,BCRA,stock,last
2021-03-01,RESERVAS_BRUTAS,39593.0,Reservas internacionales (fin de mes),USD mn,BCRA,stock,last
2021-04-01,RESERVAS_BRUTAS,40263.0,Reservas internacionales (fin de mes),USD mn,BCRA,stock,last
2021-05-01,RESERVAS_BRUTAS,41872.0,Reservas internacionales (fin de mes),USD mn,BCRA,stock,last
2021-06-01,RESERVAS_BRUTAS,42437.0,Reservas internacionales (fin de mes),USD mn,BCRA,stock,last
2021-07-01,RESERVAS_BRUTAS,42582.0,Reservas internacionales (fin de mes),USD mn,BCRA,stock,last
2021-08-01,RESERVAS_BRUTAS,46180.0,Reservas internacionales (fin de mes),USD mn,BCRA,stock,last
2021-09-01,RESERVAS_BRUTAS,42911.0,Reservas internacionales (fin de mes),USD mn,BCRA,stock,last
2021-10-01,RESERVAS_BRUTAS,42817.0,Reservas internacionales (fin de mes),USD mn,BCRA,stock,last
2021-11-01,RESERVAS_BRUTAS,41530.0,Reservas internacionales (fin de mes),USD mn,BCRA,stock,last
2021-12-01,RESERVAS_BRUTAS,39662.0,Reservas internacionales (fin de mes),USD mn,BCRA,stock,last
2022-01-01,RESERVAS_BRUTAS,37589.0,Reservas internacionales (fin de mes),USD mn,BCRA,stock,last
2022-02-01,RESERVAS_BRUTAS,37018.0,Reservas internacionales (fin de mes),USD mn,BCRA,stock,last
2022-03-01,RESERVAS_BRUTAS,43137.0,Reservas internacionales (fin de mes),USD mn,BCRA,stock,last
2022-04-01,RESERVAS_BRUTAS,42007.0,Reservas internacionales (fin de mes),USD mn,BCRA,stock,last
2022-05-01,RESERVAS_BRUTAS,41561.0,Reservas internacionales (fin de mes),USD mn,BCRA,stock,last
2022-06-01,RESERVAS_BRUTAS,42787.0,Reservas internacionales (fin de mes),USD mn,BCRA,stock,last
2022-07-01,RESERVAS_BRUTAS,38232.0,Reservas internacionales (fin de mes),USD mn,BCRA,stock,last
2022-08-01,RESERVAS_BRUTAS,36734.0,Reservas internacionales (fin de mes),USD mn,BCRA,stock,last
2022-09-01,RESERVAS_BRUTAS,37625.0,Reservas internacionales (fin de mes),USD mn,BCRA,stock,last
2022-10-01,RESERVAS_BRUTAS,38676.0,Reservas internacionales (fin de mes),USD mn,BCRA,stock,last
2022-11-01,RESERVAS_BRUTAS,38009.0,Reservas internacionales (fin de mes),USD mn,BCRA,stock,last
2022-12-01,RESERVAS_BRUTAS,44598.0,Reservas internacionales (fin de mes),USD mn,BCRA,stock,last
2023-01-01,RESERVAS_BRUTAS,41417.0,Reservas internacionales (fin de mes),USD mn,BCRA,stock,last
2023-02-01,RESERVAS_BRUTAS,38709.0,Reservas internacionales (fin de mes),USD mn,BCRA,stock,last
2023-03-01,RESERVAS_BRUTAS,39060.0,Reservas internacionales (fin de mes),USD mn,BCRA,stock,last
2023-04-01,RESERVAS_BRUTAS,35001.0,Reservas internacionales (fin de mes),USD mn,BCRA,stock,last
2023-05-01,RESERVAS_BRUTAS,33001.0,Reservas internacionales (fin de mes),USD mn,BCRA,stock,last
2023-06-01,RESERVAS_BRUTAS,27926.0,Reservas internacionales (fin de mes),USD mn,BCRA,stock,last
2023-07-01,RESERVAS_BRUTAS,24092.0,Reservas internacionales (fin de mes),USD mn,BCRA,stock,last
2023-08-01,RESERVAS_BRUTAS,27818.0,Reservas internacionales (fin de mes),USD mn,BCRA,stock,last
2023-09-01,RESERVAS_BRUTAS,26925.0,Reservas internacionales (fin de mes),USD mn,BCRA,stock,last
2023-10-01,RESERVAS_BRUTAS,22559.0,Reservas internacionales (fin de mes),USD mn,BCRA,stock,last
2023-11-01,RESERVAS_BRUTAS,21513.0,Reservas internacionales (fin de mes),USD mn,BCRA,stock,last
2023-12-01,RESERVAS_BRUTAS,23073.0,Reservas internacionales (fin de mes),USD mn,BCRA,stock,last
2024-01-01,RESERVAS_BRUTAS,27642.0,Reservas internacionales (fin de mes),USD mn,BCRA,stock,last
2024-02-01,RESERVAS_BRUTAS,26690.0,Reservas internacionales (fin de mes),USD mn,BCRA,stock,last
2024-03-01,RESERVAS_BRUTAS,27127.0,Reservas internacionales (fin de mes),USD mn,BCRA,stock,last
2024-04-01,RESERVAS_BRUTAS,27578.0,Reservas internacionales (fin de mes),USD mn,BCRA,stock,last
2024-05-01,RESERVAS_BRUTAS,28664.0,Reservas internacionales (fin de mes),USD mn,BCRA,stock,last
2024-06-01,RESERVAS_BRUTAS,29022.0,Reservas internacionales (fin de mes),USD mn,BCRA,stock,last
2024-07-01,RESERVAS_BRUTAS,26402.0,Reservas internacionales (fin de mes),USD mn,BCRA,stock,last
2024-08-01,RESERVAS_BRUTAS,26719.0,Reservas internacionales (fin de mes),USD mn,BCRA,stock,last
2024-09-01,RESERVAS_BRUTAS,27172.0,Reservas internacionales (fin de mes),USD mn,BCRA,stock,last
2024-10-01,RESERVAS_BRUTAS,28618.0,Reservas internacionales (fin de mes),USD mn,BCRA,stock,last
2024-11-01,RESERVAS_BRUTAS,30214.0,Reservas internacionales (fin de mes),USD mn,BCRA,stock,last
2024-12-01,RESERVAS_BRUTAS,29640.0,Reservas internacionales (fin de mes),USD mn,BCRA,stock,last
2025-01-01,RESERVAS_BRUTAS,28310.0,Reservas internacionales (fin de mes),USD mn,BCRA,stock,last
2025-02-01,RESERVAS_BRUTAS,28117.0,Reservas internacionales (fin de mes),USD mn,BCRA,stock,last
2025-03-01,RESERVAS_BRUTAS,24986.0,Reservas internacionales (fin de mes),USD mn,BCRA,stock,last
2025-04-01,RESERVAS_BRUTAS,38928.0,Reservas internacionales (fin de mes),USD mn,BCRA,stock,last
2025-05-01,RESERVAS_BRUTAS,36919.0,Reservas internacionales (fin de mes),USD mn,BCRA,stock,last
2025-06-01,RESERVAS_BRUTAS,39973.0,Reservas internacionales (fin de mes),USD mn,BCRA,stock,last
2025-07-01,RESERVAS_BRUTAS,38866.0,Reservas internacionales (fin de mes),USD mn,BCRA,stock,last
2025-08-01,RESERVAS_BRUTAS,39986.0,Reservas internacionales (fin de mes),USD mn,BCRA,stock,last
2025-09-01,RESERVAS_BRUTAS,40374.0,Reservas internacionales (fin de mes),USD mn,BCRA,stock,last
2025-10-01,RESERVAS_BRUTAS,39382.0,Reservas internacionales (fin de mes),USD mn,BCRA,stock,last
2025-11-01,RESERVAS_BRUTAS,40335.0,Reservas internacionales (fin de mes),USD mn,BCRA,stock,last
2025-12-01,RESERVAS_BRUTAS,41095.0,Reservas internacionales (fin de mes),USD mn,BCRA,stock,last
2026-01-01,RESERVAS_BRUTAS,44503.0,Reservas internacionales (fin de mes),USD mn,BCRA,stock,last
2026-02-01,RESERVAS_BRUTAS,45566.0,Reservas internacionales (fin de mes),USD mn,BCRA,stock,last
2026-03-01,RESERVAS_BRUTAS,42052.0,Reservas internacionales (fin de mes),USD mn,BCRA,stock,last
2026-04-01,RESERVAS_BRUTAS,44516.0,Reservas internacionales (fin de mes),USD mn,BCRA,stock,last
2026-05-01,RESERVAS_BRUTAS,48193.0,Reservas internacionales (fin de mes),USD mn,BCRA,stock,last
2026-06-01,RESERVAS_BRUTAS,44870.0,Reservas internacionales (fin de mes),USD mn,BCRA,stock,last
2026-07-01,RESERVAS_BRUTAS,47599.0,Reservas internacionales (fin de mes),USD mn,BCRA,stock,last
2026-08-01,RESERVAS_BRUTAS,48259.0,Reservas internacionales (fin de mes),USD mn,BCRA,stock,last
2026-09-01,RESERVAS_BRUTAS,46092.0,Reservas internacionales (fin de mes),USD mn,BCRA,stock,last
2016-06-01,RIESGO_PAIS,518.0,Riesgo país (fin de mes),pb,ArgentinaDatos (terceros),indicador,last
2016-07-01,RIESGO_PAIS,521.0,Riesgo país (fin de mes),pb,ArgentinaDatos (terceros),indicador,last
2016-08-01,RIESGO_PAIS,454.0,Riesgo país (fin de mes),pb,ArgentinaDatos (terceros),indicador,last
2016-09-01,RIESGO_PAIS,439.0,Riesgo país (fin de mes),pb,ArgentinaDatos (terceros),indicador,last
2016-10-01,RIESGO_PAIS,451.0,Riesgo país (fin de mes),pb,ArgentinaDatos (terceros),indicador,last
2016-11-01,RIESGO_PAIS,515.0,Riesgo país (fin de mes),pb,ArgentinaDatos (terceros),indicador,last
2016-12-01,RIESGO_PAIS,455.0,Riesgo país (fin de mes),pb,ArgentinaDatos (terceros),indicador,last
2017-01-01,RIESGO_PAIS,469.0,Riesgo país (fin de mes),pb,ArgentinaDatos (terceros),indicador,last
2017-02-01,RIESGO_PAIS,466.0,Riesgo país (fin de mes),pb,ArgentinaDatos (terceros),indicador,last
2017-03-01,RIESGO_PAIS,452.0,Riesgo país (fin de mes),pb,ArgentinaDatos (terceros),indicador,last
2017-04-01,RIESGO_PAIS,415.0,Riesgo país (fin de mes),pb,ArgentinaDatos (terceros),indicador,last
2017-05-01,RIESGO_PAIS,407.0,Riesgo país (fin de mes),pb,ArgentinaDatos (terceros),indicador,last
2017-06-01,RIESGO_PAIS,432.0,Riesgo país (fin de mes),pb,ArgentinaDatos (terceros),indicador,last
2017-07-01,RIESGO_PAIS,439.0,Riesgo país (fin de mes),pb,ArgentinaDatos (terceros),indicador,last
2017-08-01,RIESGO_PAIS,393.0,Riesgo país (fin de mes),pb,ArgentinaDatos (terceros),indicador,last
2017-09-01,RIESGO_PAIS,367.0,Riesgo país (fin de mes),pb,ArgentinaDatos (terceros),indicador,last
2017-10-01,RIESGO_PAIS,361.0,Riesgo país (fin de mes),pb,ArgentinaDatos (terceros),indicador,last
2017-11-01,RIESGO_PAIS,357.0,Riesgo país (fin de mes),pb,ArgentinaDatos (terceros),indicador,last
2017-12-01,RIESGO_PAIS,351.0,Riesgo país (fin de mes),pb,ArgentinaDatos (terceros),indicador,last
2018-01-01,RIESGO_PAIS,374.0,Riesgo país (fin de mes),pb,ArgentinaDatos (terceros),indicador,last
2018-02-01,RIESGO_PAIS,404.0,Riesgo país (fin de mes),pb,ArgentinaDatos (terceros),indicador,last
2018-03-01,RIESGO_PAIS,420.0,Riesgo país (fin de mes),pb,ArgentinaDatos (terceros),indicador,last
2018-04-01,RIESGO_PAIS,430.0,Riesgo país (fin de mes),pb,ArgentinaDatos (terceros),indicador,last
2018-05-01,RIESGO_PAIS,524.0,Riesgo país (fin de mes),pb,ArgentinaDatos (terceros),indicador,last
2018-06-01,RIESGO_PAIS,610.0,Riesgo país (fin de mes),pb,ArgentinaDatos (terceros),indicador,last
2018-07-01,RIESGO_PAIS,558.0,Riesgo país (fin de mes),pb,ArgentinaDatos (terceros),indicador,last
2018-08-01,RIESGO_PAIS,771.0,Riesgo país (fin de mes),pb,ArgentinaDatos (terceros),indicador,last
2018-09-01,RIESGO_PAIS,623.0,Riesgo país (fin de mes),pb,ArgentinaDatos (terceros),indicador,last
2018-10-01,RIESGO_PAIS,652.0,Riesgo país (fin de mes),pb,ArgentinaDatos (terceros),indicador,last
2018-11-01,RIESGO_PAIS,706.0,Riesgo país (fin de mes),pb,ArgentinaDatos (terceros),indicador,last
2018-12-01,RIESGO_PAIS,817.0,Riesgo país (fin de mes),pb,ArgentinaDatos (terceros),indicador,last
2019-01-01,RIESGO_PAIS,676.0,Riesgo país (fin de mes),pb,ArgentinaDatos (terceros),indicador,last
2019-02-01,RIESGO_PAIS,697.0,Riesgo país (fin de mes),pb,ArgentinaDatos (terceros),indicador,last
2019-03-01,RIESGO_PAIS,774.0,Riesgo país (fin de mes),pb,ArgentinaDatos (terceros),indicador,last
2019-04-01,RIESGO_PAIS,950.0,Riesgo país (fin de mes),pb,ArgentinaDatos (terceros),indicador,last
2019-05-01,RIESGO_PAIS,985.0,Riesgo país (fin de mes),pb,ArgentinaDatos (terceros),indicador,last
2019-06-01,RIESGO_PAIS,835.0,Riesgo país (fin de mes),pb,ArgentinaDatos (terceros),indicador,last
2019-07-01,RIESGO_PAIS,781.0,Riesgo país (fin de mes),pb,ArgentinaDatos (terceros),indicador,last
2019-08-01,RIESGO_PAIS,2532.0,Riesgo país (fin de mes),pb,ArgentinaDatos (terceros),indicador,last
2019-09-01,RIESGO_PAIS,2143.0,Riesgo país (fin de mes),pb,ArgentinaDatos (terceros),indicador,last
2019-10-01,RIESGO_PAIS,2278.0,Riesgo país (fin de mes),pb,ArgentinaDatos (terceros),indicador,last
2019-11-01,RIESGO_PAIS,2262.0,Riesgo país (fin de mes),pb,ArgentinaDatos (terceros),indicador,last
2019-12-01,RIESGO_PAIS,1744.0,Riesgo país (fin de mes),pb,ArgentinaDatos (terceros),indicador,last
2020-01-01,RIESGO_PAIS,2068.0,Riesgo país (fin de mes),pb,ArgentinaDatos (terceros),indicador,last
2020-02-01,RIESGO_PAIS,2283.0,Riesgo país (fin de mes),pb,ArgentinaDatos (terceros),indicador,last
2020-03-01,RIESGO_PAIS,3803.0,Riesgo país (fin de mes),pb,ArgentinaDatos (terceros),indicador,last
2020-04-01,RIESGO_PAIS,3472.0,Riesgo país (fin de mes),pb,ArgentinaDatos (terceros),indicador,last
2020-05-01,RIESGO_PAIS,2627.0,Riesgo país (fin de mes),pb,ArgentinaDatos (terceros),indicador,last
2020-06-01,RIESGO_PAIS,2495.0,Riesgo país (fin de mes),pb,ArgentinaDatos (terceros),indicador,last
2020-07-01,RIESGO_PAIS,2263.0,Riesgo país (fin de mes),pb,ArgentinaDatos (terceros),indicador,last
2020-08-01,RIESGO_PAIS,2147.0,Riesgo país (fin de mes),pb,ArgentinaDatos (terceros),indicador,last
2020-09-01,RIESGO_PAIS,1300.0,Riesgo país (fin de mes),pb,ArgentinaDatos (terceros),indicador,last
2020-10-01,RIESGO_PAIS,1482.0,Riesgo país (fin de mes),pb,ArgentinaDatos (terceros),indicador,last
2020-11-01,RIESGO_PAIS,1410.0,Riesgo país (fin de mes),pb,ArgentinaDatos (terceros),indicador,last
2020-12-01,RIESGO_PAIS,1368.0,Riesgo país (fin de mes),pb,ArgentinaDatos (terceros),indicador,last
2021-01-01,RIESGO_PAIS,1445.0,Riesgo país (fin de mes),pb,ArgentinaDatos (terceros),indicador,last
2021-02-01,RIESGO_PAIS,1511.0,Riesgo país (fin de mes),pb,ArgentinaDatos (terceros),indicador,last
2021-03-01,RIESGO_PAIS,1589.0,Riesgo país (fin de mes),pb,ArgentinaDatos (terceros),indicador,last
2021-04-01,RIESGO_PAIS,1551.0,Riesgo país (fin de mes),pb,ArgentinaDatos (terceros),indicador,last
2021-05-01,RIESGO_PAIS,1508.0,Riesgo país (fin de mes),pb,ArgentinaDatos (terceros),indicador,last
2021-06-01,RIESGO_PAIS,1596.0,Riesgo país (fin de mes),pb,ArgentinaDatos (terceros),indicador,last
2021-07-01,RIESGO_PAIS,1591.0,Riesgo país (fin de mes),pb,ArgentinaDatos (terceros),indicador,last
2021-08-01,RIESGO_PAIS,1513.0,Riesgo país (fin de mes),pb,ArgentinaDatos (terceros),indicador,last
2021-09-01,RIESGO_PAIS,1607.0,Riesgo país (fin de mes),pb,ArgentinaDatos (terceros),indicador,last
2021-10-01,RIESGO_PAIS,1712.0,Riesgo país (fin de mes),pb,ArgentinaDatos (terceros),indicador,last
2021-11-01,RIESGO_PAIS,1914.0,Riesgo país (fin de mes),pb,ArgentinaDatos (terceros),indicador,last
2021-12-01,RIESGO_PAIS,1688.0,Riesgo país (fin de mes),pb,ArgentinaDatos (terceros),indicador,last
2022-01-01,RIESGO_PAIS,1723.0,Riesgo país (fin de mes),pb,ArgentinaDatos (terceros),indicador,last
2022-02-01,RIESGO_PAIS,1816.0,Riesgo país (fin de mes),pb,ArgentinaDatos (terceros),indicador,last
2022-03-01,RIESGO_PAIS,1718.0,Riesgo país (fin de mes),pb,ArgentinaDatos (terceros),indicador,last
2022-04-01,RIESGO_PAIS,1801.0,Riesgo país (fin de mes),pb,ArgentinaDatos (terceros),indicador,last
2022-05-01,RIESGO_PAIS,1918.0,Riesgo país (fin de mes),pb,ArgentinaDatos (terceros),indicador,last
2022-06-01,RIESGO_PAIS,2428.0,Riesgo país (fin de mes),pb,ArgentinaDatos (terceros),indicador,last
2022-07-01,RIESGO_PAIS,2398.0,Riesgo país (fin de mes),pb,ArgentinaDatos (terceros),indicador,last
2022-08-01,RIESGO_PAIS,2385.0,Riesgo país (fin de mes),pb,ArgentinaDatos (terceros),indicador,last
2022-09-01,RIESGO_PAIS,2754.0,Riesgo país (fin de mes),pb,ArgentinaDatos (terceros),indicador,last
2022-10-01,RIESGO_PAIS,2625.0,Riesgo país (fin de mes),pb,ArgentinaDatos (terceros),indicador,last
2022-11-01,RIESGO_PAIS,2248.0,Riesgo país (fin de mes),pb,ArgentinaDatos (terceros),indicador,last
2022-12-01,RIESGO_PAIS,2213.0,Riesgo país (fin de mes),pb,ArgentinaDatos (terceros),indicador,last
2023-01-01,RIESGO_PAIS,1817.0,Riesgo país (fin de mes),pb,ArgentinaDatos (terceros),indicador,last
2023-02-01,RIESGO_PAIS,1965.0,Riesgo país (fin de mes),pb,ArgentinaDatos (terceros),indicador,last
2023-03-01,RIESGO_PAIS,2276.0,Riesgo país (fin de mes),pb,ArgentinaDatos (terceros),indicador,last
2023-04-01,RIESGO_PAIS,2656.0,Riesgo país (fin de mes),pb,ArgentinaDatos (terceros),indicador,last
2023-05-01,RIESGO_PAIS,2590.0,Riesgo país (fin de mes),pb,ArgentinaDatos (terceros),indicador,last
2023-06-01,RIESGO_PAIS,2037.0,Riesgo país (fin de mes),pb,ArgentinaDatos (terceros),indicador,last
2023-07-01,RIESGO_PAIS,1980.0,Riesgo país (fin de mes),pb,ArgentinaDatos (terceros),indicador,last
2023-08-01,RIESGO_PAIS,2105.0,Riesgo país (fin de mes),pb,ArgentinaDatos (terceros),indicador,last
2023-09-01,RIESGO_PAIS,2543.0,Riesgo país (fin de mes),pb,ArgentinaDatos (terceros),indicador,last
2023-10-01,RIESGO_PAIS,2577.0,Riesgo país (fin de mes),pb,ArgentinaDatos (terceros),indicador,last
2023-11-01,RIESGO_PAIS,1982.0,Riesgo país (fin de mes),pb,ArgentinaDatos (terceros),indicador,last
2023-12-01,RIESGO_PAIS,1906.0,Riesgo país (fin de mes),pb,ArgentinaDatos (terceros),indicador,last
2024-01-01,RIESGO_PAIS,1950.0,Riesgo país (fin de mes),pb,ArgentinaDatos (terceros),indicador,last
2024-02-01,RIESGO_PAIS,1705.0,Riesgo país (fin de mes),pb,ArgentinaDatos (terceros),indicador,last
2024-03-01,RIESGO_PAIS,1439.0,Riesgo país (fin de mes),pb,ArgentinaDatos (terceros),indicador,last
2024-04-01,RIESGO_PAIS,1216.0,Riesgo país (fin de mes),pb,ArgentinaDatos (terceros),indicador,last
2024-05-01,RIESGO_PAIS,1312.0,Riesgo país (fin de mes),pb,ArgentinaDatos (terceros),indicador,last
2024-06-01,RIESGO_PAIS,1456.0,Riesgo país (fin de mes),pb,ArgentinaDatos (terceros),indicador,last
2024-07-01,RIESGO_PAIS,1507.0,Riesgo país (fin de mes),pb,ArgentinaDatos (terceros),indicador,last
2024-08-01,RIESGO_PAIS,1433.0,Riesgo país (fin de mes),pb,ArgentinaDatos (terceros),indicador,last
2024-09-01,RIESGO_PAIS,1290.0,Riesgo país (fin de mes),pb,ArgentinaDatos (terceros),indicador,last
2024-10-01,RIESGO_PAIS,984.0,Riesgo país (fin de mes),pb,ArgentinaDatos (terceros),indicador,last
2024-11-01,RIESGO_PAIS,752.0,Riesgo país (fin de mes),pb,ArgentinaDatos (terceros),indicador,last
2024-12-01,RIESGO_PAIS,635.0,Riesgo país (fin de mes),pb,ArgentinaDatos (terceros),indicador,last
2025-01-01,RIESGO_PAIS,618.0,Riesgo país (fin de mes),pb,ArgentinaDatos (terceros),indicador,last
2025-02-01,RIESGO_PAIS,780.0,Riesgo país (fin de mes),pb,ArgentinaDatos (terceros),indicador,last
2025-03-01,RIESGO_PAIS,816.0,Riesgo país (fin de mes),pb,ArgentinaDatos (terceros),indicador,last
2025-04-01,RIESGO_PAIS,726.0,Riesgo país (fin de mes),pb,ArgentinaDatos (terceros),indicador,last
2025-05-01,RIESGO_PAIS,663.0,Riesgo país (fin de mes),pb,ArgentinaDatos (terceros),indicador,last
2025-06-01,RIESGO_PAIS,701.0,Riesgo país (fin de mes),pb,ArgentinaDatos (terceros),indicador,last
2025-07-01,RIESGO_PAIS,730.0,Riesgo país (fin de mes),pb,ArgentinaDatos (terceros),indicador,last
2025-08-01,RIESGO_PAIS,829.0,Riesgo país (fin de mes),pb,ArgentinaDatos (terceros),indicador,last
2025-09-01,RIESGO_PAIS,1222.0,Riesgo país (fin de mes),pb,ArgentinaDatos (terceros),indicador,last
2025-10-01,RIESGO_PAIS,657.0,Riesgo país (fin de mes),pb,ArgentinaDatos (terceros),indicador,last
2025-11-01,RIESGO_PAIS,648.0,Riesgo país (fin de mes),pb,ArgentinaDatos (terceros),indicador,last
2025-12-01,RIESGO_PAIS,571.0,Riesgo país (fin de mes),pb,ArgentinaDatos (terceros),indicador,last
2026-01-01,RIESGO_PAIS,496.0,Riesgo país (fin de mes),pb,ArgentinaDatos (terceros),indicador,last
2026-02-01,RIESGO_PAIS,572.0,Riesgo país (fin de mes),pb,ArgentinaDatos (terceros),indicador,last
2026-03-01,RIESGO_PAIS,617.0,Riesgo país (fin de mes),pb,ArgentinaDatos (terceros),indicador,last
2026-04-01,RIESGO_PAIS,567.0,Riesgo país (fin de mes),pb,ArgentinaDatos (terceros),indicador,last
2026-05-01,RIESGO_PAIS,493.0,Riesgo país (fin de mes),pb,ArgentinaDatos (terceros),indicador,last
2026-06-01,RIESGO_PAIS,426.0,Riesgo país (fin de mes),pb,ArgentinaDatos (terceros),indicador,last
2026-07-01,RIESGO_PAIS,430.0,Riesgo país (fin de mes),pb,ArgentinaDatos (terceros),indicador,last
2026-08-01,RIESGO_PAIS,512.0,Riesgo país (fin de mes),pb,ArgentinaDatos (terceros),indicador,last
2026-09-01,RIESGO_PAIS,607.0,Riesgo país (fin de mes),pb,ArgentinaDatos (terceros),indicador,last
